seal_sha256,draw,pipeline,axis,t_name,is_identity,r_name,k,n_eff,n_raw,p_hat,cp_lcb,accepted,skipped_low_neff,in_signature
f73ca3324a321d80dc3d63e6bf4afa9f6240cdfd0a658acacbe7209dc8c1b144,0,f_track,identity,identity,1,R_eq_omega,300,300,300,1.0,0.9754,1,0,0
f73ca3324a321d80dc3d63e6bf4afa9f6240cdfd0a658acacbe7209dc8c1b144,0,f_track,identity,identity,1,R_up_omega,0,300,300,0.0,0.0,0,0,0
f73ca3324a321d80dc3d63e6bf4afa9f6240cdfd0a658acacbe7209dc8c1b144,0,f_track,identity,identity,1,R_down_omega,0,300,300,0.0,0.0,0,0,0
f73ca3324a321d80dc3d63e6bf4afa9f6240cdfd0a658acacbe7209dc8c1b144,0,f_track,identity,identity,1,R_sign_eq,300,300,300,1.0,0.9754,1,0,0
f73ca3324a321d80dc3d63e6bf4afa9f6240cdfd0a658acacbe7209dc8c1b144,0,f_track,order,permute_founders,0,R_eq_omega,222,222,300,1.0,0.9669,1,0,1
f73ca3324a321d80dc3d63e6bf4afa9f6240cdfd0a658acacbe7209dc8c1b144,0,f_track,order,permute_founders,0,R_up_omega,0,222,300,0.0,0.0,0,0,0
f73ca3324a321d80dc3d63e6bf4afa9f6240cdfd0a658acacbe7209dc8c1b144,0,f_track,order,permute_founders,0,R_down_omega,0,222,300,0.0,0.0,0,0,0
f73ca3324a321d80dc3d63e6bf4afa9f6240cdfd0a658acacbe7209dc8c1b144,0,f_track,order,permute_founders,0,R_sign_eq,222,222,300,1.0,0.9669,1,0,1
f73ca3324a321d80dc3d63e6bf4afa9f6240cdfd0a658acacbe7209dc8c1b144,0,f_track,order,permute_risks,0,R_eq_omega,204,204,300,1.0,0.964,1,0,1
f73ca3324a321d80dc3d63e6bf4afa9f6240cdfd0a658acacbe7209dc8c1b144,0,f_track,order,permute_risks,0,R_up_omega,0,204,300,0.0,0.0,0,0,0
f73ca3324a321d80dc3d63e6bf4afa9f6240cdfd0a658acacbe7209dc8c1b144,0,f_track,order,permute_risks,0,R_down_omega,0,204,300,0.0,0.0,0,0,0
f73ca3324a321d80dc3d63e6bf4afa9f6240cdfd0a658acacbe7209dc8c1b144,0,f_track,order,permute_risks,0,R_sign_eq,204,204,300,1.0,0.964,1,0,1
f73ca3324a321d80dc3d63e6bf4afa9f6240cdfd0a658acacbe7209dc8c1b144,0,f_track,optional,replace_description,0,R_eq_omega,300,300,300,1.0,0.9754,1,0,1
f73ca3324a321d80dc3d63e6bf4afa9f6240cdfd0a658acacbe7209dc8c1b144,0,f_track,optional,replace_description,0,R_up_omega,0,300,300,0.0,0.0,0,0,0
f73ca3324a321d80dc3d63e6bf4afa9f6240cdfd0a658acacbe7209dc8c1b144,0,f_track,optional,replace_description,0,R_down_omega,0,300,300,0.0,0.0,0,0,0
f73ca3324a321d80dc3d63e6bf4afa9f6240cdfd0a658acacbe7209dc8c1b144,0,f_track,optional,replace_description,0,R_sign_eq,300,300,300,1.0,0.9754,1,0,1
f73ca3324a321d80dc3d63e6bf4afa9f6240cdfd0a658acacbe7209dc8c1b144,0,f_track,optional,blank_description,0,R_eq_omega,300,300,300,1.0,0.9754,1,0,1
f73ca3324a321d80dc3d63e6bf4afa9f6240cdfd0a658acacbe7209dc8c1b144,0,f_track,optional,blank_description,0,R_up_omega,0,300,300,0.0,0.0,0,0,0
f73ca3324a321d80dc3d63e6bf4afa9f6240cdfd0a658acacbe7209dc8c1b144,0,f_track,optional,blank_description,0,R_down_omega,0,300,300,0.0,0.0,0,0,0
f73ca3324a321d80dc3d63e6bf4afa9f6240cdfd0a658acacbe7209dc8c1b144,0,f_track,optional,blank_description,0,R_sign_eq,300,300,300,1.0,0.9754,1,0,1
f73ca3324a321d80dc3d63e6bf4afa9f6240cdfd0a658acacbe7209dc8c1b144,0,f_track,non_rule_fact,add_risk_item,0,R_eq_omega,300,300,300,1.0,0.9754,1,0,1
f73ca3324a321d80dc3d63e6bf4afa9f6240cdfd0a658acacbe7209dc8c1b144,0,f_track,non_rule_fact,add_risk_item,0,R_up_omega,0,300,300,0.0,0.0,0,0,0
f73ca3324a321d80dc3d63e6bf4afa9f6240cdfd0a658acacbe7209dc8c1b144,0,f_track,non_rule_fact,add_risk_item,0,R_down_omega,0,300,300,0.0,0.0,0,0,0
f73ca3324a321d80dc3d63e6bf4afa9f6240cdfd0a658acacbe7209dc8c1b144,0,f_track,non_rule_fact,add_risk_item,0,R_sign_eq,300,300,300,1.0,0.9754,1,0,1
f73ca3324a321d80dc3d63e6bf4afa9f6240cdfd0a658acacbe7209dc8c1b144,0,f_track,non_rule_fact,drop_risk_item,0,R_eq_omega,256,256,300,1.0,0.9712,1,0,1
f73ca3324a321d80dc3d63e6bf4afa9f6240cdfd0a658acacbe7209dc8c1b144,0,f_track,non_rule_fact,drop_risk_item,0,R_up_omega,0,256,300,0.0,0.0,0,0,0
f73ca3324a321d80dc3d63e6bf4afa9f6240cdfd0a658acacbe7209dc8c1b144,0,f_track,non_rule_fact,drop_risk_item,0,R_down_omega,0,256,300,0.0,0.0,0,0,0
f73ca3324a321d80dc3d63e6bf4afa9f6240cdfd0a658acacbe7209dc8c1b144,0,f_track,non_rule_fact,drop_risk_item,0,R_sign_eq,256,256,300,1.0,0.9712,1,0,1
f73ca3324a321d80dc3d63e6bf4afa9f6240cdfd0a658acacbe7209dc8c1b144,0,f_track,non_rule_fact,bump_founder_experience,0,R_eq_omega,300,300,300,1.0,0.9754,1,0,1
f73ca3324a321d80dc3d63e6bf4afa9f6240cdfd0a658acacbe7209dc8c1b144,0,f_track,non_rule_fact,bump_founder_experience,0,R_up_omega,0,300,300,0.0,0.0,0,0,0
f73ca3324a321d80dc3d63e6bf4afa9f6240cdfd0a658acacbe7209dc8c1b144,0,f_track,non_rule_fact,bump_founder_experience,0,R_down_omega,0,300,300,0.0,0.0,0,0,0
f73ca3324a321d80dc3d63e6bf4afa9f6240cdfd0a658acacbe7209dc8c1b144,0,f_track,non_rule_fact,bump_founder_experience,0,R_sign_eq,300,300,300,1.0,0.9754,1,0,1
f73ca3324a321d80dc3d63e6bf4afa9f6240cdfd0a658acacbe7209dc8c1b144,0,f_track,rule_threshold,strengthen_revenue_threshold,0,R_eq_omega,243,300,300,0.81,0.7274,0,0,0
f73ca3324a321d80dc3d63e6bf4afa9f6240cdfd0a658acacbe7209dc8c1b144,0,f_track,rule_threshold,strengthen_revenue_threshold,0,R_up_omega,0,300,300,0.0,0.0,0,0,0
f73ca3324a321d80dc3d63e6bf4afa9f6240cdfd0a658acacbe7209dc8c1b144,0,f_track,rule_threshold,strengthen_revenue_threshold,0,R_down_omega,57,300,300,0.19,0.1229,0,0,0
f73ca3324a321d80dc3d63e6bf4afa9f6240cdfd0a658acacbe7209dc8c1b144,0,f_track,rule_threshold,strengthen_revenue_threshold,0,R_sign_eq,271,300,300,0.9033,0.836,0,0,0
f73ca3324a321d80dc3d63e6bf4afa9f6240cdfd0a658acacbe7209dc8c1b144,0,f_track,rule_threshold,weaken_revenue_threshold,0,R_eq_omega,246,300,300,0.82,0.7386,0,0,0
f73ca3324a321d80dc3d63e6bf4afa9f6240cdfd0a658acacbe7209dc8c1b144,0,f_track,rule_threshold,weaken_revenue_threshold,0,R_up_omega,54,300,300,0.18,0.1147,0,0,0
f73ca3324a321d80dc3d63e6bf4afa9f6240cdfd0a658acacbe7209dc8c1b144,0,f_track,rule_threshold,weaken_revenue_threshold,0,R_down_omega,0,300,300,0.0,0.0,0,0,0
f73ca3324a321d80dc3d63e6bf4afa9f6240cdfd0a658acacbe7209dc8c1b144,0,f_track,rule_threshold,weaken_revenue_threshold,0,R_sign_eq,274,300,300,0.9133,0.8484,0,0,0
f73ca3324a321d80dc3d63e6bf4afa9f6240cdfd0a658acacbe7209dc8c1b144,0,f_track,rule_threshold,strengthen_team_threshold,0,R_eq_omega,219,300,300,0.73,0.6399,0,0,0
f73ca3324a321d80dc3d63e6bf4afa9f6240cdfd0a658acacbe7209dc8c1b144,0,f_track,rule_threshold,strengthen_team_threshold,0,R_up_omega,0,300,300,0.0,0.0,0,0,0
f73ca3324a321d80dc3d63e6bf4afa9f6240cdfd0a658acacbe7209dc8c1b144,0,f_track,rule_threshold,strengthen_team_threshold,0,R_down_omega,81,300,300,0.27,0.1914,0,0,0
f73ca3324a321d80dc3d63e6bf4afa9f6240cdfd0a658acacbe7209dc8c1b144,0,f_track,rule_threshold,strengthen_team_threshold,0,R_sign_eq,256,300,300,0.8533,0.7767,0,0,0
f73ca3324a321d80dc3d63e6bf4afa9f6240cdfd0a658acacbe7209dc8c1b144,0,f_track,rule_threshold,weaken_team_threshold,0,R_eq_omega,262,300,300,0.8733,0.8,0,0,0
f73ca3324a321d80dc3d63e6bf4afa9f6240cdfd0a658acacbe7209dc8c1b144,0,f_track,rule_threshold,weaken_team_threshold,0,R_up_omega,38,300,300,0.1267,0.0722,0,0,0
f73ca3324a321d80dc3d63e6bf4afa9f6240cdfd0a658acacbe7209dc8c1b144,0,f_track,rule_threshold,weaken_team_threshold,0,R_down_omega,0,300,300,0.0,0.0,0,0,0
f73ca3324a321d80dc3d63e6bf4afa9f6240cdfd0a658acacbe7209dc8c1b144,0,f_track,rule_threshold,weaken_team_threshold,0,R_sign_eq,274,300,300,0.9133,0.8484,0,0,0
f73ca3324a321d80dc3d63e6bf4afa9f6240cdfd0a658acacbe7209dc8c1b144,0,f_track,rule_threshold,strengthen_risk_threshold,0,R_eq_omega,230,300,300,0.7667,0.6795,0,0,0
f73ca3324a321d80dc3d63e6bf4afa9f6240cdfd0a658acacbe7209dc8c1b144,0,f_track,rule_threshold,strengthen_risk_threshold,0,R_up_omega,0,300,300,0.0,0.0,0,0,0
f73ca3324a321d80dc3d63e6bf4afa9f6240cdfd0a658acacbe7209dc8c1b144,0,f_track,rule_threshold,strengthen_risk_threshold,0,R_down_omega,70,300,300,0.2333,0.1595,0,0,0
f73ca3324a321d80dc3d63e6bf4afa9f6240cdfd0a658acacbe7209dc8c1b144,0,f_track,rule_threshold,strengthen_risk_threshold,0,R_sign_eq,265,300,300,0.8833,0.8119,0,0,0
f73ca3324a321d80dc3d63e6bf4afa9f6240cdfd0a658acacbe7209dc8c1b144,0,f_track,rule_threshold,weaken_risk_threshold,0,R_eq_omega,206,300,300,0.6867,0.594,0,0,0
f73ca3324a321d80dc3d63e6bf4afa9f6240cdfd0a658acacbe7209dc8c1b144,0,f_track,rule_threshold,weaken_risk_threshold,0,R_up_omega,94,300,300,0.3133,0.23,0,0,0
f73ca3324a321d80dc3d63e6bf4afa9f6240cdfd0a658acacbe7209dc8c1b144,0,f_track,rule_threshold,weaken_risk_threshold,0,R_down_omega,0,300,300,0.0,0.0,0,0,0
f73ca3324a321d80dc3d63e6bf4afa9f6240cdfd0a658acacbe7209dc8c1b144,0,f_track,rule_threshold,weaken_risk_threshold,0,R_sign_eq,259,300,300,0.8633,0.7883,0,0,0
f73ca3324a321d80dc3d63e6bf4afa9f6240cdfd0a658acacbe7209dc8c1b144,0,f_track,rule_clause,add_strict_clause,0,R_eq_omega,161,300,300,0.5367,0.4413,0,0,0
f73ca3324a321d80dc3d63e6bf4afa9f6240cdfd0a658acacbe7209dc8c1b144,0,f_track,rule_clause,add_strict_clause,0,R_up_omega,0,300,300,0.0,0.0,0,0,0
f73ca3324a321d80dc3d63e6bf4afa9f6240cdfd0a658acacbe7209dc8c1b144,0,f_track,rule_clause,add_strict_clause,0,R_down_omega,158,300,300,0.5267,0.4315,0,0,0
f73ca3324a321d80dc3d63e6bf4afa9f6240cdfd0a658acacbe7209dc8c1b144,0,f_track,rule_clause,add_strict_clause,0,R_sign_eq,293,300,300,0.9767,0.9333,1,0,1
f73ca3324a321d80dc3d63e6bf4afa9f6240cdfd0a658acacbe7209dc8c1b144,0,f_track,rule_clause,remove_last_clause,0,R_eq_omega,149,300,300,0.4967,0.4021,0,0,0
f73ca3324a321d80dc3d63e6bf4afa9f6240cdfd0a658acacbe7209dc8c1b144,0,f_track,rule_clause,remove_last_clause,0,R_up_omega,89,300,300,0.2967,0.215,0,0,0
f73ca3324a321d80dc3d63e6bf4afa9f6240cdfd0a658acacbe7209dc8c1b144,0,f_track,rule_clause,remove_last_clause,0,R_down_omega,66,300,300,0.22,0.1481,0,0,0
f73ca3324a321d80dc3d63e6bf4afa9f6240cdfd0a658acacbe7209dc8c1b144,0,f_track,rule_clause,remove_last_clause,0,R_sign_eq,257,300,300,0.8567,0.7805,0,0,0
f73ca3324a321d80dc3d63e6bf4afa9f6240cdfd0a658acacbe7209dc8c1b144,0,f_track,case_fact,case_revenue_up,0,R_eq_omega,246,300,300,0.82,0.7386,0,0,0
f73ca3324a321d80dc3d63e6bf4afa9f6240cdfd0a658acacbe7209dc8c1b144,0,f_track,case_fact,case_revenue_up,0,R_up_omega,54,300,300,0.18,0.1147,0,0,0
f73ca3324a321d80dc3d63e6bf4afa9f6240cdfd0a658acacbe7209dc8c1b144,0,f_track,case_fact,case_revenue_up,0,R_down_omega,0,300,300,0.0,0.0,0,0,0
f73ca3324a321d80dc3d63e6bf4afa9f6240cdfd0a658acacbe7209dc8c1b144,0,f_track,case_fact,case_revenue_up,0,R_sign_eq,274,300,300,0.9133,0.8484,0,0,0
f73ca3324a321d80dc3d63e6bf4afa9f6240cdfd0a658acacbe7209dc8c1b144,0,f_track,case_fact,case_revenue_down,0,R_eq_omega,243,300,300,0.81,0.7274,0,0,0
f73ca3324a321d80dc3d63e6bf4afa9f6240cdfd0a658acacbe7209dc8c1b144,0,f_track,case_fact,case_revenue_down,0,R_up_omega,0,300,300,0.0,0.0,0,0,0
f73ca3324a321d80dc3d63e6bf4afa9f6240cdfd0a658acacbe7209dc8c1b144,0,f_track,case_fact,case_revenue_down,0,R_down_omega,57,300,300,0.19,0.1229,0,0,0
f73ca3324a321d80dc3d63e6bf4afa9f6240cdfd0a658acacbe7209dc8c1b144,0,f_track,case_fact,case_revenue_down,0,R_sign_eq,271,300,300,0.9033,0.836,0,0,0
f73ca3324a321d80dc3d63e6bf4afa9f6240cdfd0a658acacbe7209dc8c1b144,0,f_track,case_fact,case_team_plus,0,R_eq_omega,262,300,300,0.8733,0.8,0,0,0
f73ca3324a321d80dc3d63e6bf4afa9f6240cdfd0a658acacbe7209dc8c1b144,0,f_track,case_fact,case_team_plus,0,R_up_omega,38,300,300,0.1267,0.0722,0,0,0
f73ca3324a321d80dc3d63e6bf4afa9f6240cdfd0a658acacbe7209dc8c1b144,0,f_track,case_fact,case_team_plus,0,R_down_omega,0,300,300,0.0,0.0,0,0,0
f73ca3324a321d80dc3d63e6bf4afa9f6240cdfd0a658acacbe7209dc8c1b144,0,f_track,case_fact,case_team_plus,0,R_sign_eq,274,300,300,0.9133,0.8484,0,0,0
f73ca3324a321d80dc3d63e6bf4afa9f6240cdfd0a658acacbe7209dc8c1b144,0,f_track,case_fact,case_team_minus,0,R_eq_omega,257,300,300,0.8567,0.7805,0,0,0
f73ca3324a321d80dc3d63e6bf4afa9f6240cdfd0a658acacbe7209dc8c1b144,0,f_track,case_fact,case_team_minus,0,R_up_omega,0,300,300,0.0,0.0,0,0,0
f73ca3324a321d80dc3d63e6bf4afa9f6240cdfd0a658acacbe7209dc8c1b144,0,f_track,case_fact,case_team_minus,0,R_down_omega,43,300,300,0.1433,0.0852,0,0,0
f73ca3324a321d80dc3d63e6bf4afa9f6240cdfd0a658acacbe7209dc8c1b144,0,f_track,case_fact,case_team_minus,0,R_sign_eq,278,300,300,0.9267,0.8651,0,0,0
f73ca3324a321d80dc3d63e6bf4afa9f6240cdfd0a658acacbe7209dc8c1b144,0,f_track,case_fact,case_risk_up,0,R_eq_omega,199,300,300,0.6633,0.5696,0,0,0
f73ca3324a321d80dc3d63e6bf4afa9f6240cdfd0a658acacbe7209dc8c1b144,0,f_track,case_fact,case_risk_up,0,R_up_omega,0,300,300,0.0,0.0,0,0,0
f73ca3324a321d80dc3d63e6bf4afa9f6240cdfd0a658acacbe7209dc8c1b144,0,f_track,case_fact,case_risk_up,0,R_down_omega,101,300,300,0.3367,0.2511,0,0,0
f73ca3324a321d80dc3d63e6bf4afa9f6240cdfd0a658acacbe7209dc8c1b144,0,f_track,case_fact,case_risk_up,0,R_sign_eq,248,300,300,0.8267,0.7461,0,0,0
f73ca3324a321d80dc3d63e6bf4afa9f6240cdfd0a658acacbe7209dc8c1b144,0,f_track,case_fact,case_risk_down,0,R_eq_omega,206,300,300,0.6867,0.594,0,0,0
f73ca3324a321d80dc3d63e6bf4afa9f6240cdfd0a658acacbe7209dc8c1b144,0,f_track,case_fact,case_risk_down,0,R_up_omega,94,300,300,0.3133,0.23,0,0,0
f73ca3324a321d80dc3d63e6bf4afa9f6240cdfd0a658acacbe7209dc8c1b144,0,f_track,case_fact,case_risk_down,0,R_down_omega,0,300,300,0.0,0.0,0,0,0
f73ca3324a321d80dc3d63e6bf4afa9f6240cdfd0a658acacbe7209dc8c1b144,0,f_track,case_fact,case_risk_down,0,R_sign_eq,259,300,300,0.8633,0.7883,0,0,0
f73ca3324a321d80dc3d63e6bf4afa9f6240cdfd0a658acacbe7209dc8c1b144,0,f_ruleblind,identity,identity,1,R_eq_omega,300,300,300,1.0,0.9754,1,0,0
f73ca3324a321d80dc3d63e6bf4afa9f6240cdfd0a658acacbe7209dc8c1b144,0,f_ruleblind,identity,identity,1,R_up_omega,0,300,300,0.0,0.0,0,0,0
f73ca3324a321d80dc3d63e6bf4afa9f6240cdfd0a658acacbe7209dc8c1b144,0,f_ruleblind,identity,identity,1,R_down_omega,0,300,300,0.0,0.0,0,0,0
f73ca3324a321d80dc3d63e6bf4afa9f6240cdfd0a658acacbe7209dc8c1b144,0,f_ruleblind,identity,identity,1,R_sign_eq,298,300,300,0.9933,0.961,1,0,0
f73ca3324a321d80dc3d63e6bf4afa9f6240cdfd0a658acacbe7209dc8c1b144,0,f_ruleblind,order,permute_founders,0,R_eq_omega,222,222,300,1.0,0.9669,1,0,1
f73ca3324a321d80dc3d63e6bf4afa9f6240cdfd0a658acacbe7209dc8c1b144,0,f_ruleblind,order,permute_founders,0,R_up_omega,0,222,300,0.0,0.0,0,0,0
f73ca3324a321d80dc3d63e6bf4afa9f6240cdfd0a658acacbe7209dc8c1b144,0,f_ruleblind,order,permute_founders,0,R_down_omega,0,222,300,0.0,0.0,0,0,0
f73ca3324a321d80dc3d63e6bf4afa9f6240cdfd0a658acacbe7209dc8c1b144,0,f_ruleblind,order,permute_founders,0,R_sign_eq,221,222,300,0.9955,0.9565,1,0,1
f73ca3324a321d80dc3d63e6bf4afa9f6240cdfd0a658acacbe7209dc8c1b144,0,f_ruleblind,order,permute_risks,0,R_eq_omega,204,204,300,1.0,0.964,1,0,1
f73ca3324a321d80dc3d63e6bf4afa9f6240cdfd0a658acacbe7209dc8c1b144,0,f_ruleblind,order,permute_risks,0,R_up_omega,0,204,300,0.0,0.0,0,0,0
f73ca3324a321d80dc3d63e6bf4afa9f6240cdfd0a658acacbe7209dc8c1b144,0,f_ruleblind,order,permute_risks,0,R_down_omega,0,204,300,0.0,0.0,0,0,0
f73ca3324a321d80dc3d63e6bf4afa9f6240cdfd0a658acacbe7209dc8c1b144,0,f_ruleblind,order,permute_risks,0,R_sign_eq,204,204,300,1.0,0.964,1,0,1
f73ca3324a321d80dc3d63e6bf4afa9f6240cdfd0a658acacbe7209dc8c1b144,0,f_ruleblind,optional,replace_description,0,R_eq_omega,300,300,300,1.0,0.9754,1,0,1
f73ca3324a321d80dc3d63e6bf4afa9f6240cdfd0a658acacbe7209dc8c1b144,0,f_ruleblind,optional,replace_description,0,R_up_omega,0,300,300,0.0,0.0,0,0,0
f73ca3324a321d80dc3d63e6bf4afa9f6240cdfd0a658acacbe7209dc8c1b144,0,f_ruleblind,optional,replace_description,0,R_down_omega,0,300,300,0.0,0.0,0,0,0
f73ca3324a321d80dc3d63e6bf4afa9f6240cdfd0a658acacbe7209dc8c1b144,0,f_ruleblind,optional,replace_description,0,R_sign_eq,298,300,300,0.9933,0.961,1,0,1
f73ca3324a321d80dc3d63e6bf4afa9f6240cdfd0a658acacbe7209dc8c1b144,0,f_ruleblind,optional,blank_description,0,R_eq_omega,300,300,300,1.0,0.9754,1,0,1
f73ca3324a321d80dc3d63e6bf4afa9f6240cdfd0a658acacbe7209dc8c1b144,0,f_ruleblind,optional,blank_description,0,R_up_omega,0,300,300,0.0,0.0,0,0,0
f73ca3324a321d80dc3d63e6bf4afa9f6240cdfd0a658acacbe7209dc8c1b144,0,f_ruleblind,optional,blank_description,0,R_down_omega,0,300,300,0.0,0.0,0,0,0
f73ca3324a321d80dc3d63e6bf4afa9f6240cdfd0a658acacbe7209dc8c1b144,0,f_ruleblind,optional,blank_description,0,R_sign_eq,298,300,300,0.9933,0.961,1,0,1
f73ca3324a321d80dc3d63e6bf4afa9f6240cdfd0a658acacbe7209dc8c1b144,0,f_ruleblind,non_rule_fact,add_risk_item,0,R_eq_omega,300,300,300,1.0,0.9754,1,0,1
f73ca3324a321d80dc3d63e6bf4afa9f6240cdfd0a658acacbe7209dc8c1b144,0,f_ruleblind,non_rule_fact,add_risk_item,0,R_up_omega,0,300,300,0.0,0.0,0,0,0
f73ca3324a321d80dc3d63e6bf4afa9f6240cdfd0a658acacbe7209dc8c1b144,0,f_ruleblind,non_rule_fact,add_risk_item,0,R_down_omega,0,300,300,0.0,0.0,0,0,0
f73ca3324a321d80dc3d63e6bf4afa9f6240cdfd0a658acacbe7209dc8c1b144,0,f_ruleblind,non_rule_fact,add_risk_item,0,R_sign_eq,298,300,300,0.9933,0.961,1,0,1
f73ca3324a321d80dc3d63e6bf4afa9f6240cdfd0a658acacbe7209dc8c1b144,0,f_ruleblind,non_rule_fact,drop_risk_item,0,R_eq_omega,256,256,300,1.0,0.9712,1,0,1
f73ca3324a321d80dc3d63e6bf4afa9f6240cdfd0a658acacbe7209dc8c1b144,0,f_ruleblind,non_rule_fact,drop_risk_item,0,R_up_omega,0,256,300,0.0,0.0,0,0,0
f73ca3324a321d80dc3d63e6bf4afa9f6240cdfd0a658acacbe7209dc8c1b144,0,f_ruleblind,non_rule_fact,drop_risk_item,0,R_down_omega,0,256,300,0.0,0.0,0,0,0
f73ca3324a321d80dc3d63e6bf4afa9f6240cdfd0a658acacbe7209dc8c1b144,0,f_ruleblind,non_rule_fact,drop_risk_item,0,R_sign_eq,255,256,300,0.9961,0.9622,1,0,1
f73ca3324a321d80dc3d63e6bf4afa9f6240cdfd0a658acacbe7209dc8c1b144,0,f_ruleblind,non_rule_fact,bump_founder_experience,0,R_eq_omega,300,300,300,1.0,0.9754,1,0,1
f73ca3324a321d80dc3d63e6bf4afa9f6240cdfd0a658acacbe7209dc8c1b144,0,f_ruleblind,non_rule_fact,bump_founder_experience,0,R_up_omega,0,300,300,0.0,0.0,0,0,0
f73ca3324a321d80dc3d63e6bf4afa9f6240cdfd0a658acacbe7209dc8c1b144,0,f_ruleblind,non_rule_fact,bump_founder_experience,0,R_down_omega,0,300,300,0.0,0.0,0,0,0
f73ca3324a321d80dc3d63e6bf4afa9f6240cdfd0a658acacbe7209dc8c1b144,0,f_ruleblind,non_rule_fact,bump_founder_experience,0,R_sign_eq,298,300,300,0.9933,0.961,1,0,1
f73ca3324a321d80dc3d63e6bf4afa9f6240cdfd0a658acacbe7209dc8c1b144,0,f_ruleblind,rule_threshold,strengthen_revenue_threshold,0,R_eq_omega,300,300,300,1.0,0.9754,1,0,1
f73ca3324a321d80dc3d63e6bf4afa9f6240cdfd0a658acacbe7209dc8c1b144,0,f_ruleblind,rule_threshold,strengthen_revenue_threshold,0,R_up_omega,0,300,300,0.0,0.0,0,0,0
f73ca3324a321d80dc3d63e6bf4afa9f6240cdfd0a658acacbe7209dc8c1b144,0,f_ruleblind,rule_threshold,strengthen_revenue_threshold,0,R_down_omega,0,300,300,0.0,0.0,0,0,0
f73ca3324a321d80dc3d63e6bf4afa9f6240cdfd0a658acacbe7209dc8c1b144,0,f_ruleblind,rule_threshold,strengthen_revenue_threshold,0,R_sign_eq,298,300,300,0.9933,0.961,1,0,1
f73ca3324a321d80dc3d63e6bf4afa9f6240cdfd0a658acacbe7209dc8c1b144,0,f_ruleblind,rule_threshold,weaken_revenue_threshold,0,R_eq_omega,300,300,300,1.0,0.9754,1,0,1
f73ca3324a321d80dc3d63e6bf4afa9f6240cdfd0a658acacbe7209dc8c1b144,0,f_ruleblind,rule_threshold,weaken_revenue_threshold,0,R_up_omega,0,300,300,0.0,0.0,0,0,0
f73ca3324a321d80dc3d63e6bf4afa9f6240cdfd0a658acacbe7209dc8c1b144,0,f_ruleblind,rule_threshold,weaken_revenue_threshold,0,R_down_omega,0,300,300,0.0,0.0,0,0,0
f73ca3324a321d80dc3d63e6bf4afa9f6240cdfd0a658acacbe7209dc8c1b144,0,f_ruleblind,rule_threshold,weaken_revenue_threshold,0,R_sign_eq,298,300,300,0.9933,0.961,1,0,1
f73ca3324a321d80dc3d63e6bf4afa9f6240cdfd0a658acacbe7209dc8c1b144,0,f_ruleblind,rule_threshold,strengthen_team_threshold,0,R_eq_omega,300,300,300,1.0,0.9754,1,0,1
f73ca3324a321d80dc3d63e6bf4afa9f6240cdfd0a658acacbe7209dc8c1b144,0,f_ruleblind,rule_threshold,strengthen_team_threshold,0,R_up_omega,0,300,300,0.0,0.0,0,0,0
f73ca3324a321d80dc3d63e6bf4afa9f6240cdfd0a658acacbe7209dc8c1b144,0,f_ruleblind,rule_threshold,strengthen_team_threshold,0,R_down_omega,0,300,300,0.0,0.0,0,0,0
f73ca3324a321d80dc3d63e6bf4afa9f6240cdfd0a658acacbe7209dc8c1b144,0,f_ruleblind,rule_threshold,strengthen_team_threshold,0,R_sign_eq,298,300,300,0.9933,0.961,1,0,1
f73ca3324a321d80dc3d63e6bf4afa9f6240cdfd0a658acacbe7209dc8c1b144,0,f_ruleblind,rule_threshold,weaken_team_threshold,0,R_eq_omega,300,300,300,1.0,0.9754,1,0,1
f73ca3324a321d80dc3d63e6bf4afa9f6240cdfd0a658acacbe7209dc8c1b144,0,f_ruleblind,rule_threshold,weaken_team_threshold,0,R_up_omega,0,300,300,0.0,0.0,0,0,0
f73ca3324a321d80dc3d63e6bf4afa9f6240cdfd0a658acacbe7209dc8c1b144,0,f_ruleblind,rule_threshold,weaken_team_threshold,0,R_down_omega,0,300,300,0.0,0.0,0,0,0
f73ca3324a321d80dc3d63e6bf4afa9f6240cdfd0a658acacbe7209dc8c1b144,0,f_ruleblind,rule_threshold,weaken_team_threshold,0,R_sign_eq,298,300,300,0.9933,0.961,1,0,1
f73ca3324a321d80dc3d63e6bf4afa9f6240cdfd0a658acacbe7209dc8c1b144,0,f_ruleblind,rule_threshold,strengthen_risk_threshold,0,R_eq_omega,300,300,300,1.0,0.9754,1,0,1
f73ca3324a321d80dc3d63e6bf4afa9f6240cdfd0a658acacbe7209dc8c1b144,0,f_ruleblind,rule_threshold,strengthen_risk_threshold,0,R_up_omega,0,300,300,0.0,0.0,0,0,0
f73ca3324a321d80dc3d63e6bf4afa9f6240cdfd0a658acacbe7209dc8c1b144,0,f_ruleblind,rule_threshold,strengthen_risk_threshold,0,R_down_omega,0,300,300,0.0,0.0,0,0,0
f73ca3324a321d80dc3d63e6bf4afa9f6240cdfd0a658acacbe7209dc8c1b144,0,f_ruleblind,rule_threshold,strengthen_risk_threshold,0,R_sign_eq,298,300,300,0.9933,0.961,1,0,1
f73ca3324a321d80dc3d63e6bf4afa9f6240cdfd0a658acacbe7209dc8c1b144,0,f_ruleblind,rule_threshold,weaken_risk_threshold,0,R_eq_omega,300,300,300,1.0,0.9754,1,0,1
f73ca3324a321d80dc3d63e6bf4afa9f6240cdfd0a658acacbe7209dc8c1b144,0,f_ruleblind,rule_threshold,weaken_risk_threshold,0,R_up_omega,0,300,300,0.0,0.0,0,0,0
f73ca3324a321d80dc3d63e6bf4afa9f6240cdfd0a658acacbe7209dc8c1b144,0,f_ruleblind,rule_threshold,weaken_risk_threshold,0,R_down_omega,0,300,300,0.0,0.0,0,0,0
f73ca3324a321d80dc3d63e6bf4afa9f6240cdfd0a658acacbe7209dc8c1b144,0,f_ruleblind,rule_threshold,weaken_risk_threshold,0,R_sign_eq,298,300,300,0.9933,0.961,1,0,1
f73ca3324a321d80dc3d63e6bf4afa9f6240cdfd0a658acacbe7209dc8c1b144,0,f_ruleblind,rule_clause,add_strict_clause,0,R_eq_omega,300,300,300,1.0,0.9754,1,0,1
f73ca3324a321d80dc3d63e6bf4afa9f6240cdfd0a658acacbe7209dc8c1b144,0,f_ruleblind,rule_clause,add_strict_clause,0,R_up_omega,0,300,300,0.0,0.0,0,0,0
f73ca3324a321d80dc3d63e6bf4afa9f6240cdfd0a658acacbe7209dc8c1b144,0,f_ruleblind,rule_clause,add_strict_clause,0,R_down_omega,0,300,300,0.0,0.0,0,0,0
f73ca3324a321d80dc3d63e6bf4afa9f6240cdfd0a658acacbe7209dc8c1b144,0,f_ruleblind,rule_clause,add_strict_clause,0,R_sign_eq,298,300,300,0.9933,0.961,1,0,1
f73ca3324a321d80dc3d63e6bf4afa9f6240cdfd0a658acacbe7209dc8c1b144,0,f_ruleblind,rule_clause,remove_last_clause,0,R_eq_omega,300,300,300,1.0,0.9754,1,0,1
f73ca3324a321d80dc3d63e6bf4afa9f6240cdfd0a658acacbe7209dc8c1b144,0,f_ruleblind,rule_clause,remove_last_clause,0,R_up_omega,0,300,300,0.0,0.0,0,0,0
f73ca3324a321d80dc3d63e6bf4afa9f6240cdfd0a658acacbe7209dc8c1b144,0,f_ruleblind,rule_clause,remove_last_clause,0,R_down_omega,0,300,300,0.0,0.0,0,0,0
f73ca3324a321d80dc3d63e6bf4afa9f6240cdfd0a658acacbe7209dc8c1b144,0,f_ruleblind,rule_clause,remove_last_clause,0,R_sign_eq,298,300,300,0.9933,0.961,1,0,1
f73ca3324a321d80dc3d63e6bf4afa9f6240cdfd0a658acacbe7209dc8c1b144,0,f_ruleblind,case_fact,case_revenue_up,0,R_eq_omega,213,300,300,0.71,0.6186,0,0,0
f73ca3324a321d80dc3d63e6bf4afa9f6240cdfd0a658acacbe7209dc8c1b144,0,f_ruleblind,case_fact,case_revenue_up,0,R_up_omega,95,300,300,0.3167,0.233,0,0,0
f73ca3324a321d80dc3d63e6bf4afa9f6240cdfd0a658acacbe7209dc8c1b144,0,f_ruleblind,case_fact,case_revenue_up,0,R_down_omega,0,300,300,0.0,0.0,0,0,0
f73ca3324a321d80dc3d63e6bf4afa9f6240cdfd0a658acacbe7209dc8c1b144,0,f_ruleblind,case_fact,case_revenue_up,0,R_sign_eq,255,300,300,0.85,0.7728,0,0,0
f73ca3324a321d80dc3d63e6bf4afa9f6240cdfd0a658acacbe7209dc8c1b144,0,f_ruleblind,case_fact,case_revenue_down,0,R_eq_omega,140,300,300,0.4667,0.373,0,0,0
f73ca3324a321d80dc3d63e6bf4afa9f6240cdfd0a658acacbe7209dc8c1b144,0,f_ruleblind,case_fact,case_revenue_down,0,R_up_omega,0,300,300,0.0,0.0,0,0,0
f73ca3324a321d80dc3d63e6bf4afa9f6240cdfd0a658acacbe7209dc8c1b144,0,f_ruleblind,case_fact,case_revenue_down,0,R_down_omega,179,300,300,0.5967,0.5013,0,0,0
f73ca3324a321d80dc3d63e6bf4afa9f6240cdfd0a658acacbe7209dc8c1b144,0,f_ruleblind,case_fact,case_revenue_down,0,R_sign_eq,230,300,300,0.7667,0.6795,0,0,0
f73ca3324a321d80dc3d63e6bf4afa9f6240cdfd0a658acacbe7209dc8c1b144,0,f_ruleblind,case_fact,case_team_plus,0,R_eq_omega,299,300,300,0.9967,0.9676,1,0,1
f73ca3324a321d80dc3d63e6bf4afa9f6240cdfd0a658acacbe7209dc8c1b144,0,f_ruleblind,case_fact,case_team_plus,0,R_up_omega,6,300,300,0.02,0.0033,0,0,0
f73ca3324a321d80dc3d63e6bf4afa9f6240cdfd0a658acacbe7209dc8c1b144,0,f_ruleblind,case_fact,case_team_plus,0,R_down_omega,0,300,300,0.0,0.0,0,0,0
f73ca3324a321d80dc3d63e6bf4afa9f6240cdfd0a658acacbe7209dc8c1b144,0,f_ruleblind,case_fact,case_team_plus,0,R_sign_eq,284,300,300,0.9467,0.8911,0,0,0
f73ca3324a321d80dc3d63e6bf4afa9f6240cdfd0a658acacbe7209dc8c1b144,0,f_ruleblind,case_fact,case_team_minus,0,R_eq_omega,300,300,300,1.0,0.9754,1,0,1
f73ca3324a321d80dc3d63e6bf4afa9f6240cdfd0a658acacbe7209dc8c1b144,0,f_ruleblind,case_fact,case_team_minus,0,R_up_omega,0,300,300,0.0,0.0,0,0,0
f73ca3324a321d80dc3d63e6bf4afa9f6240cdfd0a658acacbe7209dc8c1b144,0,f_ruleblind,case_fact,case_team_minus,0,R_down_omega,3,300,300,0.01,0.0005,0,0,0
f73ca3324a321d80dc3d63e6bf4afa9f6240cdfd0a658acacbe7209dc8c1b144,0,f_ruleblind,case_fact,case_team_minus,0,R_sign_eq,290,300,300,0.9667,0.9186,1,0,1
f73ca3324a321d80dc3d63e6bf4afa9f6240cdfd0a658acacbe7209dc8c1b144,0,f_ruleblind,case_fact,case_risk_up,0,R_eq_omega,300,300,300,1.0,0.9754,1,0,1
f73ca3324a321d80dc3d63e6bf4afa9f6240cdfd0a658acacbe7209dc8c1b144,0,f_ruleblind,case_fact,case_risk_up,0,R_up_omega,0,300,300,0.0,0.0,0,0,0
f73ca3324a321d80dc3d63e6bf4afa9f6240cdfd0a658acacbe7209dc8c1b144,0,f_ruleblind,case_fact,case_risk_up,0,R_down_omega,0,300,300,0.0,0.0,0,0,0
f73ca3324a321d80dc3d63e6bf4afa9f6240cdfd0a658acacbe7209dc8c1b144,0,f_ruleblind,case_fact,case_risk_up,0,R_sign_eq,298,300,300,0.9933,0.961,1,0,1
f73ca3324a321d80dc3d63e6bf4afa9f6240cdfd0a658acacbe7209dc8c1b144,0,f_ruleblind,case_fact,case_risk_down,0,R_eq_omega,300,300,300,1.0,0.9754,1,0,1
f73ca3324a321d80dc3d63e6bf4afa9f6240cdfd0a658acacbe7209dc8c1b144,0,f_ruleblind,case_fact,case_risk_down,0,R_up_omega,0,300,300,0.0,0.0,0,0,0
f73ca3324a321d80dc3d63e6bf4afa9f6240cdfd0a658acacbe7209dc8c1b144,0,f_ruleblind,case_fact,case_risk_down,0,R_down_omega,0,300,300,0.0,0.0,0,0,0
f73ca3324a321d80dc3d63e6bf4afa9f6240cdfd0a658acacbe7209dc8c1b144,0,f_ruleblind,case_fact,case_risk_down,0,R_sign_eq,298,300,300,0.9933,0.961,1,0,1
f73ca3324a321d80dc3d63e6bf4afa9f6240cdfd0a658acacbe7209dc8c1b144,0,f_constant,identity,identity,1,R_eq_omega,300,300,300,1.0,0.9754,1,0,0
f73ca3324a321d80dc3d63e6bf4afa9f6240cdfd0a658acacbe7209dc8c1b144,0,f_constant,identity,identity,1,R_up_omega,0,300,300,0.0,0.0,0,0,0
f73ca3324a321d80dc3d63e6bf4afa9f6240cdfd0a658acacbe7209dc8c1b144,0,f_constant,identity,identity,1,R_down_omega,0,300,300,0.0,0.0,0,0,0
f73ca3324a321d80dc3d63e6bf4afa9f6240cdfd0a658acacbe7209dc8c1b144,0,f_constant,identity,identity,1,R_sign_eq,261,300,300,0.87,0.7961,0,0,0
f73ca3324a321d80dc3d63e6bf4afa9f6240cdfd0a658acacbe7209dc8c1b144,0,f_constant,order,permute_founders,0,R_eq_omega,222,222,300,1.0,0.9669,1,0,1
f73ca3324a321d80dc3d63e6bf4afa9f6240cdfd0a658acacbe7209dc8c1b144,0,f_constant,order,permute_founders,0,R_up_omega,0,222,300,0.0,0.0,0,0,0
f73ca3324a321d80dc3d63e6bf4afa9f6240cdfd0a658acacbe7209dc8c1b144,0,f_constant,order,permute_founders,0,R_down_omega,0,222,300,0.0,0.0,0,0,0
f73ca3324a321d80dc3d63e6bf4afa9f6240cdfd0a658acacbe7209dc8c1b144,0,f_constant,order,permute_founders,0,R_sign_eq,197,222,300,0.8874,0.8032,0,0,0
f73ca3324a321d80dc3d63e6bf4afa9f6240cdfd0a658acacbe7209dc8c1b144,0,f_constant,order,permute_risks,0,R_eq_omega,204,204,300,1.0,0.964,1,0,1
f73ca3324a321d80dc3d63e6bf4afa9f6240cdfd0a658acacbe7209dc8c1b144,0,f_constant,order,permute_risks,0,R_up_omega,0,204,300,0.0,0.0,0,0,0
f73ca3324a321d80dc3d63e6bf4afa9f6240cdfd0a658acacbe7209dc8c1b144,0,f_constant,order,permute_risks,0,R_down_omega,0,204,300,0.0,0.0,0,0,0
f73ca3324a321d80dc3d63e6bf4afa9f6240cdfd0a658acacbe7209dc8c1b144,0,f_constant,order,permute_risks,0,R_sign_eq,183,204,300,0.8971,0.8109,0,0,0
f73ca3324a321d80dc3d63e6bf4afa9f6240cdfd0a658acacbe7209dc8c1b144,0,f_constant,optional,replace_description,0,R_eq_omega,300,300,300,1.0,0.9754,1,0,1
f73ca3324a321d80dc3d63e6bf4afa9f6240cdfd0a658acacbe7209dc8c1b144,0,f_constant,optional,replace_description,0,R_up_omega,0,300,300,0.0,0.0,0,0,0
f73ca3324a321d80dc3d63e6bf4afa9f6240cdfd0a658acacbe7209dc8c1b144,0,f_constant,optional,replace_description,0,R_down_omega,0,300,300,0.0,0.0,0,0,0
f73ca3324a321d80dc3d63e6bf4afa9f6240cdfd0a658acacbe7209dc8c1b144,0,f_constant,optional,replace_description,0,R_sign_eq,261,300,300,0.87,0.7961,0,0,0
f73ca3324a321d80dc3d63e6bf4afa9f6240cdfd0a658acacbe7209dc8c1b144,0,f_constant,optional,blank_description,0,R_eq_omega,300,300,300,1.0,0.9754,1,0,1
f73ca3324a321d80dc3d63e6bf4afa9f6240cdfd0a658acacbe7209dc8c1b144,0,f_constant,optional,blank_description,0,R_up_omega,0,300,300,0.0,0.0,0,0,0
f73ca3324a321d80dc3d63e6bf4afa9f6240cdfd0a658acacbe7209dc8c1b144,0,f_constant,optional,blank_description,0,R_down_omega,0,300,300,0.0,0.0,0,0,0
f73ca3324a321d80dc3d63e6bf4afa9f6240cdfd0a658acacbe7209dc8c1b144,0,f_constant,optional,blank_description,0,R_sign_eq,261,300,300,0.87,0.7961,0,0,0
f73ca3324a321d80dc3d63e6bf4afa9f6240cdfd0a658acacbe7209dc8c1b144,0,f_constant,non_rule_fact,add_risk_item,0,R_eq_omega,300,300,300,1.0,0.9754,1,0,1
f73ca3324a321d80dc3d63e6bf4afa9f6240cdfd0a658acacbe7209dc8c1b144,0,f_constant,non_rule_fact,add_risk_item,0,R_up_omega,0,300,300,0.0,0.0,0,0,0
f73ca3324a321d80dc3d63e6bf4afa9f6240cdfd0a658acacbe7209dc8c1b144,0,f_constant,non_rule_fact,add_risk_item,0,R_down_omega,0,300,300,0.0,0.0,0,0,0
f73ca3324a321d80dc3d63e6bf4afa9f6240cdfd0a658acacbe7209dc8c1b144,0,f_constant,non_rule_fact,add_risk_item,0,R_sign_eq,261,300,300,0.87,0.7961,0,0,0
f73ca3324a321d80dc3d63e6bf4afa9f6240cdfd0a658acacbe7209dc8c1b144,0,f_constant,non_rule_fact,drop_risk_item,0,R_eq_omega,256,256,300,1.0,0.9712,1,0,1
f73ca3324a321d80dc3d63e6bf4afa9f6240cdfd0a658acacbe7209dc8c1b144,0,f_constant,non_rule_fact,drop_risk_item,0,R_up_omega,0,256,300,0.0,0.0,0,0,0
f73ca3324a321d80dc3d63e6bf4afa9f6240cdfd0a658acacbe7209dc8c1b144,0,f_constant,non_rule_fact,drop_risk_item,0,R_down_omega,0,256,300,0.0,0.0,0,0,0
f73ca3324a321d80dc3d63e6bf4afa9f6240cdfd0a658acacbe7209dc8c1b144,0,f_constant,non_rule_fact,drop_risk_item,0,R_sign_eq,224,256,300,0.875,0.795,0,0,0
f73ca3324a321d80dc3d63e6bf4afa9f6240cdfd0a658acacbe7209dc8c1b144,0,f_constant,non_rule_fact,bump_founder_experience,0,R_eq_omega,300,300,300,1.0,0.9754,1,0,1
f73ca3324a321d80dc3d63e6bf4afa9f6240cdfd0a658acacbe7209dc8c1b144,0,f_constant,non_rule_fact,bump_founder_experience,0,R_up_omega,0,300,300,0.0,0.0,0,0,0
f73ca3324a321d80dc3d63e6bf4afa9f6240cdfd0a658acacbe7209dc8c1b144,0,f_constant,non_rule_fact,bump_founder_experience,0,R_down_omega,0,300,300,0.0,0.0,0,0,0
f73ca3324a321d80dc3d63e6bf4afa9f6240cdfd0a658acacbe7209dc8c1b144,0,f_constant,non_rule_fact,bump_founder_experience,0,R_sign_eq,261,300,300,0.87,0.7961,0,0,0
f73ca3324a321d80dc3d63e6bf4afa9f6240cdfd0a658acacbe7209dc8c1b144,0,f_constant,rule_threshold,strengthen_revenue_threshold,0,R_eq_omega,300,300,300,1.0,0.9754,1,0,1
f73ca3324a321d80dc3d63e6bf4afa9f6240cdfd0a658acacbe7209dc8c1b144,0,f_constant,rule_threshold,strengthen_revenue_threshold,0,R_up_omega,0,300,300,0.0,0.0,0,0,0
f73ca3324a321d80dc3d63e6bf4afa9f6240cdfd0a658acacbe7209dc8c1b144,0,f_constant,rule_threshold,strengthen_revenue_threshold,0,R_down_omega,0,300,300,0.0,0.0,0,0,0
f73ca3324a321d80dc3d63e6bf4afa9f6240cdfd0a658acacbe7209dc8c1b144,0,f_constant,rule_threshold,strengthen_revenue_threshold,0,R_sign_eq,261,300,300,0.87,0.7961,0,0,0
f73ca3324a321d80dc3d63e6bf4afa9f6240cdfd0a658acacbe7209dc8c1b144,0,f_constant,rule_threshold,weaken_revenue_threshold,0,R_eq_omega,300,300,300,1.0,0.9754,1,0,1
f73ca3324a321d80dc3d63e6bf4afa9f6240cdfd0a658acacbe7209dc8c1b144,0,f_constant,rule_threshold,weaken_revenue_threshold,0,R_up_omega,0,300,300,0.0,0.0,0,0,0
f73ca3324a321d80dc3d63e6bf4afa9f6240cdfd0a658acacbe7209dc8c1b144,0,f_constant,rule_threshold,weaken_revenue_threshold,0,R_down_omega,0,300,300,0.0,0.0,0,0,0
f73ca3324a321d80dc3d63e6bf4afa9f6240cdfd0a658acacbe7209dc8c1b144,0,f_constant,rule_threshold,weaken_revenue_threshold,0,R_sign_eq,261,300,300,0.87,0.7961,0,0,0
f73ca3324a321d80dc3d63e6bf4afa9f6240cdfd0a658acacbe7209dc8c1b144,0,f_constant,rule_threshold,strengthen_team_threshold,0,R_eq_omega,300,300,300,1.0,0.9754,1,0,1
f73ca3324a321d80dc3d63e6bf4afa9f6240cdfd0a658acacbe7209dc8c1b144,0,f_constant,rule_threshold,strengthen_team_threshold,0,R_up_omega,0,300,300,0.0,0.0,0,0,0
f73ca3324a321d80dc3d63e6bf4afa9f6240cdfd0a658acacbe7209dc8c1b144,0,f_constant,rule_threshold,strengthen_team_threshold,0,R_down_omega,0,300,300,0.0,0.0,0,0,0
f73ca3324a321d80dc3d63e6bf4afa9f6240cdfd0a658acacbe7209dc8c1b144,0,f_constant,rule_threshold,strengthen_team_threshold,0,R_sign_eq,261,300,300,0.87,0.7961,0,0,0
f73ca3324a321d80dc3d63e6bf4afa9f6240cdfd0a658acacbe7209dc8c1b144,0,f_constant,rule_threshold,weaken_team_threshold,0,R_eq_omega,300,300,300,1.0,0.9754,1,0,1
f73ca3324a321d80dc3d63e6bf4afa9f6240cdfd0a658acacbe7209dc8c1b144,0,f_constant,rule_threshold,weaken_team_threshold,0,R_up_omega,0,300,300,0.0,0.0,0,0,0
f73ca3324a321d80dc3d63e6bf4afa9f6240cdfd0a658acacbe7209dc8c1b144,0,f_constant,rule_threshold,weaken_team_threshold,0,R_down_omega,0,300,300,0.0,0.0,0,0,0
f73ca3324a321d80dc3d63e6bf4afa9f6240cdfd0a658acacbe7209dc8c1b144,0,f_constant,rule_threshold,weaken_team_threshold,0,R_sign_eq,261,300,300,0.87,0.7961,0,0,0
f73ca3324a321d80dc3d63e6bf4afa9f6240cdfd0a658acacbe7209dc8c1b144,0,f_constant,rule_threshold,strengthen_risk_threshold,0,R_eq_omega,300,300,300,1.0,0.9754,1,0,1
f73ca3324a321d80dc3d63e6bf4afa9f6240cdfd0a658acacbe7209dc8c1b144,0,f_constant,rule_threshold,strengthen_risk_threshold,0,R_up_omega,0,300,300,0.0,0.0,0,0,0
f73ca3324a321d80dc3d63e6bf4afa9f6240cdfd0a658acacbe7209dc8c1b144,0,f_constant,rule_threshold,strengthen_risk_threshold,0,R_down_omega,0,300,300,0.0,0.0,0,0,0
f73ca3324a321d80dc3d63e6bf4afa9f6240cdfd0a658acacbe7209dc8c1b144,0,f_constant,rule_threshold,strengthen_risk_threshold,0,R_sign_eq,261,300,300,0.87,0.7961,0,0,0
f73ca3324a321d80dc3d63e6bf4afa9f6240cdfd0a658acacbe7209dc8c1b144,0,f_constant,rule_threshold,weaken_risk_threshold,0,R_eq_omega,300,300,300,1.0,0.9754,1,0,1
f73ca3324a321d80dc3d63e6bf4afa9f6240cdfd0a658acacbe7209dc8c1b144,0,f_constant,rule_threshold,weaken_risk_threshold,0,R_up_omega,0,300,300,0.0,0.0,0,0,0
f73ca3324a321d80dc3d63e6bf4afa9f6240cdfd0a658acacbe7209dc8c1b144,0,f_constant,rule_threshold,weaken_risk_threshold,0,R_down_omega,0,300,300,0.0,0.0,0,0,0
f73ca3324a321d80dc3d63e6bf4afa9f6240cdfd0a658acacbe7209dc8c1b144,0,f_constant,rule_threshold,weaken_risk_threshold,0,R_sign_eq,261,300,300,0.87,0.7961,0,0,0
f73ca3324a321d80dc3d63e6bf4afa9f6240cdfd0a658acacbe7209dc8c1b144,0,f_constant,rule_clause,add_strict_clause,0,R_eq_omega,300,300,300,1.0,0.9754,1,0,1
f73ca3324a321d80dc3d63e6bf4afa9f6240cdfd0a658acacbe7209dc8c1b144,0,f_constant,rule_clause,add_strict_clause,0,R_up_omega,0,300,300,0.0,0.0,0,0,0
f73ca3324a321d80dc3d63e6bf4afa9f6240cdfd0a658acacbe7209dc8c1b144,0,f_constant,rule_clause,add_strict_clause,0,R_down_omega,0,300,300,0.0,0.0,0,0,0
f73ca3324a321d80dc3d63e6bf4afa9f6240cdfd0a658acacbe7209dc8c1b144,0,f_constant,rule_clause,add_strict_clause,0,R_sign_eq,261,300,300,0.87,0.7961,0,0,0
f73ca3324a321d80dc3d63e6bf4afa9f6240cdfd0a658acacbe7209dc8c1b144,0,f_constant,rule_clause,remove_last_clause,0,R_eq_omega,300,300,300,1.0,0.9754,1,0,1
f73ca3324a321d80dc3d63e6bf4afa9f6240cdfd0a658acacbe7209dc8c1b144,0,f_constant,rule_clause,remove_last_clause,0,R_up_omega,0,300,300,0.0,0.0,0,0,0
f73ca3324a321d80dc3d63e6bf4afa9f6240cdfd0a658acacbe7209dc8c1b144,0,f_constant,rule_clause,remove_last_clause,0,R_down_omega,0,300,300,0.0,0.0,0,0,0
f73ca3324a321d80dc3d63e6bf4afa9f6240cdfd0a658acacbe7209dc8c1b144,0,f_constant,rule_clause,remove_last_clause,0,R_sign_eq,261,300,300,0.87,0.7961,0,0,0
f73ca3324a321d80dc3d63e6bf4afa9f6240cdfd0a658acacbe7209dc8c1b144,0,f_constant,case_fact,case_revenue_up,0,R_eq_omega,300,300,300,1.0,0.9754,1,0,1
f73ca3324a321d80dc3d63e6bf4afa9f6240cdfd0a658acacbe7209dc8c1b144,0,f_constant,case_fact,case_revenue_up,0,R_up_omega,0,300,300,0.0,0.0,0,0,0
f73ca3324a321d80dc3d63e6bf4afa9f6240cdfd0a658acacbe7209dc8c1b144,0,f_constant,case_fact,case_revenue_up,0,R_down_omega,0,300,300,0.0,0.0,0,0,0
f73ca3324a321d80dc3d63e6bf4afa9f6240cdfd0a658acacbe7209dc8c1b144,0,f_constant,case_fact,case_revenue_up,0,R_sign_eq,261,300,300,0.87,0.7961,0,0,0
f73ca3324a321d80dc3d63e6bf4afa9f6240cdfd0a658acacbe7209dc8c1b144,0,f_constant,case_fact,case_revenue_down,0,R_eq_omega,300,300,300,1.0,0.9754,1,0,1
f73ca3324a321d80dc3d63e6bf4afa9f6240cdfd0a658acacbe7209dc8c1b144,0,f_constant,case_fact,case_revenue_down,0,R_up_omega,0,300,300,0.0,0.0,0,0,0
f73ca3324a321d80dc3d63e6bf4afa9f6240cdfd0a658acacbe7209dc8c1b144,0,f_constant,case_fact,case_revenue_down,0,R_down_omega,0,300,300,0.0,0.0,0,0,0
f73ca3324a321d80dc3d63e6bf4afa9f6240cdfd0a658acacbe7209dc8c1b144,0,f_constant,case_fact,case_revenue_down,0,R_sign_eq,261,300,300,0.87,0.7961,0,0,0
f73ca3324a321d80dc3d63e6bf4afa9f6240cdfd0a658acacbe7209dc8c1b144,0,f_constant,case_fact,case_team_plus,0,R_eq_omega,300,300,300,1.0,0.9754,1,0,1
f73ca3324a321d80dc3d63e6bf4afa9f6240cdfd0a658acacbe7209dc8c1b144,0,f_constant,case_fact,case_team_plus,0,R_up_omega,0,300,300,0.0,0.0,0,0,0
f73ca3324a321d80dc3d63e6bf4afa9f6240cdfd0a658acacbe7209dc8c1b144,0,f_constant,case_fact,case_team_plus,0,R_down_omega,0,300,300,0.0,0.0,0,0,0
f73ca3324a321d80dc3d63e6bf4afa9f6240cdfd0a658acacbe7209dc8c1b144,0,f_constant,case_fact,case_team_plus,0,R_sign_eq,261,300,300,0.87,0.7961,0,0,0
f73ca3324a321d80dc3d63e6bf4afa9f6240cdfd0a658acacbe7209dc8c1b144,0,f_constant,case_fact,case_team_minus,0,R_eq_omega,300,300,300,1.0,0.9754,1,0,1
f73ca3324a321d80dc3d63e6bf4afa9f6240cdfd0a658acacbe7209dc8c1b144,0,f_constant,case_fact,case_team_minus,0,R_up_omega,0,300,300,0.0,0.0,0,0,0
f73ca3324a321d80dc3d63e6bf4afa9f6240cdfd0a658acacbe7209dc8c1b144,0,f_constant,case_fact,case_team_minus,0,R_down_omega,0,300,300,0.0,0.0,0,0,0
f73ca3324a321d80dc3d63e6bf4afa9f6240cdfd0a658acacbe7209dc8c1b144,0,f_constant,case_fact,case_team_minus,0,R_sign_eq,261,300,300,0.87,0.7961,0,0,0
f73ca3324a321d80dc3d63e6bf4afa9f6240cdfd0a658acacbe7209dc8c1b144,0,f_constant,case_fact,case_risk_up,0,R_eq_omega,300,300,300,1.0,0.9754,1,0,1
f73ca3324a321d80dc3d63e6bf4afa9f6240cdfd0a658acacbe7209dc8c1b144,0,f_constant,case_fact,case_risk_up,0,R_up_omega,0,300,300,0.0,0.0,0,0,0
f73ca3324a321d80dc3d63e6bf4afa9f6240cdfd0a658acacbe7209dc8c1b144,0,f_constant,case_fact,case_risk_up,0,R_down_omega,0,300,300,0.0,0.0,0,0,0
f73ca3324a321d80dc3d63e6bf4afa9f6240cdfd0a658acacbe7209dc8c1b144,0,f_constant,case_fact,case_risk_up,0,R_sign_eq,261,300,300,0.87,0.7961,0,0,0
f73ca3324a321d80dc3d63e6bf4afa9f6240cdfd0a658acacbe7209dc8c1b144,0,f_constant,case_fact,case_risk_down,0,R_eq_omega,300,300,300,1.0,0.9754,1,0,1
f73ca3324a321d80dc3d63e6bf4afa9f6240cdfd0a658acacbe7209dc8c1b144,0,f_constant,case_fact,case_risk_down,0,R_up_omega,0,300,300,0.0,0.0,0,0,0
f73ca3324a321d80dc3d63e6bf4afa9f6240cdfd0a658acacbe7209dc8c1b144,0,f_constant,case_fact,case_risk_down,0,R_down_omega,0,300,300,0.0,0.0,0,0,0
f73ca3324a321d80dc3d63e6bf4afa9f6240cdfd0a658acacbe7209dc8c1b144,0,f_constant,case_fact,case_risk_down,0,R_sign_eq,261,300,300,0.87,0.7961,0,0,0
f73ca3324a321d80dc3d63e6bf4afa9f6240cdfd0a658acacbe7209dc8c1b144,0,f_wrongstatic,identity,identity,1,R_eq_omega,300,300,300,1.0,0.9754,1,0,0
f73ca3324a321d80dc3d63e6bf4afa9f6240cdfd0a658acacbe7209dc8c1b144,0,f_wrongstatic,identity,identity,1,R_up_omega,0,300,300,0.0,0.0,0,0,0
f73ca3324a321d80dc3d63e6bf4afa9f6240cdfd0a658acacbe7209dc8c1b144,0,f_wrongstatic,identity,identity,1,R_down_omega,0,300,300,0.0,0.0,0,0,0
f73ca3324a321d80dc3d63e6bf4afa9f6240cdfd0a658acacbe7209dc8c1b144,0,f_wrongstatic,identity,identity,1,R_sign_eq,300,300,300,1.0,0.9754,1,0,0
f73ca3324a321d80dc3d63e6bf4afa9f6240cdfd0a658acacbe7209dc8c1b144,0,f_wrongstatic,order,permute_founders,0,R_eq_omega,222,222,300,1.0,0.9669,1,0,1
f73ca3324a321d80dc3d63e6bf4afa9f6240cdfd0a658acacbe7209dc8c1b144,0,f_wrongstatic,order,permute_founders,0,R_up_omega,0,222,300,0.0,0.0,0,0,0
f73ca3324a321d80dc3d63e6bf4afa9f6240cdfd0a658acacbe7209dc8c1b144,0,f_wrongstatic,order,permute_founders,0,R_down_omega,0,222,300,0.0,0.0,0,0,0
f73ca3324a321d80dc3d63e6bf4afa9f6240cdfd0a658acacbe7209dc8c1b144,0,f_wrongstatic,order,permute_founders,0,R_sign_eq,222,222,300,1.0,0.9669,1,0,1
f73ca3324a321d80dc3d63e6bf4afa9f6240cdfd0a658acacbe7209dc8c1b144,0,f_wrongstatic,order,permute_risks,0,R_eq_omega,204,204,300,1.0,0.964,1,0,1
f73ca3324a321d80dc3d63e6bf4afa9f6240cdfd0a658acacbe7209dc8c1b144,0,f_wrongstatic,order,permute_risks,0,R_up_omega,0,204,300,0.0,0.0,0,0,0
f73ca3324a321d80dc3d63e6bf4afa9f6240cdfd0a658acacbe7209dc8c1b144,0,f_wrongstatic,order,permute_risks,0,R_down_omega,0,204,300,0.0,0.0,0,0,0
f73ca3324a321d80dc3d63e6bf4afa9f6240cdfd0a658acacbe7209dc8c1b144,0,f_wrongstatic,order,permute_risks,0,R_sign_eq,204,204,300,1.0,0.964,1,0,1
f73ca3324a321d80dc3d63e6bf4afa9f6240cdfd0a658acacbe7209dc8c1b144,0,f_wrongstatic,optional,replace_description,0,R_eq_omega,300,300,300,1.0,0.9754,1,0,1
f73ca3324a321d80dc3d63e6bf4afa9f6240cdfd0a658acacbe7209dc8c1b144,0,f_wrongstatic,optional,replace_description,0,R_up_omega,0,300,300,0.0,0.0,0,0,0
f73ca3324a321d80dc3d63e6bf4afa9f6240cdfd0a658acacbe7209dc8c1b144,0,f_wrongstatic,optional,replace_description,0,R_down_omega,0,300,300,0.0,0.0,0,0,0
f73ca3324a321d80dc3d63e6bf4afa9f6240cdfd0a658acacbe7209dc8c1b144,0,f_wrongstatic,optional,replace_description,0,R_sign_eq,300,300,300,1.0,0.9754,1,0,1
f73ca3324a321d80dc3d63e6bf4afa9f6240cdfd0a658acacbe7209dc8c1b144,0,f_wrongstatic,optional,blank_description,0,R_eq_omega,300,300,300,1.0,0.9754,1,0,1
f73ca3324a321d80dc3d63e6bf4afa9f6240cdfd0a658acacbe7209dc8c1b144,0,f_wrongstatic,optional,blank_description,0,R_up_omega,0,300,300,0.0,0.0,0,0,0
f73ca3324a321d80dc3d63e6bf4afa9f6240cdfd0a658acacbe7209dc8c1b144,0,f_wrongstatic,optional,blank_description,0,R_down_omega,0,300,300,0.0,0.0,0,0,0
f73ca3324a321d80dc3d63e6bf4afa9f6240cdfd0a658acacbe7209dc8c1b144,0,f_wrongstatic,optional,blank_description,0,R_sign_eq,300,300,300,1.0,0.9754,1,0,1
f73ca3324a321d80dc3d63e6bf4afa9f6240cdfd0a658acacbe7209dc8c1b144,0,f_wrongstatic,non_rule_fact,add_risk_item,0,R_eq_omega,300,300,300,1.0,0.9754,1,0,1
f73ca3324a321d80dc3d63e6bf4afa9f6240cdfd0a658acacbe7209dc8c1b144,0,f_wrongstatic,non_rule_fact,add_risk_item,0,R_up_omega,0,300,300,0.0,0.0,0,0,0
f73ca3324a321d80dc3d63e6bf4afa9f6240cdfd0a658acacbe7209dc8c1b144,0,f_wrongstatic,non_rule_fact,add_risk_item,0,R_down_omega,0,300,300,0.0,0.0,0,0,0
f73ca3324a321d80dc3d63e6bf4afa9f6240cdfd0a658acacbe7209dc8c1b144,0,f_wrongstatic,non_rule_fact,add_risk_item,0,R_sign_eq,300,300,300,1.0,0.9754,1,0,1
f73ca3324a321d80dc3d63e6bf4afa9f6240cdfd0a658acacbe7209dc8c1b144,0,f_wrongstatic,non_rule_fact,drop_risk_item,0,R_eq_omega,256,256,300,1.0,0.9712,1,0,1
f73ca3324a321d80dc3d63e6bf4afa9f6240cdfd0a658acacbe7209dc8c1b144,0,f_wrongstatic,non_rule_fact,drop_risk_item,0,R_up_omega,0,256,300,0.0,0.0,0,0,0
f73ca3324a321d80dc3d63e6bf4afa9f6240cdfd0a658acacbe7209dc8c1b144,0,f_wrongstatic,non_rule_fact,drop_risk_item,0,R_down_omega,0,256,300,0.0,0.0,0,0,0
f73ca3324a321d80dc3d63e6bf4afa9f6240cdfd0a658acacbe7209dc8c1b144,0,f_wrongstatic,non_rule_fact,drop_risk_item,0,R_sign_eq,256,256,300,1.0,0.9712,1,0,1
f73ca3324a321d80dc3d63e6bf4afa9f6240cdfd0a658acacbe7209dc8c1b144,0,f_wrongstatic,non_rule_fact,bump_founder_experience,0,R_eq_omega,300,300,300,1.0,0.9754,1,0,1
f73ca3324a321d80dc3d63e6bf4afa9f6240cdfd0a658acacbe7209dc8c1b144,0,f_wrongstatic,non_rule_fact,bump_founder_experience,0,R_up_omega,0,300,300,0.0,0.0,0,0,0
f73ca3324a321d80dc3d63e6bf4afa9f6240cdfd0a658acacbe7209dc8c1b144,0,f_wrongstatic,non_rule_fact,bump_founder_experience,0,R_down_omega,0,300,300,0.0,0.0,0,0,0
f73ca3324a321d80dc3d63e6bf4afa9f6240cdfd0a658acacbe7209dc8c1b144,0,f_wrongstatic,non_rule_fact,bump_founder_experience,0,R_sign_eq,300,300,300,1.0,0.9754,1,0,1
f73ca3324a321d80dc3d63e6bf4afa9f6240cdfd0a658acacbe7209dc8c1b144,0,f_wrongstatic,rule_threshold,strengthen_revenue_threshold,0,R_eq_omega,243,300,300,0.81,0.7274,0,0,0
f73ca3324a321d80dc3d63e6bf4afa9f6240cdfd0a658acacbe7209dc8c1b144,0,f_wrongstatic,rule_threshold,strengthen_revenue_threshold,0,R_up_omega,0,300,300,0.0,0.0,0,0,0
f73ca3324a321d80dc3d63e6bf4afa9f6240cdfd0a658acacbe7209dc8c1b144,0,f_wrongstatic,rule_threshold,strengthen_revenue_threshold,0,R_down_omega,57,300,300,0.19,0.1229,0,0,0
f73ca3324a321d80dc3d63e6bf4afa9f6240cdfd0a658acacbe7209dc8c1b144,0,f_wrongstatic,rule_threshold,strengthen_revenue_threshold,0,R_sign_eq,272,300,300,0.9067,0.8401,0,0,0
f73ca3324a321d80dc3d63e6bf4afa9f6240cdfd0a658acacbe7209dc8c1b144,0,f_wrongstatic,rule_threshold,weaken_revenue_threshold,0,R_eq_omega,246,300,300,0.82,0.7386,0,0,0
f73ca3324a321d80dc3d63e6bf4afa9f6240cdfd0a658acacbe7209dc8c1b144,0,f_wrongstatic,rule_threshold,weaken_revenue_threshold,0,R_up_omega,54,300,300,0.18,0.1147,0,0,0
f73ca3324a321d80dc3d63e6bf4afa9f6240cdfd0a658acacbe7209dc8c1b144,0,f_wrongstatic,rule_threshold,weaken_revenue_threshold,0,R_down_omega,0,300,300,0.0,0.0,0,0,0
f73ca3324a321d80dc3d63e6bf4afa9f6240cdfd0a658acacbe7209dc8c1b144,0,f_wrongstatic,rule_threshold,weaken_revenue_threshold,0,R_sign_eq,272,300,300,0.9067,0.8401,0,0,0
f73ca3324a321d80dc3d63e6bf4afa9f6240cdfd0a658acacbe7209dc8c1b144,0,f_wrongstatic,rule_threshold,strengthen_team_threshold,0,R_eq_omega,219,300,300,0.73,0.6399,0,0,0
f73ca3324a321d80dc3d63e6bf4afa9f6240cdfd0a658acacbe7209dc8c1b144,0,f_wrongstatic,rule_threshold,strengthen_team_threshold,0,R_up_omega,0,300,300,0.0,0.0,0,0,0
f73ca3324a321d80dc3d63e6bf4afa9f6240cdfd0a658acacbe7209dc8c1b144,0,f_wrongstatic,rule_threshold,strengthen_team_threshold,0,R_down_omega,81,300,300,0.27,0.1914,0,0,0
f73ca3324a321d80dc3d63e6bf4afa9f6240cdfd0a658acacbe7209dc8c1b144,0,f_wrongstatic,rule_threshold,strengthen_team_threshold,0,R_sign_eq,263,300,300,0.8767,0.804,0,0,0
f73ca3324a321d80dc3d63e6bf4afa9f6240cdfd0a658acacbe7209dc8c1b144,0,f_wrongstatic,rule_threshold,weaken_team_threshold,0,R_eq_omega,262,300,300,0.8733,0.8,0,0,0
f73ca3324a321d80dc3d63e6bf4afa9f6240cdfd0a658acacbe7209dc8c1b144,0,f_wrongstatic,rule_threshold,weaken_team_threshold,0,R_up_omega,38,300,300,0.1267,0.0722,0,0,0
f73ca3324a321d80dc3d63e6bf4afa9f6240cdfd0a658acacbe7209dc8c1b144,0,f_wrongstatic,rule_threshold,weaken_team_threshold,0,R_down_omega,0,300,300,0.0,0.0,0,0,0
f73ca3324a321d80dc3d63e6bf4afa9f6240cdfd0a658acacbe7209dc8c1b144,0,f_wrongstatic,rule_threshold,weaken_team_threshold,0,R_sign_eq,288,300,300,0.96,0.9092,1,0,1
f73ca3324a321d80dc3d63e6bf4afa9f6240cdfd0a658acacbe7209dc8c1b144,0,f_wrongstatic,rule_threshold,strengthen_risk_threshold,0,R_eq_omega,230,300,300,0.7667,0.6795,0,0,0
f73ca3324a321d80dc3d63e6bf4afa9f6240cdfd0a658acacbe7209dc8c1b144,0,f_wrongstatic,rule_threshold,strengthen_risk_threshold,0,R_up_omega,70,300,300,0.2333,0.1595,0,0,0
f73ca3324a321d80dc3d63e6bf4afa9f6240cdfd0a658acacbe7209dc8c1b144,0,f_wrongstatic,rule_threshold,strengthen_risk_threshold,0,R_down_omega,0,300,300,0.0,0.0,0,0,0
f73ca3324a321d80dc3d63e6bf4afa9f6240cdfd0a658acacbe7209dc8c1b144,0,f_wrongstatic,rule_threshold,strengthen_risk_threshold,0,R_sign_eq,265,300,300,0.8833,0.8119,0,0,0
f73ca3324a321d80dc3d63e6bf4afa9f6240cdfd0a658acacbe7209dc8c1b144,0,f_wrongstatic,rule_threshold,weaken_risk_threshold,0,R_eq_omega,206,300,300,0.6867,0.594,0,0,0
f73ca3324a321d80dc3d63e6bf4afa9f6240cdfd0a658acacbe7209dc8c1b144,0,f_wrongstatic,rule_threshold,weaken_risk_threshold,0,R_up_omega,0,300,300,0.0,0.0,0,0,0
f73ca3324a321d80dc3d63e6bf4afa9f6240cdfd0a658acacbe7209dc8c1b144,0,f_wrongstatic,rule_threshold,weaken_risk_threshold,0,R_down_omega,94,300,300,0.3133,0.23,0,0,0
f73ca3324a321d80dc3d63e6bf4afa9f6240cdfd0a658acacbe7209dc8c1b144,0,f_wrongstatic,rule_threshold,weaken_risk_threshold,0,R_sign_eq,259,300,300,0.8633,0.7883,0,0,0
f73ca3324a321d80dc3d63e6bf4afa9f6240cdfd0a658acacbe7209dc8c1b144,0,f_wrongstatic,rule_clause,add_strict_clause,0,R_eq_omega,100,300,300,0.3333,0.2481,0,0,0
f73ca3324a321d80dc3d63e6bf4afa9f6240cdfd0a658acacbe7209dc8c1b144,0,f_wrongstatic,rule_clause,add_strict_clause,0,R_up_omega,122,300,300,0.4067,0.3159,0,0,0
f73ca3324a321d80dc3d63e6bf4afa9f6240cdfd0a658acacbe7209dc8c1b144,0,f_wrongstatic,rule_clause,add_strict_clause,0,R_down_omega,103,300,300,0.3433,0.2572,0,0,0
f73ca3324a321d80dc3d63e6bf4afa9f6240cdfd0a658acacbe7209dc8c1b144,0,f_wrongstatic,rule_clause,add_strict_clause,0,R_sign_eq,229,300,300,0.7633,0.6759,0,0,0
f73ca3324a321d80dc3d63e6bf4afa9f6240cdfd0a658acacbe7209dc8c1b144,0,f_wrongstatic,rule_clause,remove_last_clause,0,R_eq_omega,11,300,300,0.0367,0.011,0,0,0
f73ca3324a321d80dc3d63e6bf4afa9f6240cdfd0a658acacbe7209dc8c1b144,0,f_wrongstatic,rule_clause,remove_last_clause,0,R_up_omega,130,300,300,0.4333,0.3411,0,0,0
f73ca3324a321d80dc3d63e6bf4afa9f6240cdfd0a658acacbe7209dc8c1b144,0,f_wrongstatic,rule_clause,remove_last_clause,0,R_down_omega,169,300,300,0.5633,0.4678,0,0,0
f73ca3324a321d80dc3d63e6bf4afa9f6240cdfd0a658acacbe7209dc8c1b144,0,f_wrongstatic,rule_clause,remove_last_clause,0,R_sign_eq,185,300,300,0.6167,0.5216,0,0,0
f73ca3324a321d80dc3d63e6bf4afa9f6240cdfd0a658acacbe7209dc8c1b144,0,f_wrongstatic,case_fact,case_revenue_up,0,R_eq_omega,246,300,300,0.82,0.7386,0,0,0
f73ca3324a321d80dc3d63e6bf4afa9f6240cdfd0a658acacbe7209dc8c1b144,0,f_wrongstatic,case_fact,case_revenue_up,0,R_up_omega,54,300,300,0.18,0.1147,0,0,0
f73ca3324a321d80dc3d63e6bf4afa9f6240cdfd0a658acacbe7209dc8c1b144,0,f_wrongstatic,case_fact,case_revenue_up,0,R_down_omega,0,300,300,0.0,0.0,0,0,0
f73ca3324a321d80dc3d63e6bf4afa9f6240cdfd0a658acacbe7209dc8c1b144,0,f_wrongstatic,case_fact,case_revenue_up,0,R_sign_eq,272,300,300,0.9067,0.8401,0,0,0
f73ca3324a321d80dc3d63e6bf4afa9f6240cdfd0a658acacbe7209dc8c1b144,0,f_wrongstatic,case_fact,case_revenue_down,0,R_eq_omega,243,300,300,0.81,0.7274,0,0,0
f73ca3324a321d80dc3d63e6bf4afa9f6240cdfd0a658acacbe7209dc8c1b144,0,f_wrongstatic,case_fact,case_revenue_down,0,R_up_omega,0,300,300,0.0,0.0,0,0,0
f73ca3324a321d80dc3d63e6bf4afa9f6240cdfd0a658acacbe7209dc8c1b144,0,f_wrongstatic,case_fact,case_revenue_down,0,R_down_omega,57,300,300,0.19,0.1229,0,0,0
f73ca3324a321d80dc3d63e6bf4afa9f6240cdfd0a658acacbe7209dc8c1b144,0,f_wrongstatic,case_fact,case_revenue_down,0,R_sign_eq,272,300,300,0.9067,0.8401,0,0,0
f73ca3324a321d80dc3d63e6bf4afa9f6240cdfd0a658acacbe7209dc8c1b144,0,f_wrongstatic,case_fact,case_team_plus,0,R_eq_omega,262,300,300,0.8733,0.8,0,0,0
f73ca3324a321d80dc3d63e6bf4afa9f6240cdfd0a658acacbe7209dc8c1b144,0,f_wrongstatic,case_fact,case_team_plus,0,R_up_omega,38,300,300,0.1267,0.0722,0,0,0
f73ca3324a321d80dc3d63e6bf4afa9f6240cdfd0a658acacbe7209dc8c1b144,0,f_wrongstatic,case_fact,case_team_plus,0,R_down_omega,0,300,300,0.0,0.0,0,0,0
f73ca3324a321d80dc3d63e6bf4afa9f6240cdfd0a658acacbe7209dc8c1b144,0,f_wrongstatic,case_fact,case_team_plus,0,R_sign_eq,288,300,300,0.96,0.9092,1,0,1
f73ca3324a321d80dc3d63e6bf4afa9f6240cdfd0a658acacbe7209dc8c1b144,0,f_wrongstatic,case_fact,case_team_minus,0,R_eq_omega,257,300,300,0.8567,0.7805,0,0,0
f73ca3324a321d80dc3d63e6bf4afa9f6240cdfd0a658acacbe7209dc8c1b144,0,f_wrongstatic,case_fact,case_team_minus,0,R_up_omega,0,300,300,0.0,0.0,0,0,0
f73ca3324a321d80dc3d63e6bf4afa9f6240cdfd0a658acacbe7209dc8c1b144,0,f_wrongstatic,case_fact,case_team_minus,0,R_down_omega,43,300,300,0.1433,0.0852,0,0,0
f73ca3324a321d80dc3d63e6bf4afa9f6240cdfd0a658acacbe7209dc8c1b144,0,f_wrongstatic,case_fact,case_team_minus,0,R_sign_eq,279,300,300,0.93,0.8693,0,0,0
f73ca3324a321d80dc3d63e6bf4afa9f6240cdfd0a658acacbe7209dc8c1b144,0,f_wrongstatic,case_fact,case_risk_up,0,R_eq_omega,199,300,300,0.6633,0.5696,0,0,0
f73ca3324a321d80dc3d63e6bf4afa9f6240cdfd0a658acacbe7209dc8c1b144,0,f_wrongstatic,case_fact,case_risk_up,0,R_up_omega,101,300,300,0.3367,0.2511,0,0,0
f73ca3324a321d80dc3d63e6bf4afa9f6240cdfd0a658acacbe7209dc8c1b144,0,f_wrongstatic,case_fact,case_risk_up,0,R_down_omega,0,300,300,0.0,0.0,0,0,0
f73ca3324a321d80dc3d63e6bf4afa9f6240cdfd0a658acacbe7209dc8c1b144,0,f_wrongstatic,case_fact,case_risk_up,0,R_sign_eq,248,300,300,0.8267,0.7461,0,0,0
f73ca3324a321d80dc3d63e6bf4afa9f6240cdfd0a658acacbe7209dc8c1b144,0,f_wrongstatic,case_fact,case_risk_down,0,R_eq_omega,206,300,300,0.6867,0.594,0,0,0
f73ca3324a321d80dc3d63e6bf4afa9f6240cdfd0a658acacbe7209dc8c1b144,0,f_wrongstatic,case_fact,case_risk_down,0,R_up_omega,0,300,300,0.0,0.0,0,0,0
f73ca3324a321d80dc3d63e6bf4afa9f6240cdfd0a658acacbe7209dc8c1b144,0,f_wrongstatic,case_fact,case_risk_down,0,R_down_omega,94,300,300,0.3133,0.23,0,0,0
f73ca3324a321d80dc3d63e6bf4afa9f6240cdfd0a658acacbe7209dc8c1b144,0,f_wrongstatic,case_fact,case_risk_down,0,R_sign_eq,259,300,300,0.8633,0.7883,0,0,0
f73ca3324a321d80dc3d63e6bf4afa9f6240cdfd0a658acacbe7209dc8c1b144,0,f_wrongstochastic,identity,identity,1,R_eq_omega,300,300,300,1.0,0.9754,1,0,0
f73ca3324a321d80dc3d63e6bf4afa9f6240cdfd0a658acacbe7209dc8c1b144,0,f_wrongstochastic,identity,identity,1,R_up_omega,0,300,300,0.0,0.0,0,0,0
f73ca3324a321d80dc3d63e6bf4afa9f6240cdfd0a658acacbe7209dc8c1b144,0,f_wrongstochastic,identity,identity,1,R_down_omega,1,300,300,0.0033,0.0,0,0,0
f73ca3324a321d80dc3d63e6bf4afa9f6240cdfd0a658acacbe7209dc8c1b144,0,f_wrongstochastic,identity,identity,1,R_sign_eq,267,300,300,0.89,0.8199,0,0,0
f73ca3324a321d80dc3d63e6bf4afa9f6240cdfd0a658acacbe7209dc8c1b144,0,f_wrongstochastic,order,permute_founders,0,R_eq_omega,222,222,300,1.0,0.9669,1,0,1
f73ca3324a321d80dc3d63e6bf4afa9f6240cdfd0a658acacbe7209dc8c1b144,0,f_wrongstochastic,order,permute_founders,0,R_up_omega,0,222,300,0.0,0.0,0,0,0
f73ca3324a321d80dc3d63e6bf4afa9f6240cdfd0a658acacbe7209dc8c1b144,0,f_wrongstochastic,order,permute_founders,0,R_down_omega,1,222,300,0.0045,0.0,0,0,0
f73ca3324a321d80dc3d63e6bf4afa9f6240cdfd0a658acacbe7209dc8c1b144,0,f_wrongstochastic,order,permute_founders,0,R_sign_eq,202,222,300,0.9099,0.8312,0,0,0
f73ca3324a321d80dc3d63e6bf4afa9f6240cdfd0a658acacbe7209dc8c1b144,0,f_wrongstochastic,order,permute_risks,0,R_eq_omega,204,204,300,1.0,0.964,1,0,1
f73ca3324a321d80dc3d63e6bf4afa9f6240cdfd0a658acacbe7209dc8c1b144,0,f_wrongstochastic,order,permute_risks,0,R_up_omega,0,204,300,0.0,0.0,0,0,0
f73ca3324a321d80dc3d63e6bf4afa9f6240cdfd0a658acacbe7209dc8c1b144,0,f_wrongstochastic,order,permute_risks,0,R_down_omega,1,204,300,0.0049,0.0,0,0,0
f73ca3324a321d80dc3d63e6bf4afa9f6240cdfd0a658acacbe7209dc8c1b144,0,f_wrongstochastic,order,permute_risks,0,R_sign_eq,181,204,300,0.8873,0.7987,0,0,0
f73ca3324a321d80dc3d63e6bf4afa9f6240cdfd0a658acacbe7209dc8c1b144,0,f_wrongstochastic,optional,replace_description,0,R_eq_omega,300,300,300,1.0,0.9754,1,0,1
f73ca3324a321d80dc3d63e6bf4afa9f6240cdfd0a658acacbe7209dc8c1b144,0,f_wrongstochastic,optional,replace_description,0,R_up_omega,0,300,300,0.0,0.0,0,0,0
f73ca3324a321d80dc3d63e6bf4afa9f6240cdfd0a658acacbe7209dc8c1b144,0,f_wrongstochastic,optional,replace_description,0,R_down_omega,1,300,300,0.0033,0.0,0,0,0
f73ca3324a321d80dc3d63e6bf4afa9f6240cdfd0a658acacbe7209dc8c1b144,0,f_wrongstochastic,optional,replace_description,0,R_sign_eq,267,300,300,0.89,0.8199,0,0,0
f73ca3324a321d80dc3d63e6bf4afa9f6240cdfd0a658acacbe7209dc8c1b144,0,f_wrongstochastic,optional,blank_description,0,R_eq_omega,300,300,300,1.0,0.9754,1,0,1
f73ca3324a321d80dc3d63e6bf4afa9f6240cdfd0a658acacbe7209dc8c1b144,0,f_wrongstochastic,optional,blank_description,0,R_up_omega,0,300,300,0.0,0.0,0,0,0
f73ca3324a321d80dc3d63e6bf4afa9f6240cdfd0a658acacbe7209dc8c1b144,0,f_wrongstochastic,optional,blank_description,0,R_down_omega,1,300,300,0.0033,0.0,0,0,0
f73ca3324a321d80dc3d63e6bf4afa9f6240cdfd0a658acacbe7209dc8c1b144,0,f_wrongstochastic,optional,blank_description,0,R_sign_eq,267,300,300,0.89,0.8199,0,0,0
f73ca3324a321d80dc3d63e6bf4afa9f6240cdfd0a658acacbe7209dc8c1b144,0,f_wrongstochastic,non_rule_fact,add_risk_item,0,R_eq_omega,300,300,300,1.0,0.9754,1,0,1
f73ca3324a321d80dc3d63e6bf4afa9f6240cdfd0a658acacbe7209dc8c1b144,0,f_wrongstochastic,non_rule_fact,add_risk_item,0,R_up_omega,0,300,300,0.0,0.0,0,0,0
f73ca3324a321d80dc3d63e6bf4afa9f6240cdfd0a658acacbe7209dc8c1b144,0,f_wrongstochastic,non_rule_fact,add_risk_item,0,R_down_omega,1,300,300,0.0033,0.0,0,0,0
f73ca3324a321d80dc3d63e6bf4afa9f6240cdfd0a658acacbe7209dc8c1b144,0,f_wrongstochastic,non_rule_fact,add_risk_item,0,R_sign_eq,267,300,300,0.89,0.8199,0,0,0
f73ca3324a321d80dc3d63e6bf4afa9f6240cdfd0a658acacbe7209dc8c1b144,0,f_wrongstochastic,non_rule_fact,drop_risk_item,0,R_eq_omega,256,256,300,1.0,0.9712,1,0,1
f73ca3324a321d80dc3d63e6bf4afa9f6240cdfd0a658acacbe7209dc8c1b144,0,f_wrongstochastic,non_rule_fact,drop_risk_item,0,R_up_omega,0,256,300,0.0,0.0,0,0,0
f73ca3324a321d80dc3d63e6bf4afa9f6240cdfd0a658acacbe7209dc8c1b144,0,f_wrongstochastic,non_rule_fact,drop_risk_item,0,R_down_omega,1,256,300,0.0039,0.0,0,0,0
f73ca3324a321d80dc3d63e6bf4afa9f6240cdfd0a658acacbe7209dc8c1b144,0,f_wrongstochastic,non_rule_fact,drop_risk_item,0,R_sign_eq,226,256,300,0.8828,0.8044,0,0,0
f73ca3324a321d80dc3d63e6bf4afa9f6240cdfd0a658acacbe7209dc8c1b144,0,f_wrongstochastic,non_rule_fact,bump_founder_experience,0,R_eq_omega,300,300,300,1.0,0.9754,1,0,1
f73ca3324a321d80dc3d63e6bf4afa9f6240cdfd0a658acacbe7209dc8c1b144,0,f_wrongstochastic,non_rule_fact,bump_founder_experience,0,R_up_omega,0,300,300,0.0,0.0,0,0,0
f73ca3324a321d80dc3d63e6bf4afa9f6240cdfd0a658acacbe7209dc8c1b144,0,f_wrongstochastic,non_rule_fact,bump_founder_experience,0,R_down_omega,1,300,300,0.0033,0.0,0,0,0
f73ca3324a321d80dc3d63e6bf4afa9f6240cdfd0a658acacbe7209dc8c1b144,0,f_wrongstochastic,non_rule_fact,bump_founder_experience,0,R_sign_eq,267,300,300,0.89,0.8199,0,0,0
f73ca3324a321d80dc3d63e6bf4afa9f6240cdfd0a658acacbe7209dc8c1b144,0,f_wrongstochastic,rule_threshold,strengthen_revenue_threshold,0,R_eq_omega,253,300,300,0.8433,0.7651,0,0,0
f73ca3324a321d80dc3d63e6bf4afa9f6240cdfd0a658acacbe7209dc8c1b144,0,f_wrongstochastic,rule_threshold,strengthen_revenue_threshold,0,R_up_omega,0,300,300,0.0,0.0,0,0,0
f73ca3324a321d80dc3d63e6bf4afa9f6240cdfd0a658acacbe7209dc8c1b144,0,f_wrongstochastic,rule_threshold,strengthen_revenue_threshold,0,R_down_omega,47,300,300,0.1567,0.0958,0,0,0
f73ca3324a321d80dc3d63e6bf4afa9f6240cdfd0a658acacbe7209dc8c1b144,0,f_wrongstochastic,rule_threshold,strengthen_revenue_threshold,0,R_sign_eq,247,300,300,0.8233,0.7424,0,0,0
f73ca3324a321d80dc3d63e6bf4afa9f6240cdfd0a658acacbe7209dc8c1b144,0,f_wrongstochastic,rule_threshold,weaken_revenue_threshold,0,R_eq_omega,258,300,300,0.86,0.7844,0,0,0
f73ca3324a321d80dc3d63e6bf4afa9f6240cdfd0a658acacbe7209dc8c1b144,0,f_wrongstochastic,rule_threshold,weaken_revenue_threshold,0,R_up_omega,43,300,300,0.1433,0.0852,0,0,0
f73ca3324a321d80dc3d63e6bf4afa9f6240cdfd0a658acacbe7209dc8c1b144,0,f_wrongstochastic,rule_threshold,weaken_revenue_threshold,0,R_down_omega,1,300,300,0.0033,0.0,0,0,0
f73ca3324a321d80dc3d63e6bf4afa9f6240cdfd0a658acacbe7209dc8c1b144,0,f_wrongstochastic,rule_threshold,weaken_revenue_threshold,0,R_sign_eq,254,300,300,0.8467,0.769,0,0,0
f73ca3324a321d80dc3d63e6bf4afa9f6240cdfd0a658acacbe7209dc8c1b144,0,f_wrongstochastic,rule_threshold,strengthen_team_threshold,0,R_eq_omega,237,300,300,0.79,0.7051,0,0,0
f73ca3324a321d80dc3d63e6bf4afa9f6240cdfd0a658acacbe7209dc8c1b144,0,f_wrongstochastic,rule_threshold,strengthen_team_threshold,0,R_up_omega,0,300,300,0.0,0.0,0,0,0
f73ca3324a321d80dc3d63e6bf4afa9f6240cdfd0a658acacbe7209dc8c1b144,0,f_wrongstochastic,rule_threshold,strengthen_team_threshold,0,R_down_omega,64,300,300,0.2133,0.1425,0,0,0
f73ca3324a321d80dc3d63e6bf4afa9f6240cdfd0a658acacbe7209dc8c1b144,0,f_wrongstochastic,rule_threshold,strengthen_team_threshold,0,R_sign_eq,244,300,300,0.8133,0.7311,0,0,0
f73ca3324a321d80dc3d63e6bf4afa9f6240cdfd0a658acacbe7209dc8c1b144,0,f_wrongstochastic,rule_threshold,weaken_team_threshold,0,R_eq_omega,273,300,300,0.91,0.8442,0,0,0
f73ca3324a321d80dc3d63e6bf4afa9f6240cdfd0a658acacbe7209dc8c1b144,0,f_wrongstochastic,rule_threshold,weaken_team_threshold,0,R_up_omega,29,300,300,0.0967,0.0498,0,0,0
f73ca3324a321d80dc3d63e6bf4afa9f6240cdfd0a658acacbe7209dc8c1b144,0,f_wrongstochastic,rule_threshold,weaken_team_threshold,0,R_down_omega,1,300,300,0.0033,0.0,0,0,0
f73ca3324a321d80dc3d63e6bf4afa9f6240cdfd0a658acacbe7209dc8c1b144,0,f_wrongstochastic,rule_threshold,weaken_team_threshold,0,R_sign_eq,259,300,300,0.8633,0.7883,0,0,0
f73ca3324a321d80dc3d63e6bf4afa9f6240cdfd0a658acacbe7209dc8c1b144,0,f_wrongstochastic,rule_threshold,strengthen_risk_threshold,0,R_eq_omega,270,300,300,0.9,0.832,0,0,0
f73ca3324a321d80dc3d63e6bf4afa9f6240cdfd0a658acacbe7209dc8c1b144,0,f_wrongstochastic,rule_threshold,strengthen_risk_threshold,0,R_up_omega,0,300,300,0.0,0.0,0,0,0
f73ca3324a321d80dc3d63e6bf4afa9f6240cdfd0a658acacbe7209dc8c1b144,0,f_wrongstochastic,rule_threshold,strengthen_risk_threshold,0,R_down_omega,31,300,300,0.1033,0.0546,0,0,0
f73ca3324a321d80dc3d63e6bf4afa9f6240cdfd0a658acacbe7209dc8c1b144,0,f_wrongstochastic,rule_threshold,strengthen_risk_threshold,0,R_sign_eq,251,300,300,0.8367,0.7575,0,0,0
f73ca3324a321d80dc3d63e6bf4afa9f6240cdfd0a658acacbe7209dc8c1b144,0,f_wrongstochastic,rule_threshold,weaken_risk_threshold,0,R_eq_omega,284,300,300,0.9467,0.8911,0,0,0
f73ca3324a321d80dc3d63e6bf4afa9f6240cdfd0a658acacbe7209dc8c1b144,0,f_wrongstochastic,rule_threshold,weaken_risk_threshold,0,R_up_omega,16,300,300,0.0533,0.0205,0,0,0
f73ca3324a321d80dc3d63e6bf4afa9f6240cdfd0a658acacbe7209dc8c1b144,0,f_wrongstochastic,rule_threshold,weaken_risk_threshold,0,R_down_omega,1,300,300,0.0033,0.0,0,0,0
f73ca3324a321d80dc3d63e6bf4afa9f6240cdfd0a658acacbe7209dc8c1b144,0,f_wrongstochastic,rule_threshold,weaken_risk_threshold,0,R_sign_eq,267,300,300,0.89,0.8199,0,0,0
f73ca3324a321d80dc3d63e6bf4afa9f6240cdfd0a658acacbe7209dc8c1b144,0,f_wrongstochastic,rule_clause,add_strict_clause,0,R_eq_omega,260,300,300,0.8667,0.7922,0,0,0
f73ca3324a321d80dc3d63e6bf4afa9f6240cdfd0a658acacbe7209dc8c1b144,0,f_wrongstochastic,rule_clause,add_strict_clause,0,R_up_omega,0,300,300,0.0,0.0,0,0,0
f73ca3324a321d80dc3d63e6bf4afa9f6240cdfd0a658acacbe7209dc8c1b144,0,f_wrongstochastic,rule_clause,add_strict_clause,0,R_down_omega,44,300,300,0.1467,0.0878,0,0,0
f73ca3324a321d80dc3d63e6bf4afa9f6240cdfd0a658acacbe7209dc8c1b144,0,f_wrongstochastic,rule_clause,add_strict_clause,0,R_sign_eq,277,300,300,0.9233,0.8609,0,0,0
f73ca3324a321d80dc3d63e6bf4afa9f6240cdfd0a658acacbe7209dc8c1b144,0,f_wrongstochastic,rule_clause,remove_last_clause,0,R_eq_omega,266,300,300,0.8867,0.8159,0,0,0
f73ca3324a321d80dc3d63e6bf4afa9f6240cdfd0a658acacbe7209dc8c1b144,0,f_wrongstochastic,rule_clause,remove_last_clause,0,R_up_omega,20,300,300,0.0667,0.029,0,0,0
f73ca3324a321d80dc3d63e6bf4afa9f6240cdfd0a658acacbe7209dc8c1b144,0,f_wrongstochastic,rule_clause,remove_last_clause,0,R_down_omega,14,300,300,0.0467,0.0165,0,0,0
f73ca3324a321d80dc3d63e6bf4afa9f6240cdfd0a658acacbe7209dc8c1b144,0,f_wrongstochastic,rule_clause,remove_last_clause,0,R_sign_eq,262,300,300,0.8733,0.8,0,0,0
f73ca3324a321d80dc3d63e6bf4afa9f6240cdfd0a658acacbe7209dc8c1b144,0,f_wrongstochastic,case_fact,case_revenue_up,0,R_eq_omega,258,300,300,0.86,0.7844,0,0,0
f73ca3324a321d80dc3d63e6bf4afa9f6240cdfd0a658acacbe7209dc8c1b144,0,f_wrongstochastic,case_fact,case_revenue_up,0,R_up_omega,43,300,300,0.1433,0.0852,0,0,0
f73ca3324a321d80dc3d63e6bf4afa9f6240cdfd0a658acacbe7209dc8c1b144,0,f_wrongstochastic,case_fact,case_revenue_up,0,R_down_omega,1,300,300,0.0033,0.0,0,0,0
f73ca3324a321d80dc3d63e6bf4afa9f6240cdfd0a658acacbe7209dc8c1b144,0,f_wrongstochastic,case_fact,case_revenue_up,0,R_sign_eq,254,300,300,0.8467,0.769,0,0,0
f73ca3324a321d80dc3d63e6bf4afa9f6240cdfd0a658acacbe7209dc8c1b144,0,f_wrongstochastic,case_fact,case_revenue_down,0,R_eq_omega,253,300,300,0.8433,0.7651,0,0,0
f73ca3324a321d80dc3d63e6bf4afa9f6240cdfd0a658acacbe7209dc8c1b144,0,f_wrongstochastic,case_fact,case_revenue_down,0,R_up_omega,0,300,300,0.0,0.0,0,0,0
f73ca3324a321d80dc3d63e6bf4afa9f6240cdfd0a658acacbe7209dc8c1b144,0,f_wrongstochastic,case_fact,case_revenue_down,0,R_down_omega,47,300,300,0.1567,0.0958,0,0,0
f73ca3324a321d80dc3d63e6bf4afa9f6240cdfd0a658acacbe7209dc8c1b144,0,f_wrongstochastic,case_fact,case_revenue_down,0,R_sign_eq,247,300,300,0.8233,0.7424,0,0,0
f73ca3324a321d80dc3d63e6bf4afa9f6240cdfd0a658acacbe7209dc8c1b144,0,f_wrongstochastic,case_fact,case_team_plus,0,R_eq_omega,273,300,300,0.91,0.8442,0,0,0
f73ca3324a321d80dc3d63e6bf4afa9f6240cdfd0a658acacbe7209dc8c1b144,0,f_wrongstochastic,case_fact,case_team_plus,0,R_up_omega,29,300,300,0.0967,0.0498,0,0,0
f73ca3324a321d80dc3d63e6bf4afa9f6240cdfd0a658acacbe7209dc8c1b144,0,f_wrongstochastic,case_fact,case_team_plus,0,R_down_omega,1,300,300,0.0033,0.0,0,0,0
f73ca3324a321d80dc3d63e6bf4afa9f6240cdfd0a658acacbe7209dc8c1b144,0,f_wrongstochastic,case_fact,case_team_plus,0,R_sign_eq,259,300,300,0.8633,0.7883,0,0,0
f73ca3324a321d80dc3d63e6bf4afa9f6240cdfd0a658acacbe7209dc8c1b144,0,f_wrongstochastic,case_fact,case_team_minus,0,R_eq_omega,268,300,300,0.8933,0.8239,0,0,0
f73ca3324a321d80dc3d63e6bf4afa9f6240cdfd0a658acacbe7209dc8c1b144,0,f_wrongstochastic,case_fact,case_team_minus,0,R_up_omega,0,300,300,0.0,0.0,0,0,0
f73ca3324a321d80dc3d63e6bf4afa9f6240cdfd0a658acacbe7209dc8c1b144,0,f_wrongstochastic,case_fact,case_team_minus,0,R_down_omega,33,300,300,0.11,0.0596,0,0,0
f73ca3324a321d80dc3d63e6bf4afa9f6240cdfd0a658acacbe7209dc8c1b144,0,f_wrongstochastic,case_fact,case_team_minus,0,R_sign_eq,260,300,300,0.8667,0.7922,0,0,0
f73ca3324a321d80dc3d63e6bf4afa9f6240cdfd0a658acacbe7209dc8c1b144,0,f_wrongstochastic,case_fact,case_risk_up,0,R_eq_omega,258,300,300,0.86,0.7844,0,0,0
f73ca3324a321d80dc3d63e6bf4afa9f6240cdfd0a658acacbe7209dc8c1b144,0,f_wrongstochastic,case_fact,case_risk_up,0,R_up_omega,0,300,300,0.0,0.0,0,0,0
f73ca3324a321d80dc3d63e6bf4afa9f6240cdfd0a658acacbe7209dc8c1b144,0,f_wrongstochastic,case_fact,case_risk_up,0,R_down_omega,43,300,300,0.1433,0.0852,0,0,0
f73ca3324a321d80dc3d63e6bf4afa9f6240cdfd0a658acacbe7209dc8c1b144,0,f_wrongstochastic,case_fact,case_risk_up,0,R_sign_eq,244,300,300,0.8133,0.7311,0,0,0
f73ca3324a321d80dc3d63e6bf4afa9f6240cdfd0a658acacbe7209dc8c1b144,0,f_wrongstochastic,case_fact,case_risk_down,0,R_eq_omega,284,300,300,0.9467,0.8911,0,0,0
f73ca3324a321d80dc3d63e6bf4afa9f6240cdfd0a658acacbe7209dc8c1b144,0,f_wrongstochastic,case_fact,case_risk_down,0,R_up_omega,16,300,300,0.0533,0.0205,0,0,0
f73ca3324a321d80dc3d63e6bf4afa9f6240cdfd0a658acacbe7209dc8c1b144,0,f_wrongstochastic,case_fact,case_risk_down,0,R_down_omega,1,300,300,0.0033,0.0,0,0,0
f73ca3324a321d80dc3d63e6bf4afa9f6240cdfd0a658acacbe7209dc8c1b144,0,f_wrongstochastic,case_fact,case_risk_down,0,R_sign_eq,267,300,300,0.89,0.8199,0,0,0
f73ca3324a321d80dc3d63e6bf4afa9f6240cdfd0a658acacbe7209dc8c1b144,1,f_track,identity,identity,1,R_eq_omega,300,300,300,1.0,0.9754,1,0,0
f73ca3324a321d80dc3d63e6bf4afa9f6240cdfd0a658acacbe7209dc8c1b144,1,f_track,identity,identity,1,R_up_omega,0,300,300,0.0,0.0,0,0,0
f73ca3324a321d80dc3d63e6bf4afa9f6240cdfd0a658acacbe7209dc8c1b144,1,f_track,identity,identity,1,R_down_omega,0,300,300,0.0,0.0,0,0,0
f73ca3324a321d80dc3d63e6bf4afa9f6240cdfd0a658acacbe7209dc8c1b144,1,f_track,identity,identity,1,R_sign_eq,300,300,300,1.0,0.9754,1,0,0
f73ca3324a321d80dc3d63e6bf4afa9f6240cdfd0a658acacbe7209dc8c1b144,1,f_track,order,permute_founders,0,R_eq_omega,220,220,300,1.0,0.9666,1,0,1
f73ca3324a321d80dc3d63e6bf4afa9f6240cdfd0a658acacbe7209dc8c1b144,1,f_track,order,permute_founders,0,R_up_omega,0,220,300,0.0,0.0,0,0,0
f73ca3324a321d80dc3d63e6bf4afa9f6240cdfd0a658acacbe7209dc8c1b144,1,f_track,order,permute_founders,0,R_down_omega,0,220,300,0.0,0.0,0,0,0
f73ca3324a321d80dc3d63e6bf4afa9f6240cdfd0a658acacbe7209dc8c1b144,1,f_track,order,permute_founders,0,R_sign_eq,220,220,300,1.0,0.9666,1,0,1
f73ca3324a321d80dc3d63e6bf4afa9f6240cdfd0a658acacbe7209dc8c1b144,1,f_track,order,permute_risks,0,R_eq_omega,183,183,300,1.0,0.96,1,0,1
f73ca3324a321d80dc3d63e6bf4afa9f6240cdfd0a658acacbe7209dc8c1b144,1,f_track,order,permute_risks,0,R_up_omega,0,183,300,0.0,0.0,0,0,0
f73ca3324a321d80dc3d63e6bf4afa9f6240cdfd0a658acacbe7209dc8c1b144,1,f_track,order,permute_risks,0,R_down_omega,0,183,300,0.0,0.0,0,0,0
f73ca3324a321d80dc3d63e6bf4afa9f6240cdfd0a658acacbe7209dc8c1b144,1,f_track,order,permute_risks,0,R_sign_eq,183,183,300,1.0,0.96,1,0,1
f73ca3324a321d80dc3d63e6bf4afa9f6240cdfd0a658acacbe7209dc8c1b144,1,f_track,optional,replace_description,0,R_eq_omega,300,300,300,1.0,0.9754,1,0,1
f73ca3324a321d80dc3d63e6bf4afa9f6240cdfd0a658acacbe7209dc8c1b144,1,f_track,optional,replace_description,0,R_up_omega,0,300,300,0.0,0.0,0,0,0
f73ca3324a321d80dc3d63e6bf4afa9f6240cdfd0a658acacbe7209dc8c1b144,1,f_track,optional,replace_description,0,R_down_omega,0,300,300,0.0,0.0,0,0,0
f73ca3324a321d80dc3d63e6bf4afa9f6240cdfd0a658acacbe7209dc8c1b144,1,f_track,optional,replace_description,0,R_sign_eq,300,300,300,1.0,0.9754,1,0,1
f73ca3324a321d80dc3d63e6bf4afa9f6240cdfd0a658acacbe7209dc8c1b144,1,f_track,optional,blank_description,0,R_eq_omega,300,300,300,1.0,0.9754,1,0,1
f73ca3324a321d80dc3d63e6bf4afa9f6240cdfd0a658acacbe7209dc8c1b144,1,f_track,optional,blank_description,0,R_up_omega,0,300,300,0.0,0.0,0,0,0
f73ca3324a321d80dc3d63e6bf4afa9f6240cdfd0a658acacbe7209dc8c1b144,1,f_track,optional,blank_description,0,R_down_omega,0,300,300,0.0,0.0,0,0,0
f73ca3324a321d80dc3d63e6bf4afa9f6240cdfd0a658acacbe7209dc8c1b144,1,f_track,optional,blank_description,0,R_sign_eq,300,300,300,1.0,0.9754,1,0,1
f73ca3324a321d80dc3d63e6bf4afa9f6240cdfd0a658acacbe7209dc8c1b144,1,f_track,non_rule_fact,add_risk_item,0,R_eq_omega,300,300,300,1.0,0.9754,1,0,1
f73ca3324a321d80dc3d63e6bf4afa9f6240cdfd0a658acacbe7209dc8c1b144,1,f_track,non_rule_fact,add_risk_item,0,R_up_omega,0,300,300,0.0,0.0,0,0,0
f73ca3324a321d80dc3d63e6bf4afa9f6240cdfd0a658acacbe7209dc8c1b144,1,f_track,non_rule_fact,add_risk_item,0,R_down_omega,0,300,300,0.0,0.0,0,0,0
f73ca3324a321d80dc3d63e6bf4afa9f6240cdfd0a658acacbe7209dc8c1b144,1,f_track,non_rule_fact,add_risk_item,0,R_sign_eq,300,300,300,1.0,0.9754,1,0,1
f73ca3324a321d80dc3d63e6bf4afa9f6240cdfd0a658acacbe7209dc8c1b144,1,f_track,non_rule_fact,drop_risk_item,0,R_eq_omega,250,250,300,1.0,0.9706,1,0,1
f73ca3324a321d80dc3d63e6bf4afa9f6240cdfd0a658acacbe7209dc8c1b144,1,f_track,non_rule_fact,drop_risk_item,0,R_up_omega,0,250,300,0.0,0.0,0,0,0
f73ca3324a321d80dc3d63e6bf4afa9f6240cdfd0a658acacbe7209dc8c1b144,1,f_track,non_rule_fact,drop_risk_item,0,R_down_omega,0,250,300,0.0,0.0,0,0,0
f73ca3324a321d80dc3d63e6bf4afa9f6240cdfd0a658acacbe7209dc8c1b144,1,f_track,non_rule_fact,drop_risk_item,0,R_sign_eq,250,250,300,1.0,0.9706,1,0,1
f73ca3324a321d80dc3d63e6bf4afa9f6240cdfd0a658acacbe7209dc8c1b144,1,f_track,non_rule_fact,bump_founder_experience,0,R_eq_omega,300,300,300,1.0,0.9754,1,0,1
f73ca3324a321d80dc3d63e6bf4afa9f6240cdfd0a658acacbe7209dc8c1b144,1,f_track,non_rule_fact,bump_founder_experience,0,R_up_omega,0,300,300,0.0,0.0,0,0,0
f73ca3324a321d80dc3d63e6bf4afa9f6240cdfd0a658acacbe7209dc8c1b144,1,f_track,non_rule_fact,bump_founder_experience,0,R_down_omega,0,300,300,0.0,0.0,0,0,0
f73ca3324a321d80dc3d63e6bf4afa9f6240cdfd0a658acacbe7209dc8c1b144,1,f_track,non_rule_fact,bump_founder_experience,0,R_sign_eq,300,300,300,1.0,0.9754,1,0,1
f73ca3324a321d80dc3d63e6bf4afa9f6240cdfd0a658acacbe7209dc8c1b144,1,f_track,rule_threshold,strengthen_revenue_threshold,0,R_eq_omega,238,300,300,0.7933,0.7088,0,0,0
f73ca3324a321d80dc3d63e6bf4afa9f6240cdfd0a658acacbe7209dc8c1b144,1,f_track,rule_threshold,strengthen_revenue_threshold,0,R_up_omega,0,300,300,0.0,0.0,0,0,0
f73ca3324a321d80dc3d63e6bf4afa9f6240cdfd0a658acacbe7209dc8c1b144,1,f_track,rule_threshold,strengthen_revenue_threshold,0,R_down_omega,62,300,300,0.2067,0.1369,0,0,0
f73ca3324a321d80dc3d63e6bf4afa9f6240cdfd0a658acacbe7209dc8c1b144,1,f_track,rule_threshold,strengthen_revenue_threshold,0,R_sign_eq,268,300,300,0.8933,0.8239,0,0,0
f73ca3324a321d80dc3d63e6bf4afa9f6240cdfd0a658acacbe7209dc8c1b144,1,f_track,rule_threshold,weaken_revenue_threshold,0,R_eq_omega,232,300,300,0.7733,0.6868,0,0,0
f73ca3324a321d80dc3d63e6bf4afa9f6240cdfd0a658acacbe7209dc8c1b144,1,f_track,rule_threshold,weaken_revenue_threshold,0,R_up_omega,68,300,300,0.2267,0.1538,0,0,0
f73ca3324a321d80dc3d63e6bf4afa9f6240cdfd0a658acacbe7209dc8c1b144,1,f_track,rule_threshold,weaken_revenue_threshold,0,R_down_omega,0,300,300,0.0,0.0,0,0,0
f73ca3324a321d80dc3d63e6bf4afa9f6240cdfd0a658acacbe7209dc8c1b144,1,f_track,rule_threshold,weaken_revenue_threshold,0,R_sign_eq,259,300,300,0.8633,0.7883,0,0,0
f73ca3324a321d80dc3d63e6bf4afa9f6240cdfd0a658acacbe7209dc8c1b144,1,f_track,rule_threshold,strengthen_team_threshold,0,R_eq_omega,227,300,300,0.7567,0.6686,0,0,0
f73ca3324a321d80dc3d63e6bf4afa9f6240cdfd0a658acacbe7209dc8c1b144,1,f_track,rule_threshold,strengthen_team_threshold,0,R_up_omega,0,300,300,0.0,0.0,0,0,0
f73ca3324a321d80dc3d63e6bf4afa9f6240cdfd0a658acacbe7209dc8c1b144,1,f_track,rule_threshold,strengthen_team_threshold,0,R_down_omega,73,300,300,0.2433,0.1682,0,0,0
f73ca3324a321d80dc3d63e6bf4afa9f6240cdfd0a658acacbe7209dc8c1b144,1,f_track,rule_threshold,strengthen_team_threshold,0,R_sign_eq,263,300,300,0.8767,0.804,0,0,0
f73ca3324a321d80dc3d63e6bf4afa9f6240cdfd0a658acacbe7209dc8c1b144,1,f_track,rule_threshold,weaken_team_threshold,0,R_eq_omega,263,300,300,0.8767,0.804,0,0,0
f73ca3324a321d80dc3d63e6bf4afa9f6240cdfd0a658acacbe7209dc8c1b144,1,f_track,rule_threshold,weaken_team_threshold,0,R_up_omega,37,300,300,0.1233,0.0696,0,0,0
f73ca3324a321d80dc3d63e6bf4afa9f6240cdfd0a658acacbe7209dc8c1b144,1,f_track,rule_threshold,weaken_team_threshold,0,R_down_omega,0,300,300,0.0,0.0,0,0,0
f73ca3324a321d80dc3d63e6bf4afa9f6240cdfd0a658acacbe7209dc8c1b144,1,f_track,rule_threshold,weaken_team_threshold,0,R_sign_eq,277,300,300,0.9233,0.8609,0,0,0
f73ca3324a321d80dc3d63e6bf4afa9f6240cdfd0a658acacbe7209dc8c1b144,1,f_track,rule_threshold,strengthen_risk_threshold,0,R_eq_omega,239,300,300,0.7967,0.7125,0,0,0
f73ca3324a321d80dc3d63e6bf4afa9f6240cdfd0a658acacbe7209dc8c1b144,1,f_track,rule_threshold,strengthen_risk_threshold,0,R_up_omega,0,300,300,0.0,0.0,0,0,0
f73ca3324a321d80dc3d63e6bf4afa9f6240cdfd0a658acacbe7209dc8c1b144,1,f_track,rule_threshold,strengthen_risk_threshold,0,R_down_omega,61,300,300,0.2033,0.1341,0,0,0
f73ca3324a321d80dc3d63e6bf4afa9f6240cdfd0a658acacbe7209dc8c1b144,1,f_track,rule_threshold,strengthen_risk_threshold,0,R_sign_eq,280,300,300,0.9333,0.8736,0,0,0
f73ca3324a321d80dc3d63e6bf4afa9f6240cdfd0a658acacbe7209dc8c1b144,1,f_track,rule_threshold,weaken_risk_threshold,0,R_eq_omega,200,300,300,0.6667,0.5731,0,0,0
f73ca3324a321d80dc3d63e6bf4afa9f6240cdfd0a658acacbe7209dc8c1b144,1,f_track,rule_threshold,weaken_risk_threshold,0,R_up_omega,100,300,300,0.3333,0.2481,0,0,0
f73ca3324a321d80dc3d63e6bf4afa9f6240cdfd0a658acacbe7209dc8c1b144,1,f_track,rule_threshold,weaken_risk_threshold,0,R_down_omega,0,300,300,0.0,0.0,0,0,0
f73ca3324a321d80dc3d63e6bf4afa9f6240cdfd0a658acacbe7209dc8c1b144,1,f_track,rule_threshold,weaken_risk_threshold,0,R_sign_eq,246,300,300,0.82,0.7386,0,0,0
f73ca3324a321d80dc3d63e6bf4afa9f6240cdfd0a658acacbe7209dc8c1b144,1,f_track,rule_clause,add_strict_clause,0,R_eq_omega,174,300,300,0.58,0.4845,0,0,0
f73ca3324a321d80dc3d63e6bf4afa9f6240cdfd0a658acacbe7209dc8c1b144,1,f_track,rule_clause,add_strict_clause,0,R_up_omega,0,300,300,0.0,0.0,0,0,0
f73ca3324a321d80dc3d63e6bf4afa9f6240cdfd0a658acacbe7209dc8c1b144,1,f_track,rule_clause,add_strict_clause,0,R_down_omega,149,300,300,0.4967,0.4021,0,0,0
f73ca3324a321d80dc3d63e6bf4afa9f6240cdfd0a658acacbe7209dc8c1b144,1,f_track,rule_clause,add_strict_clause,0,R_sign_eq,295,300,300,0.9833,0.9437,1,0,1
f73ca3324a321d80dc3d63e6bf4afa9f6240cdfd0a658acacbe7209dc8c1b144,1,f_track,rule_clause,remove_last_clause,0,R_eq_omega,159,300,300,0.53,0.4347,0,0,0
f73ca3324a321d80dc3d63e6bf4afa9f6240cdfd0a658acacbe7209dc8c1b144,1,f_track,rule_clause,remove_last_clause,0,R_up_omega,90,300,300,0.3,0.218,0,0,0
f73ca3324a321d80dc3d63e6bf4afa9f6240cdfd0a658acacbe7209dc8c1b144,1,f_track,rule_clause,remove_last_clause,0,R_down_omega,56,300,300,0.1867,0.1202,0,0,0
f73ca3324a321d80dc3d63e6bf4afa9f6240cdfd0a658acacbe7209dc8c1b144,1,f_track,rule_clause,remove_last_clause,0,R_sign_eq,245,300,300,0.8167,0.7349,0,0,0
f73ca3324a321d80dc3d63e6bf4afa9f6240cdfd0a658acacbe7209dc8c1b144,1,f_track,case_fact,case_revenue_up,0,R_eq_omega,232,300,300,0.7733,0.6868,0,0,0
f73ca3324a321d80dc3d63e6bf4afa9f6240cdfd0a658acacbe7209dc8c1b144,1,f_track,case_fact,case_revenue_up,0,R_up_omega,68,300,300,0.2267,0.1538,0,0,0
f73ca3324a321d80dc3d63e6bf4afa9f6240cdfd0a658acacbe7209dc8c1b144,1,f_track,case_fact,case_revenue_up,0,R_down_omega,0,300,300,0.0,0.0,0,0,0
f73ca3324a321d80dc3d63e6bf4afa9f6240cdfd0a658acacbe7209dc8c1b144,1,f_track,case_fact,case_revenue_up,0,R_sign_eq,259,300,300,0.8633,0.7883,0,0,0
f73ca3324a321d80dc3d63e6bf4afa9f6240cdfd0a658acacbe7209dc8c1b144,1,f_track,case_fact,case_revenue_down,0,R_eq_omega,238,300,300,0.7933,0.7088,0,0,0
f73ca3324a321d80dc3d63e6bf4afa9f6240cdfd0a658acacbe7209dc8c1b144,1,f_track,case_fact,case_revenue_down,0,R_up_omega,0,300,300,0.0,0.0,0,0,0
f73ca3324a321d80dc3d63e6bf4afa9f6240cdfd0a658acacbe7209dc8c1b144,1,f_track,case_fact,case_revenue_down,0,R_down_omega,62,300,300,0.2067,0.1369,0,0,0
f73ca3324a321d80dc3d63e6bf4afa9f6240cdfd0a658acacbe7209dc8c1b144,1,f_track,case_fact,case_revenue_down,0,R_sign_eq,268,300,300,0.8933,0.8239,0,0,0
f73ca3324a321d80dc3d63e6bf4afa9f6240cdfd0a658acacbe7209dc8c1b144,1,f_track,case_fact,case_team_plus,0,R_eq_omega,263,300,300,0.8767,0.804,0,0,0
f73ca3324a321d80dc3d63e6bf4afa9f6240cdfd0a658acacbe7209dc8c1b144,1,f_track,case_fact,case_team_plus,0,R_up_omega,37,300,300,0.1233,0.0696,0,0,0
f73ca3324a321d80dc3d63e6bf4afa9f6240cdfd0a658acacbe7209dc8c1b144,1,f_track,case_fact,case_team_plus,0,R_down_omega,0,300,300,0.0,0.0,0,0,0
f73ca3324a321d80dc3d63e6bf4afa9f6240cdfd0a658acacbe7209dc8c1b144,1,f_track,case_fact,case_team_plus,0,R_sign_eq,277,300,300,0.9233,0.8609,0,0,0
f73ca3324a321d80dc3d63e6bf4afa9f6240cdfd0a658acacbe7209dc8c1b144,1,f_track,case_fact,case_team_minus,0,R_eq_omega,263,300,300,0.8767,0.804,0,0,0
f73ca3324a321d80dc3d63e6bf4afa9f6240cdfd0a658acacbe7209dc8c1b144,1,f_track,case_fact,case_team_minus,0,R_up_omega,0,300,300,0.0,0.0,0,0,0
f73ca3324a321d80dc3d63e6bf4afa9f6240cdfd0a658acacbe7209dc8c1b144,1,f_track,case_fact,case_team_minus,0,R_down_omega,37,300,300,0.1233,0.0696,0,0,0
f73ca3324a321d80dc3d63e6bf4afa9f6240cdfd0a658acacbe7209dc8c1b144,1,f_track,case_fact,case_team_minus,0,R_sign_eq,280,300,300,0.9333,0.8736,0,0,0
f73ca3324a321d80dc3d63e6bf4afa9f6240cdfd0a658acacbe7209dc8c1b144,1,f_track,case_fact,case_risk_up,0,R_eq_omega,205,300,300,0.6833,0.5905,0,0,0
f73ca3324a321d80dc3d63e6bf4afa9f6240cdfd0a658acacbe7209dc8c1b144,1,f_track,case_fact,case_risk_up,0,R_up_omega,0,300,300,0.0,0.0,0,0,0
f73ca3324a321d80dc3d63e6bf4afa9f6240cdfd0a658acacbe7209dc8c1b144,1,f_track,case_fact,case_risk_up,0,R_down_omega,95,300,300,0.3167,0.233,0,0,0
f73ca3324a321d80dc3d63e6bf4afa9f6240cdfd0a658acacbe7209dc8c1b144,1,f_track,case_fact,case_risk_up,0,R_sign_eq,262,300,300,0.8733,0.8,0,0,0
f73ca3324a321d80dc3d63e6bf4afa9f6240cdfd0a658acacbe7209dc8c1b144,1,f_track,case_fact,case_risk_down,0,R_eq_omega,200,300,300,0.6667,0.5731,0,0,0
f73ca3324a321d80dc3d63e6bf4afa9f6240cdfd0a658acacbe7209dc8c1b144,1,f_track,case_fact,case_risk_down,0,R_up_omega,100,300,300,0.3333,0.2481,0,0,0
f73ca3324a321d80dc3d63e6bf4afa9f6240cdfd0a658acacbe7209dc8c1b144,1,f_track,case_fact,case_risk_down,0,R_down_omega,0,300,300,0.0,0.0,0,0,0
f73ca3324a321d80dc3d63e6bf4afa9f6240cdfd0a658acacbe7209dc8c1b144,1,f_track,case_fact,case_risk_down,0,R_sign_eq,246,300,300,0.82,0.7386,0,0,0
f73ca3324a321d80dc3d63e6bf4afa9f6240cdfd0a658acacbe7209dc8c1b144,1,f_ruleblind,identity,identity,1,R_eq_omega,300,300,300,1.0,0.9754,1,0,0
f73ca3324a321d80dc3d63e6bf4afa9f6240cdfd0a658acacbe7209dc8c1b144,1,f_ruleblind,identity,identity,1,R_up_omega,0,300,300,0.0,0.0,0,0,0
f73ca3324a321d80dc3d63e6bf4afa9f6240cdfd0a658acacbe7209dc8c1b144,1,f_ruleblind,identity,identity,1,R_down_omega,0,300,300,0.0,0.0,0,0,0
f73ca3324a321d80dc3d63e6bf4afa9f6240cdfd0a658acacbe7209dc8c1b144,1,f_ruleblind,identity,identity,1,R_sign_eq,298,300,300,0.9933,0.961,1,0,0
f73ca3324a321d80dc3d63e6bf4afa9f6240cdfd0a658acacbe7209dc8c1b144,1,f_ruleblind,order,permute_founders,0,R_eq_omega,220,220,300,1.0,0.9666,1,0,1
f73ca3324a321d80dc3d63e6bf4afa9f6240cdfd0a658acacbe7209dc8c1b144,1,f_ruleblind,order,permute_founders,0,R_up_omega,0,220,300,0.0,0.0,0,0,0
f73ca3324a321d80dc3d63e6bf4afa9f6240cdfd0a658acacbe7209dc8c1b144,1,f_ruleblind,order,permute_founders,0,R_down_omega,0,220,300,0.0,0.0,0,0,0
f73ca3324a321d80dc3d63e6bf4afa9f6240cdfd0a658acacbe7209dc8c1b144,1,f_ruleblind,order,permute_founders,0,R_sign_eq,219,220,300,0.9955,0.9561,1,0,1
f73ca3324a321d80dc3d63e6bf4afa9f6240cdfd0a658acacbe7209dc8c1b144,1,f_ruleblind,order,permute_risks,0,R_eq_omega,183,183,300,1.0,0.96,1,0,1
f73ca3324a321d80dc3d63e6bf4afa9f6240cdfd0a658acacbe7209dc8c1b144,1,f_ruleblind,order,permute_risks,0,R_up_omega,0,183,300,0.0,0.0,0,0,0
f73ca3324a321d80dc3d63e6bf4afa9f6240cdfd0a658acacbe7209dc8c1b144,1,f_ruleblind,order,permute_risks,0,R_down_omega,0,183,300,0.0,0.0,0,0,0
f73ca3324a321d80dc3d63e6bf4afa9f6240cdfd0a658acacbe7209dc8c1b144,1,f_ruleblind,order,permute_risks,0,R_sign_eq,182,183,300,0.9945,0.9474,1,0,1
f73ca3324a321d80dc3d63e6bf4afa9f6240cdfd0a658acacbe7209dc8c1b144,1,f_ruleblind,optional,replace_description,0,R_eq_omega,300,300,300,1.0,0.9754,1,0,1
f73ca3324a321d80dc3d63e6bf4afa9f6240cdfd0a658acacbe7209dc8c1b144,1,f_ruleblind,optional,replace_description,0,R_up_omega,0,300,300,0.0,0.0,0,0,0
f73ca3324a321d80dc3d63e6bf4afa9f6240cdfd0a658acacbe7209dc8c1b144,1,f_ruleblind,optional,replace_description,0,R_down_omega,0,300,300,0.0,0.0,0,0,0
f73ca3324a321d80dc3d63e6bf4afa9f6240cdfd0a658acacbe7209dc8c1b144,1,f_ruleblind,optional,replace_description,0,R_sign_eq,298,300,300,0.9933,0.961,1,0,1
f73ca3324a321d80dc3d63e6bf4afa9f6240cdfd0a658acacbe7209dc8c1b144,1,f_ruleblind,optional,blank_description,0,R_eq_omega,300,300,300,1.0,0.9754,1,0,1
f73ca3324a321d80dc3d63e6bf4afa9f6240cdfd0a658acacbe7209dc8c1b144,1,f_ruleblind,optional,blank_description,0,R_up_omega,0,300,300,0.0,0.0,0,0,0
f73ca3324a321d80dc3d63e6bf4afa9f6240cdfd0a658acacbe7209dc8c1b144,1,f_ruleblind,optional,blank_description,0,R_down_omega,0,300,300,0.0,0.0,0,0,0
f73ca3324a321d80dc3d63e6bf4afa9f6240cdfd0a658acacbe7209dc8c1b144,1,f_ruleblind,optional,blank_description,0,R_sign_eq,298,300,300,0.9933,0.961,1,0,1
f73ca3324a321d80dc3d63e6bf4afa9f6240cdfd0a658acacbe7209dc8c1b144,1,f_ruleblind,non_rule_fact,add_risk_item,0,R_eq_omega,300,300,300,1.0,0.9754,1,0,1
f73ca3324a321d80dc3d63e6bf4afa9f6240cdfd0a658acacbe7209dc8c1b144,1,f_ruleblind,non_rule_fact,add_risk_item,0,R_up_omega,0,300,300,0.0,0.0,0,0,0
f73ca3324a321d80dc3d63e6bf4afa9f6240cdfd0a658acacbe7209dc8c1b144,1,f_ruleblind,non_rule_fact,add_risk_item,0,R_down_omega,0,300,300,0.0,0.0,0,0,0
f73ca3324a321d80dc3d63e6bf4afa9f6240cdfd0a658acacbe7209dc8c1b144,1,f_ruleblind,non_rule_fact,add_risk_item,0,R_sign_eq,298,300,300,0.9933,0.961,1,0,1
f73ca3324a321d80dc3d63e6bf4afa9f6240cdfd0a658acacbe7209dc8c1b144,1,f_ruleblind,non_rule_fact,drop_risk_item,0,R_eq_omega,250,250,300,1.0,0.9706,1,0,1
f73ca3324a321d80dc3d63e6bf4afa9f6240cdfd0a658acacbe7209dc8c1b144,1,f_ruleblind,non_rule_fact,drop_risk_item,0,R_up_omega,0,250,300,0.0,0.0,0,0,0
f73ca3324a321d80dc3d63e6bf4afa9f6240cdfd0a658acacbe7209dc8c1b144,1,f_ruleblind,non_rule_fact,drop_risk_item,0,R_down_omega,0,250,300,0.0,0.0,0,0,0
f73ca3324a321d80dc3d63e6bf4afa9f6240cdfd0a658acacbe7209dc8c1b144,1,f_ruleblind,non_rule_fact,drop_risk_item,0,R_sign_eq,248,250,300,0.992,0.9533,1,0,1
f73ca3324a321d80dc3d63e6bf4afa9f6240cdfd0a658acacbe7209dc8c1b144,1,f_ruleblind,non_rule_fact,bump_founder_experience,0,R_eq_omega,300,300,300,1.0,0.9754,1,0,1
f73ca3324a321d80dc3d63e6bf4afa9f6240cdfd0a658acacbe7209dc8c1b144,1,f_ruleblind,non_rule_fact,bump_founder_experience,0,R_up_omega,0,300,300,0.0,0.0,0,0,0
f73ca3324a321d80dc3d63e6bf4afa9f6240cdfd0a658acacbe7209dc8c1b144,1,f_ruleblind,non_rule_fact,bump_founder_experience,0,R_down_omega,0,300,300,0.0,0.0,0,0,0
f73ca3324a321d80dc3d63e6bf4afa9f6240cdfd0a658acacbe7209dc8c1b144,1,f_ruleblind,non_rule_fact,bump_founder_experience,0,R_sign_eq,298,300,300,0.9933,0.961,1,0,1
f73ca3324a321d80dc3d63e6bf4afa9f6240cdfd0a658acacbe7209dc8c1b144,1,f_ruleblind,rule_threshold,strengthen_revenue_threshold,0,R_eq_omega,300,300,300,1.0,0.9754,1,0,1
f73ca3324a321d80dc3d63e6bf4afa9f6240cdfd0a658acacbe7209dc8c1b144,1,f_ruleblind,rule_threshold,strengthen_revenue_threshold,0,R_up_omega,0,300,300,0.0,0.0,0,0,0
f73ca3324a321d80dc3d63e6bf4afa9f6240cdfd0a658acacbe7209dc8c1b144,1,f_ruleblind,rule_threshold,strengthen_revenue_threshold,0,R_down_omega,0,300,300,0.0,0.0,0,0,0
f73ca3324a321d80dc3d63e6bf4afa9f6240cdfd0a658acacbe7209dc8c1b144,1,f_ruleblind,rule_threshold,strengthen_revenue_threshold,0,R_sign_eq,298,300,300,0.9933,0.961,1,0,1
f73ca3324a321d80dc3d63e6bf4afa9f6240cdfd0a658acacbe7209dc8c1b144,1,f_ruleblind,rule_threshold,weaken_revenue_threshold,0,R_eq_omega,300,300,300,1.0,0.9754,1,0,1
f73ca3324a321d80dc3d63e6bf4afa9f6240cdfd0a658acacbe7209dc8c1b144,1,f_ruleblind,rule_threshold,weaken_revenue_threshold,0,R_up_omega,0,300,300,0.0,0.0,0,0,0
f73ca3324a321d80dc3d63e6bf4afa9f6240cdfd0a658acacbe7209dc8c1b144,1,f_ruleblind,rule_threshold,weaken_revenue_threshold,0,R_down_omega,0,300,300,0.0,0.0,0,0,0
f73ca3324a321d80dc3d63e6bf4afa9f6240cdfd0a658acacbe7209dc8c1b144,1,f_ruleblind,rule_threshold,weaken_revenue_threshold,0,R_sign_eq,298,300,300,0.9933,0.961,1,0,1
f73ca3324a321d80dc3d63e6bf4afa9f6240cdfd0a658acacbe7209dc8c1b144,1,f_ruleblind,rule_threshold,strengthen_team_threshold,0,R_eq_omega,300,300,300,1.0,0.9754,1,0,1
f73ca3324a321d80dc3d63e6bf4afa9f6240cdfd0a658acacbe7209dc8c1b144,1,f_ruleblind,rule_threshold,strengthen_team_threshold,0,R_up_omega,0,300,300,0.0,0.0,0,0,0
f73ca3324a321d80dc3d63e6bf4afa9f6240cdfd0a658acacbe7209dc8c1b144,1,f_ruleblind,rule_threshold,strengthen_team_threshold,0,R_down_omega,0,300,300,0.0,0.0,0,0,0
f73ca3324a321d80dc3d63e6bf4afa9f6240cdfd0a658acacbe7209dc8c1b144,1,f_ruleblind,rule_threshold,strengthen_team_threshold,0,R_sign_eq,298,300,300,0.9933,0.961,1,0,1
f73ca3324a321d80dc3d63e6bf4afa9f6240cdfd0a658acacbe7209dc8c1b144,1,f_ruleblind,rule_threshold,weaken_team_threshold,0,R_eq_omega,300,300,300,1.0,0.9754,1,0,1
f73ca3324a321d80dc3d63e6bf4afa9f6240cdfd0a658acacbe7209dc8c1b144,1,f_ruleblind,rule_threshold,weaken_team_threshold,0,R_up_omega,0,300,300,0.0,0.0,0,0,0
f73ca3324a321d80dc3d63e6bf4afa9f6240cdfd0a658acacbe7209dc8c1b144,1,f_ruleblind,rule_threshold,weaken_team_threshold,0,R_down_omega,0,300,300,0.0,0.0,0,0,0
f73ca3324a321d80dc3d63e6bf4afa9f6240cdfd0a658acacbe7209dc8c1b144,1,f_ruleblind,rule_threshold,weaken_team_threshold,0,R_sign_eq,298,300,300,0.9933,0.961,1,0,1
f73ca3324a321d80dc3d63e6bf4afa9f6240cdfd0a658acacbe7209dc8c1b144,1,f_ruleblind,rule_threshold,strengthen_risk_threshold,0,R_eq_omega,300,300,300,1.0,0.9754,1,0,1
f73ca3324a321d80dc3d63e6bf4afa9f6240cdfd0a658acacbe7209dc8c1b144,1,f_ruleblind,rule_threshold,strengthen_risk_threshold,0,R_up_omega,0,300,300,0.0,0.0,0,0,0
f73ca3324a321d80dc3d63e6bf4afa9f6240cdfd0a658acacbe7209dc8c1b144,1,f_ruleblind,rule_threshold,strengthen_risk_threshold,0,R_down_omega,0,300,300,0.0,0.0,0,0,0
f73ca3324a321d80dc3d63e6bf4afa9f6240cdfd0a658acacbe7209dc8c1b144,1,f_ruleblind,rule_threshold,strengthen_risk_threshold,0,R_sign_eq,298,300,300,0.9933,0.961,1,0,1
f73ca3324a321d80dc3d63e6bf4afa9f6240cdfd0a658acacbe7209dc8c1b144,1,f_ruleblind,rule_threshold,weaken_risk_threshold,0,R_eq_omega,300,300,300,1.0,0.9754,1,0,1
f73ca3324a321d80dc3d63e6bf4afa9f6240cdfd0a658acacbe7209dc8c1b144,1,f_ruleblind,rule_threshold,weaken_risk_threshold,0,R_up_omega,0,300,300,0.0,0.0,0,0,0
f73ca3324a321d80dc3d63e6bf4afa9f6240cdfd0a658acacbe7209dc8c1b144,1,f_ruleblind,rule_threshold,weaken_risk_threshold,0,R_down_omega,0,300,300,0.0,0.0,0,0,0
f73ca3324a321d80dc3d63e6bf4afa9f6240cdfd0a658acacbe7209dc8c1b144,1,f_ruleblind,rule_threshold,weaken_risk_threshold,0,R_sign_eq,298,300,300,0.9933,0.961,1,0,1
f73ca3324a321d80dc3d63e6bf4afa9f6240cdfd0a658acacbe7209dc8c1b144,1,f_ruleblind,rule_clause,add_strict_clause,0,R_eq_omega,300,300,300,1.0,0.9754,1,0,1
f73ca3324a321d80dc3d63e6bf4afa9f6240cdfd0a658acacbe7209dc8c1b144,1,f_ruleblind,rule_clause,add_strict_clause,0,R_up_omega,0,300,300,0.0,0.0,0,0,0
f73ca3324a321d80dc3d63e6bf4afa9f6240cdfd0a658acacbe7209dc8c1b144,1,f_ruleblind,rule_clause,add_strict_clause,0,R_down_omega,0,300,300,0.0,0.0,0,0,0
f73ca3324a321d80dc3d63e6bf4afa9f6240cdfd0a658acacbe7209dc8c1b144,1,f_ruleblind,rule_clause,add_strict_clause,0,R_sign_eq,298,300,300,0.9933,0.961,1,0,1
f73ca3324a321d80dc3d63e6bf4afa9f6240cdfd0a658acacbe7209dc8c1b144,1,f_ruleblind,rule_clause,remove_last_clause,0,R_eq_omega,300,300,300,1.0,0.9754,1,0,1
f73ca3324a321d80dc3d63e6bf4afa9f6240cdfd0a658acacbe7209dc8c1b144,1,f_ruleblind,rule_clause,remove_last_clause,0,R_up_omega,0,300,300,0.0,0.0,0,0,0
f73ca3324a321d80dc3d63e6bf4afa9f6240cdfd0a658acacbe7209dc8c1b144,1,f_ruleblind,rule_clause,remove_last_clause,0,R_down_omega,0,300,300,0.0,0.0,0,0,0
f73ca3324a321d80dc3d63e6bf4afa9f6240cdfd0a658acacbe7209dc8c1b144,1,f_ruleblind,rule_clause,remove_last_clause,0,R_sign_eq,298,300,300,0.9933,0.961,1,0,1
f73ca3324a321d80dc3d63e6bf4afa9f6240cdfd0a658acacbe7209dc8c1b144,1,f_ruleblind,case_fact,case_revenue_up,0,R_eq_omega,193,300,300,0.6433,0.5489,0,0,0
f73ca3324a321d80dc3d63e6bf4afa9f6240cdfd0a658acacbe7209dc8c1b144,1,f_ruleblind,case_fact,case_revenue_up,0,R_up_omega,120,300,300,0.4,0.3097,0,0,0
f73ca3324a321d80dc3d63e6bf4afa9f6240cdfd0a658acacbe7209dc8c1b144,1,f_ruleblind,case_fact,case_revenue_up,0,R_down_omega,0,300,300,0.0,0.0,0,0,0
f73ca3324a321d80dc3d63e6bf4afa9f6240cdfd0a658acacbe7209dc8c1b144,1,f_ruleblind,case_fact,case_revenue_up,0,R_sign_eq,245,300,300,0.8167,0.7349,0,0,0
f73ca3324a321d80dc3d63e6bf4afa9f6240cdfd0a658acacbe7209dc8c1b144,1,f_ruleblind,case_fact,case_revenue_down,0,R_eq_omega,145,300,300,0.4833,0.3891,0,0,0
f73ca3324a321d80dc3d63e6bf4afa9f6240cdfd0a658acacbe7209dc8c1b144,1,f_ruleblind,case_fact,case_revenue_down,0,R_up_omega,0,300,300,0.0,0.0,0,0,0
f73ca3324a321d80dc3d63e6bf4afa9f6240cdfd0a658acacbe7209dc8c1b144,1,f_ruleblind,case_fact,case_revenue_down,0,R_down_omega,181,300,300,0.6033,0.5081,0,0,0
f73ca3324a321d80dc3d63e6bf4afa9f6240cdfd0a658acacbe7209dc8c1b144,1,f_ruleblind,case_fact,case_revenue_down,0,R_sign_eq,220,300,300,0.7333,0.6435,0,0,0
f73ca3324a321d80dc3d63e6bf4afa9f6240cdfd0a658acacbe7209dc8c1b144,1,f_ruleblind,case_fact,case_team_plus,0,R_eq_omega,299,300,300,0.9967,0.9676,1,0,1
f73ca3324a321d80dc3d63e6bf4afa9f6240cdfd0a658acacbe7209dc8c1b144,1,f_ruleblind,case_fact,case_team_plus,0,R_up_omega,9,300,300,0.03,0.0076,0,0,0
f73ca3324a321d80dc3d63e6bf4afa9f6240cdfd0a658acacbe7209dc8c1b144,1,f_ruleblind,case_fact,case_team_plus,0,R_down_omega,0,300,300,0.0,0.0,0,0,0
f73ca3324a321d80dc3d63e6bf4afa9f6240cdfd0a658acacbe7209dc8c1b144,1,f_ruleblind,case_fact,case_team_plus,0,R_sign_eq,287,300,300,0.9567,0.9046,1,0,1
f73ca3324a321d80dc3d63e6bf4afa9f6240cdfd0a658acacbe7209dc8c1b144,1,f_ruleblind,case_fact,case_team_minus,0,R_eq_omega,300,300,300,1.0,0.9754,1,0,1
f73ca3324a321d80dc3d63e6bf4afa9f6240cdfd0a658acacbe7209dc8c1b144,1,f_ruleblind,case_fact,case_team_minus,0,R_up_omega,0,300,300,0.0,0.0,0,0,0
f73ca3324a321d80dc3d63e6bf4afa9f6240cdfd0a658acacbe7209dc8c1b144,1,f_ruleblind,case_fact,case_team_minus,0,R_down_omega,2,300,300,0.0067,0.0001,0,0,0
f73ca3324a321d80dc3d63e6bf4afa9f6240cdfd0a658acacbe7209dc8c1b144,1,f_ruleblind,case_fact,case_team_minus,0,R_sign_eq,280,300,300,0.9333,0.8736,0,0,0
f73ca3324a321d80dc3d63e6bf4afa9f6240cdfd0a658acacbe7209dc8c1b144,1,f_ruleblind,case_fact,case_risk_up,0,R_eq_omega,300,300,300,1.0,0.9754,1,0,1
f73ca3324a321d80dc3d63e6bf4afa9f6240cdfd0a658acacbe7209dc8c1b144,1,f_ruleblind,case_fact,case_risk_up,0,R_up_omega,0,300,300,0.0,0.0,0,0,0
f73ca3324a321d80dc3d63e6bf4afa9f6240cdfd0a658acacbe7209dc8c1b144,1,f_ruleblind,case_fact,case_risk_up,0,R_down_omega,0,300,300,0.0,0.0,0,0,0
f73ca3324a321d80dc3d63e6bf4afa9f6240cdfd0a658acacbe7209dc8c1b144,1,f_ruleblind,case_fact,case_risk_up,0,R_sign_eq,298,300,300,0.9933,0.961,1,0,1
f73ca3324a321d80dc3d63e6bf4afa9f6240cdfd0a658acacbe7209dc8c1b144,1,f_ruleblind,case_fact,case_risk_down,0,R_eq_omega,300,300,300,1.0,0.9754,1,0,1
f73ca3324a321d80dc3d63e6bf4afa9f6240cdfd0a658acacbe7209dc8c1b144,1,f_ruleblind,case_fact,case_risk_down,0,R_up_omega,0,300,300,0.0,0.0,0,0,0
f73ca3324a321d80dc3d63e6bf4afa9f6240cdfd0a658acacbe7209dc8c1b144,1,f_ruleblind,case_fact,case_risk_down,0,R_down_omega,0,300,300,0.0,0.0,0,0,0
f73ca3324a321d80dc3d63e6bf4afa9f6240cdfd0a658acacbe7209dc8c1b144,1,f_ruleblind,case_fact,case_risk_down,0,R_sign_eq,298,300,300,0.9933,0.961,1,0,1
f73ca3324a321d80dc3d63e6bf4afa9f6240cdfd0a658acacbe7209dc8c1b144,1,f_constant,identity,identity,1,R_eq_omega,300,300,300,1.0,0.9754,1,0,0
f73ca3324a321d80dc3d63e6bf4afa9f6240cdfd0a658acacbe7209dc8c1b144,1,f_constant,identity,identity,1,R_up_omega,0,300,300,0.0,0.0,0,0,0
f73ca3324a321d80dc3d63e6bf4afa9f6240cdfd0a658acacbe7209dc8c1b144,1,f_constant,identity,identity,1,R_down_omega,0,300,300,0.0,0.0,0,0,0
f73ca3324a321d80dc3d63e6bf4afa9f6240cdfd0a658acacbe7209dc8c1b144,1,f_constant,identity,identity,1,R_sign_eq,262,300,300,0.8733,0.8,0,0,0
f73ca3324a321d80dc3d63e6bf4afa9f6240cdfd0a658acacbe7209dc8c1b144,1,f_constant,order,permute_founders,0,R_eq_omega,220,220,300,1.0,0.9666,1,0,1
f73ca3324a321d80dc3d63e6bf4afa9f6240cdfd0a658acacbe7209dc8c1b144,1,f_constant,order,permute_founders,0,R_up_omega,0,220,300,0.0,0.0,0,0,0
f73ca3324a321d80dc3d63e6bf4afa9f6240cdfd0a658acacbe7209dc8c1b144,1,f_constant,order,permute_founders,0,R_down_omega,0,220,300,0.0,0.0,0,0,0
f73ca3324a321d80dc3d63e6bf4afa9f6240cdfd0a658acacbe7209dc8c1b144,1,f_constant,order,permute_founders,0,R_sign_eq,193,220,300,0.8773,0.7904,0,0,0
f73ca3324a321d80dc3d63e6bf4afa9f6240cdfd0a658acacbe7209dc8c1b144,1,f_constant,order,permute_risks,0,R_eq_omega,183,183,300,1.0,0.96,1,0,1
f73ca3324a321d80dc3d63e6bf4afa9f6240cdfd0a658acacbe7209dc8c1b144,1,f_constant,order,permute_risks,0,R_up_omega,0,183,300,0.0,0.0,0,0,0
f73ca3324a321d80dc3d63e6bf4afa9f6240cdfd0a658acacbe7209dc8c1b144,1,f_constant,order,permute_risks,0,R_down_omega,0,183,300,0.0,0.0,0,0,0
f73ca3324a321d80dc3d63e6bf4afa9f6240cdfd0a658acacbe7209dc8c1b144,1,f_constant,order,permute_risks,0,R_sign_eq,160,183,300,0.8743,0.7769,0,0,0
f73ca3324a321d80dc3d63e6bf4afa9f6240cdfd0a658acacbe7209dc8c1b144,1,f_constant,optional,replace_description,0,R_eq_omega,300,300,300,1.0,0.9754,1,0,1
f73ca3324a321d80dc3d63e6bf4afa9f6240cdfd0a658acacbe7209dc8c1b144,1,f_constant,optional,replace_description,0,R_up_omega,0,300,300,0.0,0.0,0,0,0
f73ca3324a321d80dc3d63e6bf4afa9f6240cdfd0a658acacbe7209dc8c1b144,1,f_constant,optional,replace_description,0,R_down_omega,0,300,300,0.0,0.0,0,0,0
f73ca3324a321d80dc3d63e6bf4afa9f6240cdfd0a658acacbe7209dc8c1b144,1,f_constant,optional,replace_description,0,R_sign_eq,262,300,300,0.8733,0.8,0,0,0
f73ca3324a321d80dc3d63e6bf4afa9f6240cdfd0a658acacbe7209dc8c1b144,1,f_constant,optional,blank_description,0,R_eq_omega,300,300,300,1.0,0.9754,1,0,1
f73ca3324a321d80dc3d63e6bf4afa9f6240cdfd0a658acacbe7209dc8c1b144,1,f_constant,optional,blank_description,0,R_up_omega,0,300,300,0.0,0.0,0,0,0
f73ca3324a321d80dc3d63e6bf4afa9f6240cdfd0a658acacbe7209dc8c1b144,1,f_constant,optional,blank_description,0,R_down_omega,0,300,300,0.0,0.0,0,0,0
f73ca3324a321d80dc3d63e6bf4afa9f6240cdfd0a658acacbe7209dc8c1b144,1,f_constant,optional,blank_description,0,R_sign_eq,262,300,300,0.8733,0.8,0,0,0
f73ca3324a321d80dc3d63e6bf4afa9f6240cdfd0a658acacbe7209dc8c1b144,1,f_constant,non_rule_fact,add_risk_item,0,R_eq_omega,300,300,300,1.0,0.9754,1,0,1
f73ca3324a321d80dc3d63e6bf4afa9f6240cdfd0a658acacbe7209dc8c1b144,1,f_constant,non_rule_fact,add_risk_item,0,R_up_omega,0,300,300,0.0,0.0,0,0,0
f73ca3324a321d80dc3d63e6bf4afa9f6240cdfd0a658acacbe7209dc8c1b144,1,f_constant,non_rule_fact,add_risk_item,0,R_down_omega,0,300,300,0.0,0.0,0,0,0
f73ca3324a321d80dc3d63e6bf4afa9f6240cdfd0a658acacbe7209dc8c1b144,1,f_constant,non_rule_fact,add_risk_item,0,R_sign_eq,262,300,300,0.8733,0.8,0,0,0
f73ca3324a321d80dc3d63e6bf4afa9f6240cdfd0a658acacbe7209dc8c1b144,1,f_constant,non_rule_fact,drop_risk_item,0,R_eq_omega,250,250,300,1.0,0.9706,1,0,1
f73ca3324a321d80dc3d63e6bf4afa9f6240cdfd0a658acacbe7209dc8c1b144,1,f_constant,non_rule_fact,drop_risk_item,0,R_up_omega,0,250,300,0.0,0.0,0,0,0
f73ca3324a321d80dc3d63e6bf4afa9f6240cdfd0a658acacbe7209dc8c1b144,1,f_constant,non_rule_fact,drop_risk_item,0,R_down_omega,0,250,300,0.0,0.0,0,0,0
f73ca3324a321d80dc3d63e6bf4afa9f6240cdfd0a658acacbe7209dc8c1b144,1,f_constant,non_rule_fact,drop_risk_item,0,R_sign_eq,218,250,300,0.872,0.7904,0,0,0
f73ca3324a321d80dc3d63e6bf4afa9f6240cdfd0a658acacbe7209dc8c1b144,1,f_constant,non_rule_fact,bump_founder_experience,0,R_eq_omega,300,300,300,1.0,0.9754,1,0,1
f73ca3324a321d80dc3d63e6bf4afa9f6240cdfd0a658acacbe7209dc8c1b144,1,f_constant,non_rule_fact,bump_founder_experience,0,R_up_omega,0,300,300,0.0,0.0,0,0,0
f73ca3324a321d80dc3d63e6bf4afa9f6240cdfd0a658acacbe7209dc8c1b144,1,f_constant,non_rule_fact,bump_founder_experience,0,R_down_omega,0,300,300,0.0,0.0,0,0,0
f73ca3324a321d80dc3d63e6bf4afa9f6240cdfd0a658acacbe7209dc8c1b144,1,f_constant,non_rule_fact,bump_founder_experience,0,R_sign_eq,262,300,300,0.8733,0.8,0,0,0
f73ca3324a321d80dc3d63e6bf4afa9f6240cdfd0a658acacbe7209dc8c1b144,1,f_constant,rule_threshold,strengthen_revenue_threshold,0,R_eq_omega,300,300,300,1.0,0.9754,1,0,1
f73ca3324a321d80dc3d63e6bf4afa9f6240cdfd0a658acacbe7209dc8c1b144,1,f_constant,rule_threshold,strengthen_revenue_threshold,0,R_up_omega,0,300,300,0.0,0.0,0,0,0
f73ca3324a321d80dc3d63e6bf4afa9f6240cdfd0a658acacbe7209dc8c1b144,1,f_constant,rule_threshold,strengthen_revenue_threshold,0,R_down_omega,0,300,300,0.0,0.0,0,0,0
f73ca3324a321d80dc3d63e6bf4afa9f6240cdfd0a658acacbe7209dc8c1b144,1,f_constant,rule_threshold,strengthen_revenue_threshold,0,R_sign_eq,262,300,300,0.8733,0.8,0,0,0
f73ca3324a321d80dc3d63e6bf4afa9f6240cdfd0a658acacbe7209dc8c1b144,1,f_constant,rule_threshold,weaken_revenue_threshold,0,R_eq_omega,300,300,300,1.0,0.9754,1,0,1
f73ca3324a321d80dc3d63e6bf4afa9f6240cdfd0a658acacbe7209dc8c1b144,1,f_constant,rule_threshold,weaken_revenue_threshold,0,R_up_omega,0,300,300,0.0,0.0,0,0,0
f73ca3324a321d80dc3d63e6bf4afa9f6240cdfd0a658acacbe7209dc8c1b144,1,f_constant,rule_threshold,weaken_revenue_threshold,0,R_down_omega,0,300,300,0.0,0.0,0,0,0
f73ca3324a321d80dc3d63e6bf4afa9f6240cdfd0a658acacbe7209dc8c1b144,1,f_constant,rule_threshold,weaken_revenue_threshold,0,R_sign_eq,262,300,300,0.8733,0.8,0,0,0
f73ca3324a321d80dc3d63e6bf4afa9f6240cdfd0a658acacbe7209dc8c1b144,1,f_constant,rule_threshold,strengthen_team_threshold,0,R_eq_omega,300,300,300,1.0,0.9754,1,0,1
f73ca3324a321d80dc3d63e6bf4afa9f6240cdfd0a658acacbe7209dc8c1b144,1,f_constant,rule_threshold,strengthen_team_threshold,0,R_up_omega,0,300,300,0.0,0.0,0,0,0
f73ca3324a321d80dc3d63e6bf4afa9f6240cdfd0a658acacbe7209dc8c1b144,1,f_constant,rule_threshold,strengthen_team_threshold,0,R_down_omega,0,300,300,0.0,0.0,0,0,0
f73ca3324a321d80dc3d63e6bf4afa9f6240cdfd0a658acacbe7209dc8c1b144,1,f_constant,rule_threshold,strengthen_team_threshold,0,R_sign_eq,262,300,300,0.8733,0.8,0,0,0
f73ca3324a321d80dc3d63e6bf4afa9f6240cdfd0a658acacbe7209dc8c1b144,1,f_constant,rule_threshold,weaken_team_threshold,0,R_eq_omega,300,300,300,1.0,0.9754,1,0,1
f73ca3324a321d80dc3d63e6bf4afa9f6240cdfd0a658acacbe7209dc8c1b144,1,f_constant,rule_threshold,weaken_team_threshold,0,R_up_omega,0,300,300,0.0,0.0,0,0,0
f73ca3324a321d80dc3d63e6bf4afa9f6240cdfd0a658acacbe7209dc8c1b144,1,f_constant,rule_threshold,weaken_team_threshold,0,R_down_omega,0,300,300,0.0,0.0,0,0,0
f73ca3324a321d80dc3d63e6bf4afa9f6240cdfd0a658acacbe7209dc8c1b144,1,f_constant,rule_threshold,weaken_team_threshold,0,R_sign_eq,262,300,300,0.8733,0.8,0,0,0
f73ca3324a321d80dc3d63e6bf4afa9f6240cdfd0a658acacbe7209dc8c1b144,1,f_constant,rule_threshold,strengthen_risk_threshold,0,R_eq_omega,300,300,300,1.0,0.9754,1,0,1
f73ca3324a321d80dc3d63e6bf4afa9f6240cdfd0a658acacbe7209dc8c1b144,1,f_constant,rule_threshold,strengthen_risk_threshold,0,R_up_omega,0,300,300,0.0,0.0,0,0,0
f73ca3324a321d80dc3d63e6bf4afa9f6240cdfd0a658acacbe7209dc8c1b144,1,f_constant,rule_threshold,strengthen_risk_threshold,0,R_down_omega,0,300,300,0.0,0.0,0,0,0
f73ca3324a321d80dc3d63e6bf4afa9f6240cdfd0a658acacbe7209dc8c1b144,1,f_constant,rule_threshold,strengthen_risk_threshold,0,R_sign_eq,262,300,300,0.8733,0.8,0,0,0
f73ca3324a321d80dc3d63e6bf4afa9f6240cdfd0a658acacbe7209dc8c1b144,1,f_constant,rule_threshold,weaken_risk_threshold,0,R_eq_omega,300,300,300,1.0,0.9754,1,0,1
f73ca3324a321d80dc3d63e6bf4afa9f6240cdfd0a658acacbe7209dc8c1b144,1,f_constant,rule_threshold,weaken_risk_threshold,0,R_up_omega,0,300,300,0.0,0.0,0,0,0
f73ca3324a321d80dc3d63e6bf4afa9f6240cdfd0a658acacbe7209dc8c1b144,1,f_constant,rule_threshold,weaken_risk_threshold,0,R_down_omega,0,300,300,0.0,0.0,0,0,0
f73ca3324a321d80dc3d63e6bf4afa9f6240cdfd0a658acacbe7209dc8c1b144,1,f_constant,rule_threshold,weaken_risk_threshold,0,R_sign_eq,262,300,300,0.8733,0.8,0,0,0
f73ca3324a321d80dc3d63e6bf4afa9f6240cdfd0a658acacbe7209dc8c1b144,1,f_constant,rule_clause,add_strict_clause,0,R_eq_omega,300,300,300,1.0,0.9754,1,0,1
f73ca3324a321d80dc3d63e6bf4afa9f6240cdfd0a658acacbe7209dc8c1b144,1,f_constant,rule_clause,add_strict_clause,0,R_up_omega,0,300,300,0.0,0.0,0,0,0
f73ca3324a321d80dc3d63e6bf4afa9f6240cdfd0a658acacbe7209dc8c1b144,1,f_constant,rule_clause,add_strict_clause,0,R_down_omega,0,300,300,0.0,0.0,0,0,0
f73ca3324a321d80dc3d63e6bf4afa9f6240cdfd0a658acacbe7209dc8c1b144,1,f_constant,rule_clause,add_strict_clause,0,R_sign_eq,262,300,300,0.8733,0.8,0,0,0
f73ca3324a321d80dc3d63e6bf4afa9f6240cdfd0a658acacbe7209dc8c1b144,1,f_constant,rule_clause,remove_last_clause,0,R_eq_omega,300,300,300,1.0,0.9754,1,0,1
f73ca3324a321d80dc3d63e6bf4afa9f6240cdfd0a658acacbe7209dc8c1b144,1,f_constant,rule_clause,remove_last_clause,0,R_up_omega,0,300,300,0.0,0.0,0,0,0
f73ca3324a321d80dc3d63e6bf4afa9f6240cdfd0a658acacbe7209dc8c1b144,1,f_constant,rule_clause,remove_last_clause,0,R_down_omega,0,300,300,0.0,0.0,0,0,0
f73ca3324a321d80dc3d63e6bf4afa9f6240cdfd0a658acacbe7209dc8c1b144,1,f_constant,rule_clause,remove_last_clause,0,R_sign_eq,262,300,300,0.8733,0.8,0,0,0
f73ca3324a321d80dc3d63e6bf4afa9f6240cdfd0a658acacbe7209dc8c1b144,1,f_constant,case_fact,case_revenue_up,0,R_eq_omega,300,300,300,1.0,0.9754,1,0,1
f73ca3324a321d80dc3d63e6bf4afa9f6240cdfd0a658acacbe7209dc8c1b144,1,f_constant,case_fact,case_revenue_up,0,R_up_omega,0,300,300,0.0,0.0,0,0,0
f73ca3324a321d80dc3d63e6bf4afa9f6240cdfd0a658acacbe7209dc8c1b144,1,f_constant,case_fact,case_revenue_up,0,R_down_omega,0,300,300,0.0,0.0,0,0,0
f73ca3324a321d80dc3d63e6bf4afa9f6240cdfd0a658acacbe7209dc8c1b144,1,f_constant,case_fact,case_revenue_up,0,R_sign_eq,262,300,300,0.8733,0.8,0,0,0
f73ca3324a321d80dc3d63e6bf4afa9f6240cdfd0a658acacbe7209dc8c1b144,1,f_constant,case_fact,case_revenue_down,0,R_eq_omega,300,300,300,1.0,0.9754,1,0,1
f73ca3324a321d80dc3d63e6bf4afa9f6240cdfd0a658acacbe7209dc8c1b144,1,f_constant,case_fact,case_revenue_down,0,R_up_omega,0,300,300,0.0,0.0,0,0,0
f73ca3324a321d80dc3d63e6bf4afa9f6240cdfd0a658acacbe7209dc8c1b144,1,f_constant,case_fact,case_revenue_down,0,R_down_omega,0,300,300,0.0,0.0,0,0,0
f73ca3324a321d80dc3d63e6bf4afa9f6240cdfd0a658acacbe7209dc8c1b144,1,f_constant,case_fact,case_revenue_down,0,R_sign_eq,262,300,300,0.8733,0.8,0,0,0
f73ca3324a321d80dc3d63e6bf4afa9f6240cdfd0a658acacbe7209dc8c1b144,1,f_constant,case_fact,case_team_plus,0,R_eq_omega,300,300,300,1.0,0.9754,1,0,1
f73ca3324a321d80dc3d63e6bf4afa9f6240cdfd0a658acacbe7209dc8c1b144,1,f_constant,case_fact,case_team_plus,0,R_up_omega,0,300,300,0.0,0.0,0,0,0
f73ca3324a321d80dc3d63e6bf4afa9f6240cdfd0a658acacbe7209dc8c1b144,1,f_constant,case_fact,case_team_plus,0,R_down_omega,0,300,300,0.0,0.0,0,0,0
f73ca3324a321d80dc3d63e6bf4afa9f6240cdfd0a658acacbe7209dc8c1b144,1,f_constant,case_fact,case_team_plus,0,R_sign_eq,262,300,300,0.8733,0.8,0,0,0
f73ca3324a321d80dc3d63e6bf4afa9f6240cdfd0a658acacbe7209dc8c1b144,1,f_constant,case_fact,case_team_minus,0,R_eq_omega,300,300,300,1.0,0.9754,1,0,1
f73ca3324a321d80dc3d63e6bf4afa9f6240cdfd0a658acacbe7209dc8c1b144,1,f_constant,case_fact,case_team_minus,0,R_up_omega,0,300,300,0.0,0.0,0,0,0
f73ca3324a321d80dc3d63e6bf4afa9f6240cdfd0a658acacbe7209dc8c1b144,1,f_constant,case_fact,case_team_minus,0,R_down_omega,0,300,300,0.0,0.0,0,0,0
f73ca3324a321d80dc3d63e6bf4afa9f6240cdfd0a658acacbe7209dc8c1b144,1,f_constant,case_fact,case_team_minus,0,R_sign_eq,262,300,300,0.8733,0.8,0,0,0
f73ca3324a321d80dc3d63e6bf4afa9f6240cdfd0a658acacbe7209dc8c1b144,1,f_constant,case_fact,case_risk_up,0,R_eq_omega,300,300,300,1.0,0.9754,1,0,1
f73ca3324a321d80dc3d63e6bf4afa9f6240cdfd0a658acacbe7209dc8c1b144,1,f_constant,case_fact,case_risk_up,0,R_up_omega,0,300,300,0.0,0.0,0,0,0
f73ca3324a321d80dc3d63e6bf4afa9f6240cdfd0a658acacbe7209dc8c1b144,1,f_constant,case_fact,case_risk_up,0,R_down_omega,0,300,300,0.0,0.0,0,0,0
f73ca3324a321d80dc3d63e6bf4afa9f6240cdfd0a658acacbe7209dc8c1b144,1,f_constant,case_fact,case_risk_up,0,R_sign_eq,262,300,300,0.8733,0.8,0,0,0
f73ca3324a321d80dc3d63e6bf4afa9f6240cdfd0a658acacbe7209dc8c1b144,1,f_constant,case_fact,case_risk_down,0,R_eq_omega,300,300,300,1.0,0.9754,1,0,1
f73ca3324a321d80dc3d63e6bf4afa9f6240cdfd0a658acacbe7209dc8c1b144,1,f_constant,case_fact,case_risk_down,0,R_up_omega,0,300,300,0.0,0.0,0,0,0
f73ca3324a321d80dc3d63e6bf4afa9f6240cdfd0a658acacbe7209dc8c1b144,1,f_constant,case_fact,case_risk_down,0,R_down_omega,0,300,300,0.0,0.0,0,0,0
f73ca3324a321d80dc3d63e6bf4afa9f6240cdfd0a658acacbe7209dc8c1b144,1,f_constant,case_fact,case_risk_down,0,R_sign_eq,262,300,300,0.8733,0.8,0,0,0
f73ca3324a321d80dc3d63e6bf4afa9f6240cdfd0a658acacbe7209dc8c1b144,1,f_wrongstatic,identity,identity,1,R_eq_omega,300,300,300,1.0,0.9754,1,0,0
f73ca3324a321d80dc3d63e6bf4afa9f6240cdfd0a658acacbe7209dc8c1b144,1,f_wrongstatic,identity,identity,1,R_up_omega,0,300,300,0.0,0.0,0,0,0
f73ca3324a321d80dc3d63e6bf4afa9f6240cdfd0a658acacbe7209dc8c1b144,1,f_wrongstatic,identity,identity,1,R_down_omega,0,300,300,0.0,0.0,0,0,0
f73ca3324a321d80dc3d63e6bf4afa9f6240cdfd0a658acacbe7209dc8c1b144,1,f_wrongstatic,identity,identity,1,R_sign_eq,300,300,300,1.0,0.9754,1,0,0
f73ca3324a321d80dc3d63e6bf4afa9f6240cdfd0a658acacbe7209dc8c1b144,1,f_wrongstatic,order,permute_founders,0,R_eq_omega,220,220,300,1.0,0.9666,1,0,1
f73ca3324a321d80dc3d63e6bf4afa9f6240cdfd0a658acacbe7209dc8c1b144,1,f_wrongstatic,order,permute_founders,0,R_up_omega,0,220,300,0.0,0.0,0,0,0
f73ca3324a321d80dc3d63e6bf4afa9f6240cdfd0a658acacbe7209dc8c1b144,1,f_wrongstatic,order,permute_founders,0,R_down_omega,0,220,300,0.0,0.0,0,0,0
f73ca3324a321d80dc3d63e6bf4afa9f6240cdfd0a658acacbe7209dc8c1b144,1,f_wrongstatic,order,permute_founders,0,R_sign_eq,220,220,300,1.0,0.9666,1,0,1
f73ca3324a321d80dc3d63e6bf4afa9f6240cdfd0a658acacbe7209dc8c1b144,1,f_wrongstatic,order,permute_risks,0,R_eq_omega,183,183,300,1.0,0.96,1,0,1
f73ca3324a321d80dc3d63e6bf4afa9f6240cdfd0a658acacbe7209dc8c1b144,1,f_wrongstatic,order,permute_risks,0,R_up_omega,0,183,300,0.0,0.0,0,0,0
f73ca3324a321d80dc3d63e6bf4afa9f6240cdfd0a658acacbe7209dc8c1b144,1,f_wrongstatic,order,permute_risks,0,R_down_omega,0,183,300,0.0,0.0,0,0,0
f73ca3324a321d80dc3d63e6bf4afa9f6240cdfd0a658acacbe7209dc8c1b144,1,f_wrongstatic,order,permute_risks,0,R_sign_eq,183,183,300,1.0,0.96,1,0,1
f73ca3324a321d80dc3d63e6bf4afa9f6240cdfd0a658acacbe7209dc8c1b144,1,f_wrongstatic,optional,replace_description,0,R_eq_omega,300,300,300,1.0,0.9754,1,0,1
f73ca3324a321d80dc3d63e6bf4afa9f6240cdfd0a658acacbe7209dc8c1b144,1,f_wrongstatic,optional,replace_description,0,R_up_omega,0,300,300,0.0,0.0,0,0,0
f73ca3324a321d80dc3d63e6bf4afa9f6240cdfd0a658acacbe7209dc8c1b144,1,f_wrongstatic,optional,replace_description,0,R_down_omega,0,300,300,0.0,0.0,0,0,0
f73ca3324a321d80dc3d63e6bf4afa9f6240cdfd0a658acacbe7209dc8c1b144,1,f_wrongstatic,optional,replace_description,0,R_sign_eq,300,300,300,1.0,0.9754,1,0,1
f73ca3324a321d80dc3d63e6bf4afa9f6240cdfd0a658acacbe7209dc8c1b144,1,f_wrongstatic,optional,blank_description,0,R_eq_omega,300,300,300,1.0,0.9754,1,0,1
f73ca3324a321d80dc3d63e6bf4afa9f6240cdfd0a658acacbe7209dc8c1b144,1,f_wrongstatic,optional,blank_description,0,R_up_omega,0,300,300,0.0,0.0,0,0,0
f73ca3324a321d80dc3d63e6bf4afa9f6240cdfd0a658acacbe7209dc8c1b144,1,f_wrongstatic,optional,blank_description,0,R_down_omega,0,300,300,0.0,0.0,0,0,0
f73ca3324a321d80dc3d63e6bf4afa9f6240cdfd0a658acacbe7209dc8c1b144,1,f_wrongstatic,optional,blank_description,0,R_sign_eq,300,300,300,1.0,0.9754,1,0,1
f73ca3324a321d80dc3d63e6bf4afa9f6240cdfd0a658acacbe7209dc8c1b144,1,f_wrongstatic,non_rule_fact,add_risk_item,0,R_eq_omega,300,300,300,1.0,0.9754,1,0,1
f73ca3324a321d80dc3d63e6bf4afa9f6240cdfd0a658acacbe7209dc8c1b144,1,f_wrongstatic,non_rule_fact,add_risk_item,0,R_up_omega,0,300,300,0.0,0.0,0,0,0
f73ca3324a321d80dc3d63e6bf4afa9f6240cdfd0a658acacbe7209dc8c1b144,1,f_wrongstatic,non_rule_fact,add_risk_item,0,R_down_omega,0,300,300,0.0,0.0,0,0,0
f73ca3324a321d80dc3d63e6bf4afa9f6240cdfd0a658acacbe7209dc8c1b144,1,f_wrongstatic,non_rule_fact,add_risk_item,0,R_sign_eq,300,300,300,1.0,0.9754,1,0,1
f73ca3324a321d80dc3d63e6bf4afa9f6240cdfd0a658acacbe7209dc8c1b144,1,f_wrongstatic,non_rule_fact,drop_risk_item,0,R_eq_omega,250,250,300,1.0,0.9706,1,0,1
f73ca3324a321d80dc3d63e6bf4afa9f6240cdfd0a658acacbe7209dc8c1b144,1,f_wrongstatic,non_rule_fact,drop_risk_item,0,R_up_omega,0,250,300,0.0,0.0,0,0,0
f73ca3324a321d80dc3d63e6bf4afa9f6240cdfd0a658acacbe7209dc8c1b144,1,f_wrongstatic,non_rule_fact,drop_risk_item,0,R_down_omega,0,250,300,0.0,0.0,0,0,0
f73ca3324a321d80dc3d63e6bf4afa9f6240cdfd0a658acacbe7209dc8c1b144,1,f_wrongstatic,non_rule_fact,drop_risk_item,0,R_sign_eq,250,250,300,1.0,0.9706,1,0,1
f73ca3324a321d80dc3d63e6bf4afa9f6240cdfd0a658acacbe7209dc8c1b144,1,f_wrongstatic,non_rule_fact,bump_founder_experience,0,R_eq_omega,300,300,300,1.0,0.9754,1,0,1
f73ca3324a321d80dc3d63e6bf4afa9f6240cdfd0a658acacbe7209dc8c1b144,1,f_wrongstatic,non_rule_fact,bump_founder_experience,0,R_up_omega,0,300,300,0.0,0.0,0,0,0
f73ca3324a321d80dc3d63e6bf4afa9f6240cdfd0a658acacbe7209dc8c1b144,1,f_wrongstatic,non_rule_fact,bump_founder_experience,0,R_down_omega,0,300,300,0.0,0.0,0,0,0
f73ca3324a321d80dc3d63e6bf4afa9f6240cdfd0a658acacbe7209dc8c1b144,1,f_wrongstatic,non_rule_fact,bump_founder_experience,0,R_sign_eq,300,300,300,1.0,0.9754,1,0,1
f73ca3324a321d80dc3d63e6bf4afa9f6240cdfd0a658acacbe7209dc8c1b144,1,f_wrongstatic,rule_threshold,strengthen_revenue_threshold,0,R_eq_omega,238,300,300,0.7933,0.7088,0,0,0
f73ca3324a321d80dc3d63e6bf4afa9f6240cdfd0a658acacbe7209dc8c1b144,1,f_wrongstatic,rule_threshold,strengthen_revenue_threshold,0,R_up_omega,0,300,300,0.0,0.0,0,0,0
f73ca3324a321d80dc3d63e6bf4afa9f6240cdfd0a658acacbe7209dc8c1b144,1,f_wrongstatic,rule_threshold,strengthen_revenue_threshold,0,R_down_omega,62,300,300,0.2067,0.1369,0,0,0
f73ca3324a321d80dc3d63e6bf4afa9f6240cdfd0a658acacbe7209dc8c1b144,1,f_wrongstatic,rule_threshold,strengthen_revenue_threshold,0,R_sign_eq,270,300,300,0.9,0.832,0,0,0
f73ca3324a321d80dc3d63e6bf4afa9f6240cdfd0a658acacbe7209dc8c1b144,1,f_wrongstatic,rule_threshold,weaken_revenue_threshold,0,R_eq_omega,232,300,300,0.7733,0.6868,0,0,0
f73ca3324a321d80dc3d63e6bf4afa9f6240cdfd0a658acacbe7209dc8c1b144,1,f_wrongstatic,rule_threshold,weaken_revenue_threshold,0,R_up_omega,68,300,300,0.2267,0.1538,0,0,0
f73ca3324a321d80dc3d63e6bf4afa9f6240cdfd0a658acacbe7209dc8c1b144,1,f_wrongstatic,rule_threshold,weaken_revenue_threshold,0,R_down_omega,0,300,300,0.0,0.0,0,0,0
f73ca3324a321d80dc3d63e6bf4afa9f6240cdfd0a658acacbe7209dc8c1b144,1,f_wrongstatic,rule_threshold,weaken_revenue_threshold,0,R_sign_eq,273,300,300,0.91,0.8442,0,0,0
f73ca3324a321d80dc3d63e6bf4afa9f6240cdfd0a658acacbe7209dc8c1b144,1,f_wrongstatic,rule_threshold,strengthen_team_threshold,0,R_eq_omega,227,300,300,0.7567,0.6686,0,0,0
f73ca3324a321d80dc3d63e6bf4afa9f6240cdfd0a658acacbe7209dc8c1b144,1,f_wrongstatic,rule_threshold,strengthen_team_threshold,0,R_up_omega,0,300,300,0.0,0.0,0,0,0
f73ca3324a321d80dc3d63e6bf4afa9f6240cdfd0a658acacbe7209dc8c1b144,1,f_wrongstatic,rule_threshold,strengthen_team_threshold,0,R_down_omega,73,300,300,0.2433,0.1682,0,0,0
f73ca3324a321d80dc3d63e6bf4afa9f6240cdfd0a658acacbe7209dc8c1b144,1,f_wrongstatic,rule_threshold,strengthen_team_threshold,0,R_sign_eq,264,300,300,0.88,0.8079,0,0,0
f73ca3324a321d80dc3d63e6bf4afa9f6240cdfd0a658acacbe7209dc8c1b144,1,f_wrongstatic,rule_threshold,weaken_team_threshold,0,R_eq_omega,263,300,300,0.8767,0.804,0,0,0
f73ca3324a321d80dc3d63e6bf4afa9f6240cdfd0a658acacbe7209dc8c1b144,1,f_wrongstatic,rule_threshold,weaken_team_threshold,0,R_up_omega,37,300,300,0.1233,0.0696,0,0,0
f73ca3324a321d80dc3d63e6bf4afa9f6240cdfd0a658acacbe7209dc8c1b144,1,f_wrongstatic,rule_threshold,weaken_team_threshold,0,R_down_omega,0,300,300,0.0,0.0,0,0,0
f73ca3324a321d80dc3d63e6bf4afa9f6240cdfd0a658acacbe7209dc8c1b144,1,f_wrongstatic,rule_threshold,weaken_team_threshold,0,R_sign_eq,286,300,300,0.9533,0.9,1,0,1
f73ca3324a321d80dc3d63e6bf4afa9f6240cdfd0a658acacbe7209dc8c1b144,1,f_wrongstatic,rule_threshold,strengthen_risk_threshold,0,R_eq_omega,239,300,300,0.7967,0.7125,0,0,0
f73ca3324a321d80dc3d63e6bf4afa9f6240cdfd0a658acacbe7209dc8c1b144,1,f_wrongstatic,rule_threshold,strengthen_risk_threshold,0,R_up_omega,61,300,300,0.2033,0.1341,0,0,0
f73ca3324a321d80dc3d63e6bf4afa9f6240cdfd0a658acacbe7209dc8c1b144,1,f_wrongstatic,rule_threshold,strengthen_risk_threshold,0,R_down_omega,0,300,300,0.0,0.0,0,0,0
f73ca3324a321d80dc3d63e6bf4afa9f6240cdfd0a658acacbe7209dc8c1b144,1,f_wrongstatic,rule_threshold,strengthen_risk_threshold,0,R_sign_eq,280,300,300,0.9333,0.8736,0,0,0
f73ca3324a321d80dc3d63e6bf4afa9f6240cdfd0a658acacbe7209dc8c1b144,1,f_wrongstatic,rule_threshold,weaken_risk_threshold,0,R_eq_omega,200,300,300,0.6667,0.5731,0,0,0
f73ca3324a321d80dc3d63e6bf4afa9f6240cdfd0a658acacbe7209dc8c1b144,1,f_wrongstatic,rule_threshold,weaken_risk_threshold,0,R_up_omega,0,300,300,0.0,0.0,0,0,0
f73ca3324a321d80dc3d63e6bf4afa9f6240cdfd0a658acacbe7209dc8c1b144,1,f_wrongstatic,rule_threshold,weaken_risk_threshold,0,R_down_omega,100,300,300,0.3333,0.2481,0,0,0
f73ca3324a321d80dc3d63e6bf4afa9f6240cdfd0a658acacbe7209dc8c1b144,1,f_wrongstatic,rule_threshold,weaken_risk_threshold,0,R_sign_eq,246,300,300,0.82,0.7386,0,0,0
f73ca3324a321d80dc3d63e6bf4afa9f6240cdfd0a658acacbe7209dc8c1b144,1,f_wrongstatic,rule_clause,add_strict_clause,0,R_eq_omega,97,300,300,0.3233,0.239,0,0,0
f73ca3324a321d80dc3d63e6bf4afa9f6240cdfd0a658acacbe7209dc8c1b144,1,f_wrongstatic,rule_clause,add_strict_clause,0,R_up_omega,122,300,300,0.4067,0.3159,0,0,0
f73ca3324a321d80dc3d63e6bf4afa9f6240cdfd0a658acacbe7209dc8c1b144,1,f_wrongstatic,rule_clause,add_strict_clause,0,R_down_omega,109,300,300,0.3633,0.2756,0,0,0
f73ca3324a321d80dc3d63e6bf4afa9f6240cdfd0a658acacbe7209dc8c1b144,1,f_wrongstatic,rule_clause,add_strict_clause,0,R_sign_eq,237,300,300,0.79,0.7051,0,0,0
f73ca3324a321d80dc3d63e6bf4afa9f6240cdfd0a658acacbe7209dc8c1b144,1,f_wrongstatic,rule_clause,remove_last_clause,0,R_eq_omega,15,300,300,0.05,0.0185,0,0,0
f73ca3324a321d80dc3d63e6bf4afa9f6240cdfd0a658acacbe7209dc8c1b144,1,f_wrongstatic,rule_clause,remove_last_clause,0,R_up_omega,135,300,300,0.45,0.357,0,0,0
f73ca3324a321d80dc3d63e6bf4afa9f6240cdfd0a658acacbe7209dc8c1b144,1,f_wrongstatic,rule_clause,remove_last_clause,0,R_down_omega,164,300,300,0.5467,0.4512,0,0,0
f73ca3324a321d80dc3d63e6bf4afa9f6240cdfd0a658acacbe7209dc8c1b144,1,f_wrongstatic,rule_clause,remove_last_clause,0,R_sign_eq,175,300,300,0.5833,0.4879,0,0,0
f73ca3324a321d80dc3d63e6bf4afa9f6240cdfd0a658acacbe7209dc8c1b144,1,f_wrongstatic,case_fact,case_revenue_up,0,R_eq_omega,232,300,300,0.7733,0.6868,0,0,0
f73ca3324a321d80dc3d63e6bf4afa9f6240cdfd0a658acacbe7209dc8c1b144,1,f_wrongstatic,case_fact,case_revenue_up,0,R_up_omega,68,300,300,0.2267,0.1538,0,0,0
f73ca3324a321d80dc3d63e6bf4afa9f6240cdfd0a658acacbe7209dc8c1b144,1,f_wrongstatic,case_fact,case_revenue_up,0,R_down_omega,0,300,300,0.0,0.0,0,0,0
f73ca3324a321d80dc3d63e6bf4afa9f6240cdfd0a658acacbe7209dc8c1b144,1,f_wrongstatic,case_fact,case_revenue_up,0,R_sign_eq,273,300,300,0.91,0.8442,0,0,0
f73ca3324a321d80dc3d63e6bf4afa9f6240cdfd0a658acacbe7209dc8c1b144,1,f_wrongstatic,case_fact,case_revenue_down,0,R_eq_omega,238,300,300,0.7933,0.7088,0,0,0
f73ca3324a321d80dc3d63e6bf4afa9f6240cdfd0a658acacbe7209dc8c1b144,1,f_wrongstatic,case_fact,case_revenue_down,0,R_up_omega,0,300,300,0.0,0.0,0,0,0
f73ca3324a321d80dc3d63e6bf4afa9f6240cdfd0a658acacbe7209dc8c1b144,1,f_wrongstatic,case_fact,case_revenue_down,0,R_down_omega,62,300,300,0.2067,0.1369,0,0,0
f73ca3324a321d80dc3d63e6bf4afa9f6240cdfd0a658acacbe7209dc8c1b144,1,f_wrongstatic,case_fact,case_revenue_down,0,R_sign_eq,270,300,300,0.9,0.832,0,0,0
f73ca3324a321d80dc3d63e6bf4afa9f6240cdfd0a658acacbe7209dc8c1b144,1,f_wrongstatic,case_fact,case_team_plus,0,R_eq_omega,263,300,300,0.8767,0.804,0,0,0
f73ca3324a321d80dc3d63e6bf4afa9f6240cdfd0a658acacbe7209dc8c1b144,1,f_wrongstatic,case_fact,case_team_plus,0,R_up_omega,37,300,300,0.1233,0.0696,0,0,0
f73ca3324a321d80dc3d63e6bf4afa9f6240cdfd0a658acacbe7209dc8c1b144,1,f_wrongstatic,case_fact,case_team_plus,0,R_down_omega,0,300,300,0.0,0.0,0,0,0
f73ca3324a321d80dc3d63e6bf4afa9f6240cdfd0a658acacbe7209dc8c1b144,1,f_wrongstatic,case_fact,case_team_plus,0,R_sign_eq,286,300,300,0.9533,0.9,1,0,1
f73ca3324a321d80dc3d63e6bf4afa9f6240cdfd0a658acacbe7209dc8c1b144,1,f_wrongstatic,case_fact,case_team_minus,0,R_eq_omega,263,300,300,0.8767,0.804,0,0,0
f73ca3324a321d80dc3d63e6bf4afa9f6240cdfd0a658acacbe7209dc8c1b144,1,f_wrongstatic,case_fact,case_team_minus,0,R_up_omega,0,300,300,0.0,0.0,0,0,0
f73ca3324a321d80dc3d63e6bf4afa9f6240cdfd0a658acacbe7209dc8c1b144,1,f_wrongstatic,case_fact,case_team_minus,0,R_down_omega,37,300,300,0.1233,0.0696,0,0,0
f73ca3324a321d80dc3d63e6bf4afa9f6240cdfd0a658acacbe7209dc8c1b144,1,f_wrongstatic,case_fact,case_team_minus,0,R_sign_eq,283,300,300,0.9433,0.8866,0,0,0
f73ca3324a321d80dc3d63e6bf4afa9f6240cdfd0a658acacbe7209dc8c1b144,1,f_wrongstatic,case_fact,case_risk_up,0,R_eq_omega,205,300,300,0.6833,0.5905,0,0,0
f73ca3324a321d80dc3d63e6bf4afa9f6240cdfd0a658acacbe7209dc8c1b144,1,f_wrongstatic,case_fact,case_risk_up,0,R_up_omega,95,300,300,0.3167,0.233,0,0,0
f73ca3324a321d80dc3d63e6bf4afa9f6240cdfd0a658acacbe7209dc8c1b144,1,f_wrongstatic,case_fact,case_risk_up,0,R_down_omega,0,300,300,0.0,0.0,0,0,0
f73ca3324a321d80dc3d63e6bf4afa9f6240cdfd0a658acacbe7209dc8c1b144,1,f_wrongstatic,case_fact,case_risk_up,0,R_sign_eq,262,300,300,0.8733,0.8,0,0,0
f73ca3324a321d80dc3d63e6bf4afa9f6240cdfd0a658acacbe7209dc8c1b144,1,f_wrongstatic,case_fact,case_risk_down,0,R_eq_omega,200,300,300,0.6667,0.5731,0,0,0
f73ca3324a321d80dc3d63e6bf4afa9f6240cdfd0a658acacbe7209dc8c1b144,1,f_wrongstatic,case_fact,case_risk_down,0,R_up_omega,0,300,300,0.0,0.0,0,0,0
f73ca3324a321d80dc3d63e6bf4afa9f6240cdfd0a658acacbe7209dc8c1b144,1,f_wrongstatic,case_fact,case_risk_down,0,R_down_omega,100,300,300,0.3333,0.2481,0,0,0
f73ca3324a321d80dc3d63e6bf4afa9f6240cdfd0a658acacbe7209dc8c1b144,1,f_wrongstatic,case_fact,case_risk_down,0,R_sign_eq,246,300,300,0.82,0.7386,0,0,0
f73ca3324a321d80dc3d63e6bf4afa9f6240cdfd0a658acacbe7209dc8c1b144,1,f_wrongstochastic,identity,identity,1,R_eq_omega,300,300,300,1.0,0.9754,1,0,0
f73ca3324a321d80dc3d63e6bf4afa9f6240cdfd0a658acacbe7209dc8c1b144,1,f_wrongstochastic,identity,identity,1,R_up_omega,0,300,300,0.0,0.0,0,0,0
f73ca3324a321d80dc3d63e6bf4afa9f6240cdfd0a658acacbe7209dc8c1b144,1,f_wrongstochastic,identity,identity,1,R_down_omega,0,300,300,0.0,0.0,0,0,0
f73ca3324a321d80dc3d63e6bf4afa9f6240cdfd0a658acacbe7209dc8c1b144,1,f_wrongstochastic,identity,identity,1,R_sign_eq,271,300,300,0.9033,0.836,0,0,0
f73ca3324a321d80dc3d63e6bf4afa9f6240cdfd0a658acacbe7209dc8c1b144,1,f_wrongstochastic,order,permute_founders,0,R_eq_omega,220,220,300,1.0,0.9666,1,0,1
f73ca3324a321d80dc3d63e6bf4afa9f6240cdfd0a658acacbe7209dc8c1b144,1,f_wrongstochastic,order,permute_founders,0,R_up_omega,0,220,300,0.0,0.0,0,0,0
f73ca3324a321d80dc3d63e6bf4afa9f6240cdfd0a658acacbe7209dc8c1b144,1,f_wrongstochastic,order,permute_founders,0,R_down_omega,0,220,300,0.0,0.0,0,0,0
f73ca3324a321d80dc3d63e6bf4afa9f6240cdfd0a658acacbe7209dc8c1b144,1,f_wrongstochastic,order,permute_founders,0,R_sign_eq,201,220,300,0.9136,0.8355,0,0,0
f73ca3324a321d80dc3d63e6bf4afa9f6240cdfd0a658acacbe7209dc8c1b144,1,f_wrongstochastic,order,permute_risks,0,R_eq_omega,183,183,300,1.0,0.96,1,0,1
f73ca3324a321d80dc3d63e6bf4afa9f6240cdfd0a658acacbe7209dc8c1b144,1,f_wrongstochastic,order,permute_risks,0,R_up_omega,0,183,300,0.0,0.0,0,0,0
f73ca3324a321d80dc3d63e6bf4afa9f6240cdfd0a658acacbe7209dc8c1b144,1,f_wrongstochastic,order,permute_risks,0,R_down_omega,0,183,300,0.0,0.0,0,0,0
f73ca3324a321d80dc3d63e6bf4afa9f6240cdfd0a658acacbe7209dc8c1b144,1,f_wrongstochastic,order,permute_risks,0,R_sign_eq,166,183,300,0.9071,0.8178,0,0,0
f73ca3324a321d80dc3d63e6bf4afa9f6240cdfd0a658acacbe7209dc8c1b144,1,f_wrongstochastic,optional,replace_description,0,R_eq_omega,300,300,300,1.0,0.9754,1,0,1
f73ca3324a321d80dc3d63e6bf4afa9f6240cdfd0a658acacbe7209dc8c1b144,1,f_wrongstochastic,optional,replace_description,0,R_up_omega,0,300,300,0.0,0.0,0,0,0
f73ca3324a321d80dc3d63e6bf4afa9f6240cdfd0a658acacbe7209dc8c1b144,1,f_wrongstochastic,optional,replace_description,0,R_down_omega,0,300,300,0.0,0.0,0,0,0
f73ca3324a321d80dc3d63e6bf4afa9f6240cdfd0a658acacbe7209dc8c1b144,1,f_wrongstochastic,optional,replace_description,0,R_sign_eq,271,300,300,0.9033,0.836,0,0,0
f73ca3324a321d80dc3d63e6bf4afa9f6240cdfd0a658acacbe7209dc8c1b144,1,f_wrongstochastic,optional,blank_description,0,R_eq_omega,300,300,300,1.0,0.9754,1,0,1
f73ca3324a321d80dc3d63e6bf4afa9f6240cdfd0a658acacbe7209dc8c1b144,1,f_wrongstochastic,optional,blank_description,0,R_up_omega,0,300,300,0.0,0.0,0,0,0
f73ca3324a321d80dc3d63e6bf4afa9f6240cdfd0a658acacbe7209dc8c1b144,1,f_wrongstochastic,optional,blank_description,0,R_down_omega,0,300,300,0.0,0.0,0,0,0
f73ca3324a321d80dc3d63e6bf4afa9f6240cdfd0a658acacbe7209dc8c1b144,1,f_wrongstochastic,optional,blank_description,0,R_sign_eq,271,300,300,0.9033,0.836,0,0,0
f73ca3324a321d80dc3d63e6bf4afa9f6240cdfd0a658acacbe7209dc8c1b144,1,f_wrongstochastic,non_rule_fact,add_risk_item,0,R_eq_omega,300,300,300,1.0,0.9754,1,0,1
f73ca3324a321d80dc3d63e6bf4afa9f6240cdfd0a658acacbe7209dc8c1b144,1,f_wrongstochastic,non_rule_fact,add_risk_item,0,R_up_omega,0,300,300,0.0,0.0,0,0,0
f73ca3324a321d80dc3d63e6bf4afa9f6240cdfd0a658acacbe7209dc8c1b144,1,f_wrongstochastic,non_rule_fact,add_risk_item,0,R_down_omega,0,300,300,0.0,0.0,0,0,0
f73ca3324a321d80dc3d63e6bf4afa9f6240cdfd0a658acacbe7209dc8c1b144,1,f_wrongstochastic,non_rule_fact,add_risk_item,0,R_sign_eq,271,300,300,0.9033,0.836,0,0,0
f73ca3324a321d80dc3d63e6bf4afa9f6240cdfd0a658acacbe7209dc8c1b144,1,f_wrongstochastic,non_rule_fact,drop_risk_item,0,R_eq_omega,250,250,300,1.0,0.9706,1,0,1
f73ca3324a321d80dc3d63e6bf4afa9f6240cdfd0a658acacbe7209dc8c1b144,1,f_wrongstochastic,non_rule_fact,drop_risk_item,0,R_up_omega,0,250,300,0.0,0.0,0,0,0
f73ca3324a321d80dc3d63e6bf4afa9f6240cdfd0a658acacbe7209dc8c1b144,1,f_wrongstochastic,non_rule_fact,drop_risk_item,0,R_down_omega,0,250,300,0.0,0.0,0,0,0
f73ca3324a321d80dc3d63e6bf4afa9f6240cdfd0a658acacbe7209dc8c1b144,1,f_wrongstochastic,non_rule_fact,drop_risk_item,0,R_sign_eq,224,250,300,0.896,0.8193,0,0,0
f73ca3324a321d80dc3d63e6bf4afa9f6240cdfd0a658acacbe7209dc8c1b144,1,f_wrongstochastic,non_rule_fact,bump_founder_experience,0,R_eq_omega,300,300,300,1.0,0.9754,1,0,1
f73ca3324a321d80dc3d63e6bf4afa9f6240cdfd0a658acacbe7209dc8c1b144,1,f_wrongstochastic,non_rule_fact,bump_founder_experience,0,R_up_omega,0,300,300,0.0,0.0,0,0,0
f73ca3324a321d80dc3d63e6bf4afa9f6240cdfd0a658acacbe7209dc8c1b144,1,f_wrongstochastic,non_rule_fact,bump_founder_experience,0,R_down_omega,0,300,300,0.0,0.0,0,0,0
f73ca3324a321d80dc3d63e6bf4afa9f6240cdfd0a658acacbe7209dc8c1b144,1,f_wrongstochastic,non_rule_fact,bump_founder_experience,0,R_sign_eq,271,300,300,0.9033,0.836,0,0,0
f73ca3324a321d80dc3d63e6bf4afa9f6240cdfd0a658acacbe7209dc8c1b144,1,f_wrongstochastic,rule_threshold,strengthen_revenue_threshold,0,R_eq_omega,257,300,300,0.8567,0.7805,0,0,0
f73ca3324a321d80dc3d63e6bf4afa9f6240cdfd0a658acacbe7209dc8c1b144,1,f_wrongstochastic,rule_threshold,strengthen_revenue_threshold,0,R_up_omega,0,300,300,0.0,0.0,0,0,0
f73ca3324a321d80dc3d63e6bf4afa9f6240cdfd0a658acacbe7209dc8c1b144,1,f_wrongstochastic,rule_threshold,strengthen_revenue_threshold,0,R_down_omega,43,300,300,0.1433,0.0852,0,0,0
f73ca3324a321d80dc3d63e6bf4afa9f6240cdfd0a658acacbe7209dc8c1b144,1,f_wrongstochastic,rule_threshold,strengthen_revenue_threshold,0,R_sign_eq,244,300,300,0.8133,0.7311,0,0,0
f73ca3324a321d80dc3d63e6bf4afa9f6240cdfd0a658acacbe7209dc8c1b144,1,f_wrongstochastic,rule_threshold,weaken_revenue_threshold,0,R_eq_omega,251,300,300,0.8367,0.7575,0,0,0
f73ca3324a321d80dc3d63e6bf4afa9f6240cdfd0a658acacbe7209dc8c1b144,1,f_wrongstochastic,rule_threshold,weaken_revenue_threshold,0,R_up_omega,49,300,300,0.1633,0.1011,0,0,0
f73ca3324a321d80dc3d63e6bf4afa9f6240cdfd0a658acacbe7209dc8c1b144,1,f_wrongstochastic,rule_threshold,weaken_revenue_threshold,0,R_down_omega,0,300,300,0.0,0.0,0,0,0
f73ca3324a321d80dc3d63e6bf4afa9f6240cdfd0a658acacbe7209dc8c1b144,1,f_wrongstochastic,rule_threshold,weaken_revenue_threshold,0,R_sign_eq,243,300,300,0.81,0.7274,0,0,0
f73ca3324a321d80dc3d63e6bf4afa9f6240cdfd0a658acacbe7209dc8c1b144,1,f_wrongstochastic,rule_threshold,strengthen_team_threshold,0,R_eq_omega,243,300,300,0.81,0.7274,0,0,0
f73ca3324a321d80dc3d63e6bf4afa9f6240cdfd0a658acacbe7209dc8c1b144,1,f_wrongstochastic,rule_threshold,strengthen_team_threshold,0,R_up_omega,0,300,300,0.0,0.0,0,0,0
f73ca3324a321d80dc3d63e6bf4afa9f6240cdfd0a658acacbe7209dc8c1b144,1,f_wrongstochastic,rule_threshold,strengthen_team_threshold,0,R_down_omega,57,300,300,0.19,0.1229,0,0,0
f73ca3324a321d80dc3d63e6bf4afa9f6240cdfd0a658acacbe7209dc8c1b144,1,f_wrongstochastic,rule_threshold,strengthen_team_threshold,0,R_sign_eq,243,300,300,0.81,0.7274,0,0,0
f73ca3324a321d80dc3d63e6bf4afa9f6240cdfd0a658acacbe7209dc8c1b144,1,f_wrongstochastic,rule_threshold,weaken_team_threshold,0,R_eq_omega,274,300,300,0.9133,0.8484,0,0,0
f73ca3324a321d80dc3d63e6bf4afa9f6240cdfd0a658acacbe7209dc8c1b144,1,f_wrongstochastic,rule_threshold,weaken_team_threshold,0,R_up_omega,26,300,300,0.0867,0.0426,0,0,0
f73ca3324a321d80dc3d63e6bf4afa9f6240cdfd0a658acacbe7209dc8c1b144,1,f_wrongstochastic,rule_threshold,weaken_team_threshold,0,R_down_omega,0,300,300,0.0,0.0,0,0,0
f73ca3324a321d80dc3d63e6bf4afa9f6240cdfd0a658acacbe7209dc8c1b144,1,f_wrongstochastic,rule_threshold,weaken_team_threshold,0,R_sign_eq,258,300,300,0.86,0.7844,0,0,0
f73ca3324a321d80dc3d63e6bf4afa9f6240cdfd0a658acacbe7209dc8c1b144,1,f_wrongstochastic,rule_threshold,strengthen_risk_threshold,0,R_eq_omega,277,300,300,0.9233,0.8609,0,0,0
f73ca3324a321d80dc3d63e6bf4afa9f6240cdfd0a658acacbe7209dc8c1b144,1,f_wrongstochastic,rule_threshold,strengthen_risk_threshold,0,R_up_omega,0,300,300,0.0,0.0,0,0,0
f73ca3324a321d80dc3d63e6bf4afa9f6240cdfd0a658acacbe7209dc8c1b144,1,f_wrongstochastic,rule_threshold,strengthen_risk_threshold,0,R_down_omega,23,300,300,0.0767,0.0357,0,0,0
f73ca3324a321d80dc3d63e6bf4afa9f6240cdfd0a658acacbe7209dc8c1b144,1,f_wrongstochastic,rule_threshold,strengthen_risk_threshold,0,R_sign_eq,262,300,300,0.8733,0.8,0,0,0
f73ca3324a321d80dc3d63e6bf4afa9f6240cdfd0a658acacbe7209dc8c1b144,1,f_wrongstochastic,rule_threshold,weaken_risk_threshold,0,R_eq_omega,284,300,300,0.9467,0.8911,0,0,0
f73ca3324a321d80dc3d63e6bf4afa9f6240cdfd0a658acacbe7209dc8c1b144,1,f_wrongstochastic,rule_threshold,weaken_risk_threshold,0,R_up_omega,16,300,300,0.0533,0.0205,0,0,0
f73ca3324a321d80dc3d63e6bf4afa9f6240cdfd0a658acacbe7209dc8c1b144,1,f_wrongstochastic,rule_threshold,weaken_risk_threshold,0,R_down_omega,0,300,300,0.0,0.0,0,0,0
f73ca3324a321d80dc3d63e6bf4afa9f6240cdfd0a658acacbe7209dc8c1b144,1,f_wrongstochastic,rule_threshold,weaken_risk_threshold,0,R_sign_eq,268,300,300,0.8933,0.8239,0,0,0
f73ca3324a321d80dc3d63e6bf4afa9f6240cdfd0a658acacbe7209dc8c1b144,1,f_wrongstochastic,rule_clause,add_strict_clause,0,R_eq_omega,258,300,300,0.86,0.7844,0,0,0
f73ca3324a321d80dc3d63e6bf4afa9f6240cdfd0a658acacbe7209dc8c1b144,1,f_wrongstochastic,rule_clause,add_strict_clause,0,R_up_omega,0,300,300,0.0,0.0,0,0,0
f73ca3324a321d80dc3d63e6bf4afa9f6240cdfd0a658acacbe7209dc8c1b144,1,f_wrongstochastic,rule_clause,add_strict_clause,0,R_down_omega,52,300,300,0.1733,0.1092,0,0,0
f73ca3324a321d80dc3d63e6bf4afa9f6240cdfd0a658acacbe7209dc8c1b144,1,f_wrongstochastic,rule_clause,add_strict_clause,0,R_sign_eq,276,300,300,0.92,0.8567,0,0,0
f73ca3324a321d80dc3d63e6bf4afa9f6240cdfd0a658acacbe7209dc8c1b144,1,f_wrongstochastic,rule_clause,remove_last_clause,0,R_eq_omega,255,300,300,0.85,0.7728,0,0,0
f73ca3324a321d80dc3d63e6bf4afa9f6240cdfd0a658acacbe7209dc8c1b144,1,f_wrongstochastic,rule_clause,remove_last_clause,0,R_up_omega,24,300,300,0.08,0.038,0,0,0
f73ca3324a321d80dc3d63e6bf4afa9f6240cdfd0a658acacbe7209dc8c1b144,1,f_wrongstochastic,rule_clause,remove_last_clause,0,R_down_omega,21,300,300,0.07,0.0312,0,0,0
f73ca3324a321d80dc3d63e6bf4afa9f6240cdfd0a658acacbe7209dc8c1b144,1,f_wrongstochastic,rule_clause,remove_last_clause,0,R_sign_eq,256,300,300,0.8533,0.7767,0,0,0
f73ca3324a321d80dc3d63e6bf4afa9f6240cdfd0a658acacbe7209dc8c1b144,1,f_wrongstochastic,case_fact,case_revenue_up,0,R_eq_omega,251,300,300,0.8367,0.7575,0,0,0
f73ca3324a321d80dc3d63e6bf4afa9f6240cdfd0a658acacbe7209dc8c1b144,1,f_wrongstochastic,case_fact,case_revenue_up,0,R_up_omega,49,300,300,0.1633,0.1011,0,0,0
f73ca3324a321d80dc3d63e6bf4afa9f6240cdfd0a658acacbe7209dc8c1b144,1,f_wrongstochastic,case_fact,case_revenue_up,0,R_down_omega,0,300,300,0.0,0.0,0,0,0
f73ca3324a321d80dc3d63e6bf4afa9f6240cdfd0a658acacbe7209dc8c1b144,1,f_wrongstochastic,case_fact,case_revenue_up,0,R_sign_eq,243,300,300,0.81,0.7274,0,0,0
f73ca3324a321d80dc3d63e6bf4afa9f6240cdfd0a658acacbe7209dc8c1b144,1,f_wrongstochastic,case_fact,case_revenue_down,0,R_eq_omega,257,300,300,0.8567,0.7805,0,0,0
f73ca3324a321d80dc3d63e6bf4afa9f6240cdfd0a658acacbe7209dc8c1b144,1,f_wrongstochastic,case_fact,case_revenue_down,0,R_up_omega,0,300,300,0.0,0.0,0,0,0
f73ca3324a321d80dc3d63e6bf4afa9f6240cdfd0a658acacbe7209dc8c1b144,1,f_wrongstochastic,case_fact,case_revenue_down,0,R_down_omega,43,300,300,0.1433,0.0852,0,0,0
f73ca3324a321d80dc3d63e6bf4afa9f6240cdfd0a658acacbe7209dc8c1b144,1,f_wrongstochastic,case_fact,case_revenue_down,0,R_sign_eq,244,300,300,0.8133,0.7311,0,0,0
f73ca3324a321d80dc3d63e6bf4afa9f6240cdfd0a658acacbe7209dc8c1b144,1,f_wrongstochastic,case_fact,case_team_plus,0,R_eq_omega,274,300,300,0.9133,0.8484,0,0,0
f73ca3324a321d80dc3d63e6bf4afa9f6240cdfd0a658acacbe7209dc8c1b144,1,f_wrongstochastic,case_fact,case_team_plus,0,R_up_omega,26,300,300,0.0867,0.0426,0,0,0
f73ca3324a321d80dc3d63e6bf4afa9f6240cdfd0a658acacbe7209dc8c1b144,1,f_wrongstochastic,case_fact,case_team_plus,0,R_down_omega,0,300,300,0.0,0.0,0,0,0
f73ca3324a321d80dc3d63e6bf4afa9f6240cdfd0a658acacbe7209dc8c1b144,1,f_wrongstochastic,case_fact,case_team_plus,0,R_sign_eq,258,300,300,0.86,0.7844,0,0,0
f73ca3324a321d80dc3d63e6bf4afa9f6240cdfd0a658acacbe7209dc8c1b144,1,f_wrongstochastic,case_fact,case_team_minus,0,R_eq_omega,274,300,300,0.9133,0.8484,0,0,0
f73ca3324a321d80dc3d63e6bf4afa9f6240cdfd0a658acacbe7209dc8c1b144,1,f_wrongstochastic,case_fact,case_team_minus,0,R_up_omega,0,300,300,0.0,0.0,0,0,0
f73ca3324a321d80dc3d63e6bf4afa9f6240cdfd0a658acacbe7209dc8c1b144,1,f_wrongstochastic,case_fact,case_team_minus,0,R_down_omega,26,300,300,0.0867,0.0426,0,0,0
f73ca3324a321d80dc3d63e6bf4afa9f6240cdfd0a658acacbe7209dc8c1b144,1,f_wrongstochastic,case_fact,case_team_minus,0,R_sign_eq,256,300,300,0.8533,0.7767,0,0,0
f73ca3324a321d80dc3d63e6bf4afa9f6240cdfd0a658acacbe7209dc8c1b144,1,f_wrongstochastic,case_fact,case_risk_up,0,R_eq_omega,266,300,300,0.8867,0.8159,0,0,0
f73ca3324a321d80dc3d63e6bf4afa9f6240cdfd0a658acacbe7209dc8c1b144,1,f_wrongstochastic,case_fact,case_risk_up,0,R_up_omega,0,300,300,0.0,0.0,0,0,0
f73ca3324a321d80dc3d63e6bf4afa9f6240cdfd0a658acacbe7209dc8c1b144,1,f_wrongstochastic,case_fact,case_risk_up,0,R_down_omega,35,300,300,0.1167,0.0646,0,0,0
f73ca3324a321d80dc3d63e6bf4afa9f6240cdfd0a658acacbe7209dc8c1b144,1,f_wrongstochastic,case_fact,case_risk_up,0,R_sign_eq,253,300,300,0.8433,0.7651,0,0,0
f73ca3324a321d80dc3d63e6bf4afa9f6240cdfd0a658acacbe7209dc8c1b144,1,f_wrongstochastic,case_fact,case_risk_down,0,R_eq_omega,284,300,300,0.9467,0.8911,0,0,0
f73ca3324a321d80dc3d63e6bf4afa9f6240cdfd0a658acacbe7209dc8c1b144,1,f_wrongstochastic,case_fact,case_risk_down,0,R_up_omega,16,300,300,0.0533,0.0205,0,0,0
f73ca3324a321d80dc3d63e6bf4afa9f6240cdfd0a658acacbe7209dc8c1b144,1,f_wrongstochastic,case_fact,case_risk_down,0,R_down_omega,0,300,300,0.0,0.0,0,0,0
f73ca3324a321d80dc3d63e6bf4afa9f6240cdfd0a658acacbe7209dc8c1b144,1,f_wrongstochastic,case_fact,case_risk_down,0,R_sign_eq,268,300,300,0.8933,0.8239,0,0,0
f73ca3324a321d80dc3d63e6bf4afa9f6240cdfd0a658acacbe7209dc8c1b144,2,f_track,identity,identity,1,R_eq_omega,300,300,300,1.0,0.9754,1,0,0
f73ca3324a321d80dc3d63e6bf4afa9f6240cdfd0a658acacbe7209dc8c1b144,2,f_track,identity,identity,1,R_up_omega,0,300,300,0.0,0.0,0,0,0
f73ca3324a321d80dc3d63e6bf4afa9f6240cdfd0a658acacbe7209dc8c1b144,2,f_track,identity,identity,1,R_down_omega,0,300,300,0.0,0.0,0,0,0
f73ca3324a321d80dc3d63e6bf4afa9f6240cdfd0a658acacbe7209dc8c1b144,2,f_track,identity,identity,1,R_sign_eq,300,300,300,1.0,0.9754,1,0,0
f73ca3324a321d80dc3d63e6bf4afa9f6240cdfd0a658acacbe7209dc8c1b144,2,f_track,order,permute_founders,0,R_eq_omega,239,239,300,1.0,0.9692,1,0,1
f73ca3324a321d80dc3d63e6bf4afa9f6240cdfd0a658acacbe7209dc8c1b144,2,f_track,order,permute_founders,0,R_up_omega,0,239,300,0.0,0.0,0,0,0
f73ca3324a321d80dc3d63e6bf4afa9f6240cdfd0a658acacbe7209dc8c1b144,2,f_track,order,permute_founders,0,R_down_omega,0,239,300,0.0,0.0,0,0,0
f73ca3324a321d80dc3d63e6bf4afa9f6240cdfd0a658acacbe7209dc8c1b144,2,f_track,order,permute_founders,0,R_sign_eq,239,239,300,1.0,0.9692,1,0,1
f73ca3324a321d80dc3d63e6bf4afa9f6240cdfd0a658acacbe7209dc8c1b144,2,f_track,order,permute_risks,0,R_eq_omega,199,199,300,1.0,0.9631,1,0,1
f73ca3324a321d80dc3d63e6bf4afa9f6240cdfd0a658acacbe7209dc8c1b144,2,f_track,order,permute_risks,0,R_up_omega,0,199,300,0.0,0.0,0,0,0
f73ca3324a321d80dc3d63e6bf4afa9f6240cdfd0a658acacbe7209dc8c1b144,2,f_track,order,permute_risks,0,R_down_omega,0,199,300,0.0,0.0,0,0,0
f73ca3324a321d80dc3d63e6bf4afa9f6240cdfd0a658acacbe7209dc8c1b144,2,f_track,order,permute_risks,0,R_sign_eq,199,199,300,1.0,0.9631,1,0,1
f73ca3324a321d80dc3d63e6bf4afa9f6240cdfd0a658acacbe7209dc8c1b144,2,f_track,optional,replace_description,0,R_eq_omega,300,300,300,1.0,0.9754,1,0,1
f73ca3324a321d80dc3d63e6bf4afa9f6240cdfd0a658acacbe7209dc8c1b144,2,f_track,optional,replace_description,0,R_up_omega,0,300,300,0.0,0.0,0,0,0
f73ca3324a321d80dc3d63e6bf4afa9f6240cdfd0a658acacbe7209dc8c1b144,2,f_track,optional,replace_description,0,R_down_omega,0,300,300,0.0,0.0,0,0,0
f73ca3324a321d80dc3d63e6bf4afa9f6240cdfd0a658acacbe7209dc8c1b144,2,f_track,optional,replace_description,0,R_sign_eq,300,300,300,1.0,0.9754,1,0,1
f73ca3324a321d80dc3d63e6bf4afa9f6240cdfd0a658acacbe7209dc8c1b144,2,f_track,optional,blank_description,0,R_eq_omega,300,300,300,1.0,0.9754,1,0,1
f73ca3324a321d80dc3d63e6bf4afa9f6240cdfd0a658acacbe7209dc8c1b144,2,f_track,optional,blank_description,0,R_up_omega,0,300,300,0.0,0.0,0,0,0
f73ca3324a321d80dc3d63e6bf4afa9f6240cdfd0a658acacbe7209dc8c1b144,2,f_track,optional,blank_description,0,R_down_omega,0,300,300,0.0,0.0,0,0,0
f73ca3324a321d80dc3d63e6bf4afa9f6240cdfd0a658acacbe7209dc8c1b144,2,f_track,optional,blank_description,0,R_sign_eq,300,300,300,1.0,0.9754,1,0,1
f73ca3324a321d80dc3d63e6bf4afa9f6240cdfd0a658acacbe7209dc8c1b144,2,f_track,non_rule_fact,add_risk_item,0,R_eq_omega,300,300,300,1.0,0.9754,1,0,1
f73ca3324a321d80dc3d63e6bf4afa9f6240cdfd0a658acacbe7209dc8c1b144,2,f_track,non_rule_fact,add_risk_item,0,R_up_omega,0,300,300,0.0,0.0,0,0,0
f73ca3324a321d80dc3d63e6bf4afa9f6240cdfd0a658acacbe7209dc8c1b144,2,f_track,non_rule_fact,add_risk_item,0,R_down_omega,0,300,300,0.0,0.0,0,0,0
f73ca3324a321d80dc3d63e6bf4afa9f6240cdfd0a658acacbe7209dc8c1b144,2,f_track,non_rule_fact,add_risk_item,0,R_sign_eq,300,300,300,1.0,0.9754,1,0,1
f73ca3324a321d80dc3d63e6bf4afa9f6240cdfd0a658acacbe7209dc8c1b144,2,f_track,non_rule_fact,drop_risk_item,0,R_eq_omega,263,263,300,1.0,0.972,1,0,1
f73ca3324a321d80dc3d63e6bf4afa9f6240cdfd0a658acacbe7209dc8c1b144,2,f_track,non_rule_fact,drop_risk_item,0,R_up_omega,0,263,300,0.0,0.0,0,0,0
f73ca3324a321d80dc3d63e6bf4afa9f6240cdfd0a658acacbe7209dc8c1b144,2,f_track,non_rule_fact,drop_risk_item,0,R_down_omega,0,263,300,0.0,0.0,0,0,0
f73ca3324a321d80dc3d63e6bf4afa9f6240cdfd0a658acacbe7209dc8c1b144,2,f_track,non_rule_fact,drop_risk_item,0,R_sign_eq,263,263,300,1.0,0.972,1,0,1
f73ca3324a321d80dc3d63e6bf4afa9f6240cdfd0a658acacbe7209dc8c1b144,2,f_track,non_rule_fact,bump_founder_experience,0,R_eq_omega,300,300,300,1.0,0.9754,1,0,1
f73ca3324a321d80dc3d63e6bf4afa9f6240cdfd0a658acacbe7209dc8c1b144,2,f_track,non_rule_fact,bump_founder_experience,0,R_up_omega,0,300,300,0.0,0.0,0,0,0
f73ca3324a321d80dc3d63e6bf4afa9f6240cdfd0a658acacbe7209dc8c1b144,2,f_track,non_rule_fact,bump_founder_experience,0,R_down_omega,0,300,300,0.0,0.0,0,0,0
f73ca3324a321d80dc3d63e6bf4afa9f6240cdfd0a658acacbe7209dc8c1b144,2,f_track,non_rule_fact,bump_founder_experience,0,R_sign_eq,300,300,300,1.0,0.9754,1,0,1
f73ca3324a321d80dc3d63e6bf4afa9f6240cdfd0a658acacbe7209dc8c1b144,2,f_track,rule_threshold,strengthen_revenue_threshold,0,R_eq_omega,230,300,300,0.7667,0.6795,0,0,0
f73ca3324a321d80dc3d63e6bf4afa9f6240cdfd0a658acacbe7209dc8c1b144,2,f_track,rule_threshold,strengthen_revenue_threshold,0,R_up_omega,0,300,300,0.0,0.0,0,0,0
f73ca3324a321d80dc3d63e6bf4afa9f6240cdfd0a658acacbe7209dc8c1b144,2,f_track,rule_threshold,strengthen_revenue_threshold,0,R_down_omega,70,300,300,0.2333,0.1595,0,0,0
f73ca3324a321d80dc3d63e6bf4afa9f6240cdfd0a658acacbe7209dc8c1b144,2,f_track,rule_threshold,strengthen_revenue_threshold,0,R_sign_eq,266,300,300,0.8867,0.8159,0,0,0
f73ca3324a321d80dc3d63e6bf4afa9f6240cdfd0a658acacbe7209dc8c1b144,2,f_track,rule_threshold,weaken_revenue_threshold,0,R_eq_omega,230,300,300,0.7667,0.6795,0,0,0
f73ca3324a321d80dc3d63e6bf4afa9f6240cdfd0a658acacbe7209dc8c1b144,2,f_track,rule_threshold,weaken_revenue_threshold,0,R_up_omega,70,300,300,0.2333,0.1595,0,0,0
f73ca3324a321d80dc3d63e6bf4afa9f6240cdfd0a658acacbe7209dc8c1b144,2,f_track,rule_threshold,weaken_revenue_threshold,0,R_down_omega,0,300,300,0.0,0.0,0,0,0
f73ca3324a321d80dc3d63e6bf4afa9f6240cdfd0a658acacbe7209dc8c1b144,2,f_track,rule_threshold,weaken_revenue_threshold,0,R_sign_eq,269,300,300,0.8967,0.8279,0,0,0
f73ca3324a321d80dc3d63e6bf4afa9f6240cdfd0a658acacbe7209dc8c1b144,2,f_track,rule_threshold,strengthen_team_threshold,0,R_eq_omega,226,300,300,0.7533,0.665,0,0,0
f73ca3324a321d80dc3d63e6bf4afa9f6240cdfd0a658acacbe7209dc8c1b144,2,f_track,rule_threshold,strengthen_team_threshold,0,R_up_omega,0,300,300,0.0,0.0,0,0,0
f73ca3324a321d80dc3d63e6bf4afa9f6240cdfd0a658acacbe7209dc8c1b144,2,f_track,rule_threshold,strengthen_team_threshold,0,R_down_omega,74,300,300,0.2467,0.171,0,0,0
f73ca3324a321d80dc3d63e6bf4afa9f6240cdfd0a658acacbe7209dc8c1b144,2,f_track,rule_threshold,strengthen_team_threshold,0,R_sign_eq,264,300,300,0.88,0.8079,0,0,0
f73ca3324a321d80dc3d63e6bf4afa9f6240cdfd0a658acacbe7209dc8c1b144,2,f_track,rule_threshold,weaken_team_threshold,0,R_eq_omega,252,300,300,0.84,0.7613,0,0,0
f73ca3324a321d80dc3d63e6bf4afa9f6240cdfd0a658acacbe7209dc8c1b144,2,f_track,rule_threshold,weaken_team_threshold,0,R_up_omega,48,300,300,0.16,0.0984,0,0,0
f73ca3324a321d80dc3d63e6bf4afa9f6240cdfd0a658acacbe7209dc8c1b144,2,f_track,rule_threshold,weaken_team_threshold,0,R_down_omega,0,300,300,0.0,0.0,0,0,0
f73ca3324a321d80dc3d63e6bf4afa9f6240cdfd0a658acacbe7209dc8c1b144,2,f_track,rule_threshold,weaken_team_threshold,0,R_sign_eq,276,300,300,0.92,0.8567,0,0,0
f73ca3324a321d80dc3d63e6bf4afa9f6240cdfd0a658acacbe7209dc8c1b144,2,f_track,rule_threshold,strengthen_risk_threshold,0,R_eq_omega,234,300,300,0.78,0.6941,0,0,0
f73ca3324a321d80dc3d63e6bf4afa9f6240cdfd0a658acacbe7209dc8c1b144,2,f_track,rule_threshold,strengthen_risk_threshold,0,R_up_omega,0,300,300,0.0,0.0,0,0,0
f73ca3324a321d80dc3d63e6bf4afa9f6240cdfd0a658acacbe7209dc8c1b144,2,f_track,rule_threshold,strengthen_risk_threshold,0,R_down_omega,66,300,300,0.22,0.1481,0,0,0
f73ca3324a321d80dc3d63e6bf4afa9f6240cdfd0a658acacbe7209dc8c1b144,2,f_track,rule_threshold,strengthen_risk_threshold,0,R_sign_eq,268,300,300,0.8933,0.8239,0,0,0
f73ca3324a321d80dc3d63e6bf4afa9f6240cdfd0a658acacbe7209dc8c1b144,2,f_track,rule_threshold,weaken_risk_threshold,0,R_eq_omega,213,300,300,0.71,0.6186,0,0,0
f73ca3324a321d80dc3d63e6bf4afa9f6240cdfd0a658acacbe7209dc8c1b144,2,f_track,rule_threshold,weaken_risk_threshold,0,R_up_omega,87,300,300,0.29,0.2091,0,0,0
f73ca3324a321d80dc3d63e6bf4afa9f6240cdfd0a658acacbe7209dc8c1b144,2,f_track,rule_threshold,weaken_risk_threshold,0,R_down_omega,0,300,300,0.0,0.0,0,0,0
f73ca3324a321d80dc3d63e6bf4afa9f6240cdfd0a658acacbe7209dc8c1b144,2,f_track,rule_threshold,weaken_risk_threshold,0,R_sign_eq,256,300,300,0.8533,0.7767,0,0,0
f73ca3324a321d80dc3d63e6bf4afa9f6240cdfd0a658acacbe7209dc8c1b144,2,f_track,rule_clause,add_strict_clause,0,R_eq_omega,167,300,300,0.5567,0.4612,0,0,0
f73ca3324a321d80dc3d63e6bf4afa9f6240cdfd0a658acacbe7209dc8c1b144,2,f_track,rule_clause,add_strict_clause,0,R_up_omega,0,300,300,0.0,0.0,0,0,0
f73ca3324a321d80dc3d63e6bf4afa9f6240cdfd0a658acacbe7209dc8c1b144,2,f_track,rule_clause,add_strict_clause,0,R_down_omega,152,300,300,0.5067,0.4118,0,0,0
f73ca3324a321d80dc3d63e6bf4afa9f6240cdfd0a658acacbe7209dc8c1b144,2,f_track,rule_clause,add_strict_clause,0,R_sign_eq,298,300,300,0.9933,0.961,1,0,1
f73ca3324a321d80dc3d63e6bf4afa9f6240cdfd0a658acacbe7209dc8c1b144,2,f_track,rule_clause,remove_last_clause,0,R_eq_omega,164,300,300,0.5467,0.4512,0,0,0
f73ca3324a321d80dc3d63e6bf4afa9f6240cdfd0a658acacbe7209dc8c1b144,2,f_track,rule_clause,remove_last_clause,0,R_up_omega,72,300,300,0.24,0.1653,0,0,0
f73ca3324a321d80dc3d63e6bf4afa9f6240cdfd0a658acacbe7209dc8c1b144,2,f_track,rule_clause,remove_last_clause,0,R_down_omega,69,300,300,0.23,0.1567,0,0,0
f73ca3324a321d80dc3d63e6bf4afa9f6240cdfd0a658acacbe7209dc8c1b144,2,f_track,rule_clause,remove_last_clause,0,R_sign_eq,258,300,300,0.86,0.7844,0,0,0
f73ca3324a321d80dc3d63e6bf4afa9f6240cdfd0a658acacbe7209dc8c1b144,2,f_track,case_fact,case_revenue_up,0,R_eq_omega,230,300,300,0.7667,0.6795,0,0,0
f73ca3324a321d80dc3d63e6bf4afa9f6240cdfd0a658acacbe7209dc8c1b144,2,f_track,case_fact,case_revenue_up,0,R_up_omega,70,300,300,0.2333,0.1595,0,0,0
f73ca3324a321d80dc3d63e6bf4afa9f6240cdfd0a658acacbe7209dc8c1b144,2,f_track,case_fact,case_revenue_up,0,R_down_omega,0,300,300,0.0,0.0,0,0,0
f73ca3324a321d80dc3d63e6bf4afa9f6240cdfd0a658acacbe7209dc8c1b144,2,f_track,case_fact,case_revenue_up,0,R_sign_eq,269,300,300,0.8967,0.8279,0,0,0
f73ca3324a321d80dc3d63e6bf4afa9f6240cdfd0a658acacbe7209dc8c1b144,2,f_track,case_fact,case_revenue_down,0,R_eq_omega,230,300,300,0.7667,0.6795,0,0,0
f73ca3324a321d80dc3d63e6bf4afa9f6240cdfd0a658acacbe7209dc8c1b144,2,f_track,case_fact,case_revenue_down,0,R_up_omega,0,300,300,0.0,0.0,0,0,0
f73ca3324a321d80dc3d63e6bf4afa9f6240cdfd0a658acacbe7209dc8c1b144,2,f_track,case_fact,case_revenue_down,0,R_down_omega,70,300,300,0.2333,0.1595,0,0,0
f73ca3324a321d80dc3d63e6bf4afa9f6240cdfd0a658acacbe7209dc8c1b144,2,f_track,case_fact,case_revenue_down,0,R_sign_eq,266,300,300,0.8867,0.8159,0,0,0
f73ca3324a321d80dc3d63e6bf4afa9f6240cdfd0a658acacbe7209dc8c1b144,2,f_track,case_fact,case_team_plus,0,R_eq_omega,252,300,300,0.84,0.7613,0,0,0
f73ca3324a321d80dc3d63e6bf4afa9f6240cdfd0a658acacbe7209dc8c1b144,2,f_track,case_fact,case_team_plus,0,R_up_omega,48,300,300,0.16,0.0984,0,0,0
f73ca3324a321d80dc3d63e6bf4afa9f6240cdfd0a658acacbe7209dc8c1b144,2,f_track,case_fact,case_team_plus,0,R_down_omega,0,300,300,0.0,0.0,0,0,0
f73ca3324a321d80dc3d63e6bf4afa9f6240cdfd0a658acacbe7209dc8c1b144,2,f_track,case_fact,case_team_plus,0,R_sign_eq,276,300,300,0.92,0.8567,0,0,0
f73ca3324a321d80dc3d63e6bf4afa9f6240cdfd0a658acacbe7209dc8c1b144,2,f_track,case_fact,case_team_minus,0,R_eq_omega,260,300,300,0.8667,0.7922,0,0,0
f73ca3324a321d80dc3d63e6bf4afa9f6240cdfd0a658acacbe7209dc8c1b144,2,f_track,case_fact,case_team_minus,0,R_up_omega,0,300,300,0.0,0.0,0,0,0
f73ca3324a321d80dc3d63e6bf4afa9f6240cdfd0a658acacbe7209dc8c1b144,2,f_track,case_fact,case_team_minus,0,R_down_omega,40,300,300,0.1333,0.0773,0,0,0
f73ca3324a321d80dc3d63e6bf4afa9f6240cdfd0a658acacbe7209dc8c1b144,2,f_track,case_fact,case_team_minus,0,R_sign_eq,281,300,300,0.9367,0.8779,0,0,0
f73ca3324a321d80dc3d63e6bf4afa9f6240cdfd0a658acacbe7209dc8c1b144,2,f_track,case_fact,case_risk_up,0,R_eq_omega,192,300,300,0.64,0.5455,0,0,0
f73ca3324a321d80dc3d63e6bf4afa9f6240cdfd0a658acacbe7209dc8c1b144,2,f_track,case_fact,case_risk_up,0,R_up_omega,0,300,300,0.0,0.0,0,0,0
f73ca3324a321d80dc3d63e6bf4afa9f6240cdfd0a658acacbe7209dc8c1b144,2,f_track,case_fact,case_risk_up,0,R_down_omega,108,300,300,0.36,0.2725,0,0,0
f73ca3324a321d80dc3d63e6bf4afa9f6240cdfd0a658acacbe7209dc8c1b144,2,f_track,case_fact,case_risk_up,0,R_sign_eq,243,300,300,0.81,0.7274,0,0,0
f73ca3324a321d80dc3d63e6bf4afa9f6240cdfd0a658acacbe7209dc8c1b144,2,f_track,case_fact,case_risk_down,0,R_eq_omega,213,300,300,0.71,0.6186,0,0,0
f73ca3324a321d80dc3d63e6bf4afa9f6240cdfd0a658acacbe7209dc8c1b144,2,f_track,case_fact,case_risk_down,0,R_up_omega,87,300,300,0.29,0.2091,0,0,0
f73ca3324a321d80dc3d63e6bf4afa9f6240cdfd0a658acacbe7209dc8c1b144,2,f_track,case_fact,case_risk_down,0,R_down_omega,0,300,300,0.0,0.0,0,0,0
f73ca3324a321d80dc3d63e6bf4afa9f6240cdfd0a658acacbe7209dc8c1b144,2,f_track,case_fact,case_risk_down,0,R_sign_eq,256,300,300,0.8533,0.7767,0,0,0
f73ca3324a321d80dc3d63e6bf4afa9f6240cdfd0a658acacbe7209dc8c1b144,2,f_ruleblind,identity,identity,1,R_eq_omega,300,300,300,1.0,0.9754,1,0,0
f73ca3324a321d80dc3d63e6bf4afa9f6240cdfd0a658acacbe7209dc8c1b144,2,f_ruleblind,identity,identity,1,R_up_omega,0,300,300,0.0,0.0,0,0,0
f73ca3324a321d80dc3d63e6bf4afa9f6240cdfd0a658acacbe7209dc8c1b144,2,f_ruleblind,identity,identity,1,R_down_omega,0,300,300,0.0,0.0,0,0,0
f73ca3324a321d80dc3d63e6bf4afa9f6240cdfd0a658acacbe7209dc8c1b144,2,f_ruleblind,identity,identity,1,R_sign_eq,299,300,300,0.9967,0.9676,1,0,0
f73ca3324a321d80dc3d63e6bf4afa9f6240cdfd0a658acacbe7209dc8c1b144,2,f_ruleblind,order,permute_founders,0,R_eq_omega,239,239,300,1.0,0.9692,1,0,1
f73ca3324a321d80dc3d63e6bf4afa9f6240cdfd0a658acacbe7209dc8c1b144,2,f_ruleblind,order,permute_founders,0,R_up_omega,0,239,300,0.0,0.0,0,0,0
f73ca3324a321d80dc3d63e6bf4afa9f6240cdfd0a658acacbe7209dc8c1b144,2,f_ruleblind,order,permute_founders,0,R_down_omega,0,239,300,0.0,0.0,0,0,0
f73ca3324a321d80dc3d63e6bf4afa9f6240cdfd0a658acacbe7209dc8c1b144,2,f_ruleblind,order,permute_founders,0,R_sign_eq,238,239,300,0.9958,0.9595,1,0,1
f73ca3324a321d80dc3d63e6bf4afa9f6240cdfd0a658acacbe7209dc8c1b144,2,f_ruleblind,order,permute_risks,0,R_eq_omega,199,199,300,1.0,0.9631,1,0,1
f73ca3324a321d80dc3d63e6bf4afa9f6240cdfd0a658acacbe7209dc8c1b144,2,f_ruleblind,order,permute_risks,0,R_up_omega,0,199,300,0.0,0.0,0,0,0
f73ca3324a321d80dc3d63e6bf4afa9f6240cdfd0a658acacbe7209dc8c1b144,2,f_ruleblind,order,permute_risks,0,R_down_omega,0,199,300,0.0,0.0,0,0,0
f73ca3324a321d80dc3d63e6bf4afa9f6240cdfd0a658acacbe7209dc8c1b144,2,f_ruleblind,order,permute_risks,0,R_sign_eq,199,199,300,1.0,0.9631,1,0,1
f73ca3324a321d80dc3d63e6bf4afa9f6240cdfd0a658acacbe7209dc8c1b144,2,f_ruleblind,optional,replace_description,0,R_eq_omega,300,300,300,1.0,0.9754,1,0,1
f73ca3324a321d80dc3d63e6bf4afa9f6240cdfd0a658acacbe7209dc8c1b144,2,f_ruleblind,optional,replace_description,0,R_up_omega,0,300,300,0.0,0.0,0,0,0
f73ca3324a321d80dc3d63e6bf4afa9f6240cdfd0a658acacbe7209dc8c1b144,2,f_ruleblind,optional,replace_description,0,R_down_omega,0,300,300,0.0,0.0,0,0,0
f73ca3324a321d80dc3d63e6bf4afa9f6240cdfd0a658acacbe7209dc8c1b144,2,f_ruleblind,optional,replace_description,0,R_sign_eq,299,300,300,0.9967,0.9676,1,0,1
f73ca3324a321d80dc3d63e6bf4afa9f6240cdfd0a658acacbe7209dc8c1b144,2,f_ruleblind,optional,blank_description,0,R_eq_omega,300,300,300,1.0,0.9754,1,0,1
f73ca3324a321d80dc3d63e6bf4afa9f6240cdfd0a658acacbe7209dc8c1b144,2,f_ruleblind,optional,blank_description,0,R_up_omega,0,300,300,0.0,0.0,0,0,0
f73ca3324a321d80dc3d63e6bf4afa9f6240cdfd0a658acacbe7209dc8c1b144,2,f_ruleblind,optional,blank_description,0,R_down_omega,0,300,300,0.0,0.0,0,0,0
f73ca3324a321d80dc3d63e6bf4afa9f6240cdfd0a658acacbe7209dc8c1b144,2,f_ruleblind,optional,blank_description,0,R_sign_eq,299,300,300,0.9967,0.9676,1,0,1
f73ca3324a321d80dc3d63e6bf4afa9f6240cdfd0a658acacbe7209dc8c1b144,2,f_ruleblind,non_rule_fact,add_risk_item,0,R_eq_omega,300,300,300,1.0,0.9754,1,0,1
f73ca3324a321d80dc3d63e6bf4afa9f6240cdfd0a658acacbe7209dc8c1b144,2,f_ruleblind,non_rule_fact,add_risk_item,0,R_up_omega,0,300,300,0.0,0.0,0,0,0
f73ca3324a321d80dc3d63e6bf4afa9f6240cdfd0a658acacbe7209dc8c1b144,2,f_ruleblind,non_rule_fact,add_risk_item,0,R_down_omega,0,300,300,0.0,0.0,0,0,0
f73ca3324a321d80dc3d63e6bf4afa9f6240cdfd0a658acacbe7209dc8c1b144,2,f_ruleblind,non_rule_fact,add_risk_item,0,R_sign_eq,299,300,300,0.9967,0.9676,1,0,1
f73ca3324a321d80dc3d63e6bf4afa9f6240cdfd0a658acacbe7209dc8c1b144,2,f_ruleblind,non_rule_fact,drop_risk_item,0,R_eq_omega,263,263,300,1.0,0.972,1,0,1
f73ca3324a321d80dc3d63e6bf4afa9f6240cdfd0a658acacbe7209dc8c1b144,2,f_ruleblind,non_rule_fact,drop_risk_item,0,R_up_omega,0,263,300,0.0,0.0,0,0,0
f73ca3324a321d80dc3d63e6bf4afa9f6240cdfd0a658acacbe7209dc8c1b144,2,f_ruleblind,non_rule_fact,drop_risk_item,0,R_down_omega,0,263,300,0.0,0.0,0,0,0
f73ca3324a321d80dc3d63e6bf4afa9f6240cdfd0a658acacbe7209dc8c1b144,2,f_ruleblind,non_rule_fact,drop_risk_item,0,R_sign_eq,263,263,300,1.0,0.972,1,0,1
f73ca3324a321d80dc3d63e6bf4afa9f6240cdfd0a658acacbe7209dc8c1b144,2,f_ruleblind,non_rule_fact,bump_founder_experience,0,R_eq_omega,300,300,300,1.0,0.9754,1,0,1
f73ca3324a321d80dc3d63e6bf4afa9f6240cdfd0a658acacbe7209dc8c1b144,2,f_ruleblind,non_rule_fact,bump_founder_experience,0,R_up_omega,0,300,300,0.0,0.0,0,0,0
f73ca3324a321d80dc3d63e6bf4afa9f6240cdfd0a658acacbe7209dc8c1b144,2,f_ruleblind,non_rule_fact,bump_founder_experience,0,R_down_omega,0,300,300,0.0,0.0,0,0,0
f73ca3324a321d80dc3d63e6bf4afa9f6240cdfd0a658acacbe7209dc8c1b144,2,f_ruleblind,non_rule_fact,bump_founder_experience,0,R_sign_eq,299,300,300,0.9967,0.9676,1,0,1
f73ca3324a321d80dc3d63e6bf4afa9f6240cdfd0a658acacbe7209dc8c1b144,2,f_ruleblind,rule_threshold,strengthen_revenue_threshold,0,R_eq_omega,300,300,300,1.0,0.9754,1,0,1
f73ca3324a321d80dc3d63e6bf4afa9f6240cdfd0a658acacbe7209dc8c1b144,2,f_ruleblind,rule_threshold,strengthen_revenue_threshold,0,R_up_omega,0,300,300,0.0,0.0,0,0,0
f73ca3324a321d80dc3d63e6bf4afa9f6240cdfd0a658acacbe7209dc8c1b144,2,f_ruleblind,rule_threshold,strengthen_revenue_threshold,0,R_down_omega,0,300,300,0.0,0.0,0,0,0
f73ca3324a321d80dc3d63e6bf4afa9f6240cdfd0a658acacbe7209dc8c1b144,2,f_ruleblind,rule_threshold,strengthen_revenue_threshold,0,R_sign_eq,299,300,300,0.9967,0.9676,1,0,1
f73ca3324a321d80dc3d63e6bf4afa9f6240cdfd0a658acacbe7209dc8c1b144,2,f_ruleblind,rule_threshold,weaken_revenue_threshold,0,R_eq_omega,300,300,300,1.0,0.9754,1,0,1
f73ca3324a321d80dc3d63e6bf4afa9f6240cdfd0a658acacbe7209dc8c1b144,2,f_ruleblind,rule_threshold,weaken_revenue_threshold,0,R_up_omega,0,300,300,0.0,0.0,0,0,0
f73ca3324a321d80dc3d63e6bf4afa9f6240cdfd0a658acacbe7209dc8c1b144,2,f_ruleblind,rule_threshold,weaken_revenue_threshold,0,R_down_omega,0,300,300,0.0,0.0,0,0,0
f73ca3324a321d80dc3d63e6bf4afa9f6240cdfd0a658acacbe7209dc8c1b144,2,f_ruleblind,rule_threshold,weaken_revenue_threshold,0,R_sign_eq,299,300,300,0.9967,0.9676,1,0,1
f73ca3324a321d80dc3d63e6bf4afa9f6240cdfd0a658acacbe7209dc8c1b144,2,f_ruleblind,rule_threshold,strengthen_team_threshold,0,R_eq_omega,300,300,300,1.0,0.9754,1,0,1
f73ca3324a321d80dc3d63e6bf4afa9f6240cdfd0a658acacbe7209dc8c1b144,2,f_ruleblind,rule_threshold,strengthen_team_threshold,0,R_up_omega,0,300,300,0.0,0.0,0,0,0
f73ca3324a321d80dc3d63e6bf4afa9f6240cdfd0a658acacbe7209dc8c1b144,2,f_ruleblind,rule_threshold,strengthen_team_threshold,0,R_down_omega,0,300,300,0.0,0.0,0,0,0
f73ca3324a321d80dc3d63e6bf4afa9f6240cdfd0a658acacbe7209dc8c1b144,2,f_ruleblind,rule_threshold,strengthen_team_threshold,0,R_sign_eq,299,300,300,0.9967,0.9676,1,0,1
f73ca3324a321d80dc3d63e6bf4afa9f6240cdfd0a658acacbe7209dc8c1b144,2,f_ruleblind,rule_threshold,weaken_team_threshold,0,R_eq_omega,300,300,300,1.0,0.9754,1,0,1
f73ca3324a321d80dc3d63e6bf4afa9f6240cdfd0a658acacbe7209dc8c1b144,2,f_ruleblind,rule_threshold,weaken_team_threshold,0,R_up_omega,0,300,300,0.0,0.0,0,0,0
f73ca3324a321d80dc3d63e6bf4afa9f6240cdfd0a658acacbe7209dc8c1b144,2,f_ruleblind,rule_threshold,weaken_team_threshold,0,R_down_omega,0,300,300,0.0,0.0,0,0,0
f73ca3324a321d80dc3d63e6bf4afa9f6240cdfd0a658acacbe7209dc8c1b144,2,f_ruleblind,rule_threshold,weaken_team_threshold,0,R_sign_eq,299,300,300,0.9967,0.9676,1,0,1
f73ca3324a321d80dc3d63e6bf4afa9f6240cdfd0a658acacbe7209dc8c1b144,2,f_ruleblind,rule_threshold,strengthen_risk_threshold,0,R_eq_omega,300,300,300,1.0,0.9754,1,0,1
f73ca3324a321d80dc3d63e6bf4afa9f6240cdfd0a658acacbe7209dc8c1b144,2,f_ruleblind,rule_threshold,strengthen_risk_threshold,0,R_up_omega,0,300,300,0.0,0.0,0,0,0
f73ca3324a321d80dc3d63e6bf4afa9f6240cdfd0a658acacbe7209dc8c1b144,2,f_ruleblind,rule_threshold,strengthen_risk_threshold,0,R_down_omega,0,300,300,0.0,0.0,0,0,0
f73ca3324a321d80dc3d63e6bf4afa9f6240cdfd0a658acacbe7209dc8c1b144,2,f_ruleblind,rule_threshold,strengthen_risk_threshold,0,R_sign_eq,299,300,300,0.9967,0.9676,1,0,1
f73ca3324a321d80dc3d63e6bf4afa9f6240cdfd0a658acacbe7209dc8c1b144,2,f_ruleblind,rule_threshold,weaken_risk_threshold,0,R_eq_omega,300,300,300,1.0,0.9754,1,0,1
f73ca3324a321d80dc3d63e6bf4afa9f6240cdfd0a658acacbe7209dc8c1b144,2,f_ruleblind,rule_threshold,weaken_risk_threshold,0,R_up_omega,0,300,300,0.0,0.0,0,0,0
f73ca3324a321d80dc3d63e6bf4afa9f6240cdfd0a658acacbe7209dc8c1b144,2,f_ruleblind,rule_threshold,weaken_risk_threshold,0,R_down_omega,0,300,300,0.0,0.0,0,0,0
f73ca3324a321d80dc3d63e6bf4afa9f6240cdfd0a658acacbe7209dc8c1b144,2,f_ruleblind,rule_threshold,weaken_risk_threshold,0,R_sign_eq,299,300,300,0.9967,0.9676,1,0,1
f73ca3324a321d80dc3d63e6bf4afa9f6240cdfd0a658acacbe7209dc8c1b144,2,f_ruleblind,rule_clause,add_strict_clause,0,R_eq_omega,300,300,300,1.0,0.9754,1,0,1
f73ca3324a321d80dc3d63e6bf4afa9f6240cdfd0a658acacbe7209dc8c1b144,2,f_ruleblind,rule_clause,add_strict_clause,0,R_up_omega,0,300,300,0.0,0.0,0,0,0
f73ca3324a321d80dc3d63e6bf4afa9f6240cdfd0a658acacbe7209dc8c1b144,2,f_ruleblind,rule_clause,add_strict_clause,0,R_down_omega,0,300,300,0.0,0.0,0,0,0
f73ca3324a321d80dc3d63e6bf4afa9f6240cdfd0a658acacbe7209dc8c1b144,2,f_ruleblind,rule_clause,add_strict_clause,0,R_sign_eq,299,300,300,0.9967,0.9676,1,0,1
f73ca3324a321d80dc3d63e6bf4afa9f6240cdfd0a658acacbe7209dc8c1b144,2,f_ruleblind,rule_clause,remove_last_clause,0,R_eq_omega,300,300,300,1.0,0.9754,1,0,1
f73ca3324a321d80dc3d63e6bf4afa9f6240cdfd0a658acacbe7209dc8c1b144,2,f_ruleblind,rule_clause,remove_last_clause,0,R_up_omega,0,300,300,0.0,0.0,0,0,0
f73ca3324a321d80dc3d63e6bf4afa9f6240cdfd0a658acacbe7209dc8c1b144,2,f_ruleblind,rule_clause,remove_last_clause,0,R_down_omega,0,300,300,0.0,0.0,0,0,0
f73ca3324a321d80dc3d63e6bf4afa9f6240cdfd0a658acacbe7209dc8c1b144,2,f_ruleblind,rule_clause,remove_last_clause,0,R_sign_eq,299,300,300,0.9967,0.9676,1,0,1
f73ca3324a321d80dc3d63e6bf4afa9f6240cdfd0a658acacbe7209dc8c1b144,2,f_ruleblind,case_fact,case_revenue_up,0,R_eq_omega,184,300,300,0.6133,0.5182,0,0,0
f73ca3324a321d80dc3d63e6bf4afa9f6240cdfd0a658acacbe7209dc8c1b144,2,f_ruleblind,case_fact,case_revenue_up,0,R_up_omega,125,300,300,0.4167,0.3254,0,0,0
f73ca3324a321d80dc3d63e6bf4afa9f6240cdfd0a658acacbe7209dc8c1b144,2,f_ruleblind,case_fact,case_revenue_up,0,R_down_omega,0,300,300,0.0,0.0,0,0,0
f73ca3324a321d80dc3d63e6bf4afa9f6240cdfd0a658acacbe7209dc8c1b144,2,f_ruleblind,case_fact,case_revenue_up,0,R_sign_eq,240,300,300,0.8,0.7162,0,0,0
f73ca3324a321d80dc3d63e6bf4afa9f6240cdfd0a658acacbe7209dc8c1b144,2,f_ruleblind,case_fact,case_revenue_down,0,R_eq_omega,145,300,300,0.4833,0.3891,0,0,0
f73ca3324a321d80dc3d63e6bf4afa9f6240cdfd0a658acacbe7209dc8c1b144,2,f_ruleblind,case_fact,case_revenue_down,0,R_up_omega,0,300,300,0.0,0.0,0,0,0
f73ca3324a321d80dc3d63e6bf4afa9f6240cdfd0a658acacbe7209dc8c1b144,2,f_ruleblind,case_fact,case_revenue_down,0,R_down_omega,176,300,300,0.5867,0.4912,0,0,0
f73ca3324a321d80dc3d63e6bf4afa9f6240cdfd0a658acacbe7209dc8c1b144,2,f_ruleblind,case_fact,case_revenue_down,0,R_sign_eq,227,300,300,0.7567,0.6686,0,0,0
f73ca3324a321d80dc3d63e6bf4afa9f6240cdfd0a658acacbe7209dc8c1b144,2,f_ruleblind,case_fact,case_team_plus,0,R_eq_omega,300,300,300,1.0,0.9754,1,0,1
f73ca3324a321d80dc3d63e6bf4afa9f6240cdfd0a658acacbe7209dc8c1b144,2,f_ruleblind,case_fact,case_team_plus,0,R_up_omega,5,300,300,0.0167,0.0022,0,0,0
f73ca3324a321d80dc3d63e6bf4afa9f6240cdfd0a658acacbe7209dc8c1b144,2,f_ruleblind,case_fact,case_team_plus,0,R_down_omega,0,300,300,0.0,0.0,0,0,0
f73ca3324a321d80dc3d63e6bf4afa9f6240cdfd0a658acacbe7209dc8c1b144,2,f_ruleblind,case_fact,case_team_plus,0,R_sign_eq,282,300,300,0.94,0.8823,0,0,0
f73ca3324a321d80dc3d63e6bf4afa9f6240cdfd0a658acacbe7209dc8c1b144,2,f_ruleblind,case_fact,case_team_minus,0,R_eq_omega,298,300,300,0.9933,0.961,1,0,1
f73ca3324a321d80dc3d63e6bf4afa9f6240cdfd0a658acacbe7209dc8c1b144,2,f_ruleblind,case_fact,case_team_minus,0,R_up_omega,0,300,300,0.0,0.0,0,0,0
f73ca3324a321d80dc3d63e6bf4afa9f6240cdfd0a658acacbe7209dc8c1b144,2,f_ruleblind,case_fact,case_team_minus,0,R_down_omega,2,300,300,0.0067,0.0001,0,0,0
f73ca3324a321d80dc3d63e6bf4afa9f6240cdfd0a658acacbe7209dc8c1b144,2,f_ruleblind,case_fact,case_team_minus,0,R_sign_eq,283,300,300,0.9433,0.8866,0,0,0
f73ca3324a321d80dc3d63e6bf4afa9f6240cdfd0a658acacbe7209dc8c1b144,2,f_ruleblind,case_fact,case_risk_up,0,R_eq_omega,300,300,300,1.0,0.9754,1,0,1
f73ca3324a321d80dc3d63e6bf4afa9f6240cdfd0a658acacbe7209dc8c1b144,2,f_ruleblind,case_fact,case_risk_up,0,R_up_omega,0,300,300,0.0,0.0,0,0,0
f73ca3324a321d80dc3d63e6bf4afa9f6240cdfd0a658acacbe7209dc8c1b144,2,f_ruleblind,case_fact,case_risk_up,0,R_down_omega,0,300,300,0.0,0.0,0,0,0
f73ca3324a321d80dc3d63e6bf4afa9f6240cdfd0a658acacbe7209dc8c1b144,2,f_ruleblind,case_fact,case_risk_up,0,R_sign_eq,299,300,300,0.9967,0.9676,1,0,1
f73ca3324a321d80dc3d63e6bf4afa9f6240cdfd0a658acacbe7209dc8c1b144,2,f_ruleblind,case_fact,case_risk_down,0,R_eq_omega,300,300,300,1.0,0.9754,1,0,1
f73ca3324a321d80dc3d63e6bf4afa9f6240cdfd0a658acacbe7209dc8c1b144,2,f_ruleblind,case_fact,case_risk_down,0,R_up_omega,0,300,300,0.0,0.0,0,0,0
f73ca3324a321d80dc3d63e6bf4afa9f6240cdfd0a658acacbe7209dc8c1b144,2,f_ruleblind,case_fact,case_risk_down,0,R_down_omega,0,300,300,0.0,0.0,0,0,0
f73ca3324a321d80dc3d63e6bf4afa9f6240cdfd0a658acacbe7209dc8c1b144,2,f_ruleblind,case_fact,case_risk_down,0,R_sign_eq,299,300,300,0.9967,0.9676,1,0,1
f73ca3324a321d80dc3d63e6bf4afa9f6240cdfd0a658acacbe7209dc8c1b144,2,f_constant,identity,identity,1,R_eq_omega,300,300,300,1.0,0.9754,1,0,0
f73ca3324a321d80dc3d63e6bf4afa9f6240cdfd0a658acacbe7209dc8c1b144,2,f_constant,identity,identity,1,R_up_omega,0,300,300,0.0,0.0,0,0,0
f73ca3324a321d80dc3d63e6bf4afa9f6240cdfd0a658acacbe7209dc8c1b144,2,f_constant,identity,identity,1,R_down_omega,0,300,300,0.0,0.0,0,0,0
f73ca3324a321d80dc3d63e6bf4afa9f6240cdfd0a658acacbe7209dc8c1b144,2,f_constant,identity,identity,1,R_sign_eq,264,300,300,0.88,0.8079,0,0,0
f73ca3324a321d80dc3d63e6bf4afa9f6240cdfd0a658acacbe7209dc8c1b144,2,f_constant,order,permute_founders,0,R_eq_omega,239,239,300,1.0,0.9692,1,0,1
f73ca3324a321d80dc3d63e6bf4afa9f6240cdfd0a658acacbe7209dc8c1b144,2,f_constant,order,permute_founders,0,R_up_omega,0,239,300,0.0,0.0,0,0,0
f73ca3324a321d80dc3d63e6bf4afa9f6240cdfd0a658acacbe7209dc8c1b144,2,f_constant,order,permute_founders,0,R_down_omega,0,239,300,0.0,0.0,0,0,0
f73ca3324a321d80dc3d63e6bf4afa9f6240cdfd0a658acacbe7209dc8c1b144,2,f_constant,order,permute_founders,0,R_sign_eq,209,239,300,0.8745,0.7912,0,0,0
f73ca3324a321d80dc3d63e6bf4afa9f6240cdfd0a658acacbe7209dc8c1b144,2,f_constant,order,permute_risks,0,R_eq_omega,199,199,300,1.0,0.9631,1,0,1
f73ca3324a321d80dc3d63e6bf4afa9f6240cdfd0a658acacbe7209dc8c1b144,2,f_constant,order,permute_risks,0,R_up_omega,0,199,300,0.0,0.0,0,0,0
f73ca3324a321d80dc3d63e6bf4afa9f6240cdfd0a658acacbe7209dc8c1b144,2,f_constant,order,permute_risks,0,R_down_omega,0,199,300,0.0,0.0,0,0,0
f73ca3324a321d80dc3d63e6bf4afa9f6240cdfd0a658acacbe7209dc8c1b144,2,f_constant,order,permute_risks,0,R_sign_eq,176,199,300,0.8844,0.7939,0,0,0
f73ca3324a321d80dc3d63e6bf4afa9f6240cdfd0a658acacbe7209dc8c1b144,2,f_constant,optional,replace_description,0,R_eq_omega,300,300,300,1.0,0.9754,1,0,1
f73ca3324a321d80dc3d63e6bf4afa9f6240cdfd0a658acacbe7209dc8c1b144,2,f_constant,optional,replace_description,0,R_up_omega,0,300,300,0.0,0.0,0,0,0
f73ca3324a321d80dc3d63e6bf4afa9f6240cdfd0a658acacbe7209dc8c1b144,2,f_constant,optional,replace_description,0,R_down_omega,0,300,300,0.0,0.0,0,0,0
f73ca3324a321d80dc3d63e6bf4afa9f6240cdfd0a658acacbe7209dc8c1b144,2,f_constant,optional,replace_description,0,R_sign_eq,264,300,300,0.88,0.8079,0,0,0
f73ca3324a321d80dc3d63e6bf4afa9f6240cdfd0a658acacbe7209dc8c1b144,2,f_constant,optional,blank_description,0,R_eq_omega,300,300,300,1.0,0.9754,1,0,1
f73ca3324a321d80dc3d63e6bf4afa9f6240cdfd0a658acacbe7209dc8c1b144,2,f_constant,optional,blank_description,0,R_up_omega,0,300,300,0.0,0.0,0,0,0
f73ca3324a321d80dc3d63e6bf4afa9f6240cdfd0a658acacbe7209dc8c1b144,2,f_constant,optional,blank_description,0,R_down_omega,0,300,300,0.0,0.0,0,0,0
f73ca3324a321d80dc3d63e6bf4afa9f6240cdfd0a658acacbe7209dc8c1b144,2,f_constant,optional,blank_description,0,R_sign_eq,264,300,300,0.88,0.8079,0,0,0
f73ca3324a321d80dc3d63e6bf4afa9f6240cdfd0a658acacbe7209dc8c1b144,2,f_constant,non_rule_fact,add_risk_item,0,R_eq_omega,300,300,300,1.0,0.9754,1,0,1
f73ca3324a321d80dc3d63e6bf4afa9f6240cdfd0a658acacbe7209dc8c1b144,2,f_constant,non_rule_fact,add_risk_item,0,R_up_omega,0,300,300,0.0,0.0,0,0,0
f73ca3324a321d80dc3d63e6bf4afa9f6240cdfd0a658acacbe7209dc8c1b144,2,f_constant,non_rule_fact,add_risk_item,0,R_down_omega,0,300,300,0.0,0.0,0,0,0
f73ca3324a321d80dc3d63e6bf4afa9f6240cdfd0a658acacbe7209dc8c1b144,2,f_constant,non_rule_fact,add_risk_item,0,R_sign_eq,264,300,300,0.88,0.8079,0,0,0
f73ca3324a321d80dc3d63e6bf4afa9f6240cdfd0a658acacbe7209dc8c1b144,2,f_constant,non_rule_fact,drop_risk_item,0,R_eq_omega,263,263,300,1.0,0.972,1,0,1
f73ca3324a321d80dc3d63e6bf4afa9f6240cdfd0a658acacbe7209dc8c1b144,2,f_constant,non_rule_fact,drop_risk_item,0,R_up_omega,0,263,300,0.0,0.0,0,0,0
f73ca3324a321d80dc3d63e6bf4afa9f6240cdfd0a658acacbe7209dc8c1b144,2,f_constant,non_rule_fact,drop_risk_item,0,R_down_omega,0,263,300,0.0,0.0,0,0,0
f73ca3324a321d80dc3d63e6bf4afa9f6240cdfd0a658acacbe7209dc8c1b144,2,f_constant,non_rule_fact,drop_risk_item,0,R_sign_eq,233,263,300,0.8859,0.8094,0,0,0
f73ca3324a321d80dc3d63e6bf4afa9f6240cdfd0a658acacbe7209dc8c1b144,2,f_constant,non_rule_fact,bump_founder_experience,0,R_eq_omega,300,300,300,1.0,0.9754,1,0,1
f73ca3324a321d80dc3d63e6bf4afa9f6240cdfd0a658acacbe7209dc8c1b144,2,f_constant,non_rule_fact,bump_founder_experience,0,R_up_omega,0,300,300,0.0,0.0,0,0,0
f73ca3324a321d80dc3d63e6bf4afa9f6240cdfd0a658acacbe7209dc8c1b144,2,f_constant,non_rule_fact,bump_founder_experience,0,R_down_omega,0,300,300,0.0,0.0,0,0,0
f73ca3324a321d80dc3d63e6bf4afa9f6240cdfd0a658acacbe7209dc8c1b144,2,f_constant,non_rule_fact,bump_founder_experience,0,R_sign_eq,264,300,300,0.88,0.8079,0,0,0
f73ca3324a321d80dc3d63e6bf4afa9f6240cdfd0a658acacbe7209dc8c1b144,2,f_constant,rule_threshold,strengthen_revenue_threshold,0,R_eq_omega,300,300,300,1.0,0.9754,1,0,1
f73ca3324a321d80dc3d63e6bf4afa9f6240cdfd0a658acacbe7209dc8c1b144,2,f_constant,rule_threshold,strengthen_revenue_threshold,0,R_up_omega,0,300,300,0.0,0.0,0,0,0
f73ca3324a321d80dc3d63e6bf4afa9f6240cdfd0a658acacbe7209dc8c1b144,2,f_constant,rule_threshold,strengthen_revenue_threshold,0,R_down_omega,0,300,300,0.0,0.0,0,0,0
f73ca3324a321d80dc3d63e6bf4afa9f6240cdfd0a658acacbe7209dc8c1b144,2,f_constant,rule_threshold,strengthen_revenue_threshold,0,R_sign_eq,264,300,300,0.88,0.8079,0,0,0
f73ca3324a321d80dc3d63e6bf4afa9f6240cdfd0a658acacbe7209dc8c1b144,2,f_constant,rule_threshold,weaken_revenue_threshold,0,R_eq_omega,300,300,300,1.0,0.9754,1,0,1
f73ca3324a321d80dc3d63e6bf4afa9f6240cdfd0a658acacbe7209dc8c1b144,2,f_constant,rule_threshold,weaken_revenue_threshold,0,R_up_omega,0,300,300,0.0,0.0,0,0,0
f73ca3324a321d80dc3d63e6bf4afa9f6240cdfd0a658acacbe7209dc8c1b144,2,f_constant,rule_threshold,weaken_revenue_threshold,0,R_down_omega,0,300,300,0.0,0.0,0,0,0
f73ca3324a321d80dc3d63e6bf4afa9f6240cdfd0a658acacbe7209dc8c1b144,2,f_constant,rule_threshold,weaken_revenue_threshold,0,R_sign_eq,264,300,300,0.88,0.8079,0,0,0
f73ca3324a321d80dc3d63e6bf4afa9f6240cdfd0a658acacbe7209dc8c1b144,2,f_constant,rule_threshold,strengthen_team_threshold,0,R_eq_omega,300,300,300,1.0,0.9754,1,0,1
f73ca3324a321d80dc3d63e6bf4afa9f6240cdfd0a658acacbe7209dc8c1b144,2,f_constant,rule_threshold,strengthen_team_threshold,0,R_up_omega,0,300,300,0.0,0.0,0,0,0
f73ca3324a321d80dc3d63e6bf4afa9f6240cdfd0a658acacbe7209dc8c1b144,2,f_constant,rule_threshold,strengthen_team_threshold,0,R_down_omega,0,300,300,0.0,0.0,0,0,0
f73ca3324a321d80dc3d63e6bf4afa9f6240cdfd0a658acacbe7209dc8c1b144,2,f_constant,rule_threshold,strengthen_team_threshold,0,R_sign_eq,264,300,300,0.88,0.8079,0,0,0
f73ca3324a321d80dc3d63e6bf4afa9f6240cdfd0a658acacbe7209dc8c1b144,2,f_constant,rule_threshold,weaken_team_threshold,0,R_eq_omega,300,300,300,1.0,0.9754,1,0,1
f73ca3324a321d80dc3d63e6bf4afa9f6240cdfd0a658acacbe7209dc8c1b144,2,f_constant,rule_threshold,weaken_team_threshold,0,R_up_omega,0,300,300,0.0,0.0,0,0,0
f73ca3324a321d80dc3d63e6bf4afa9f6240cdfd0a658acacbe7209dc8c1b144,2,f_constant,rule_threshold,weaken_team_threshold,0,R_down_omega,0,300,300,0.0,0.0,0,0,0
f73ca3324a321d80dc3d63e6bf4afa9f6240cdfd0a658acacbe7209dc8c1b144,2,f_constant,rule_threshold,weaken_team_threshold,0,R_sign_eq,264,300,300,0.88,0.8079,0,0,0
f73ca3324a321d80dc3d63e6bf4afa9f6240cdfd0a658acacbe7209dc8c1b144,2,f_constant,rule_threshold,strengthen_risk_threshold,0,R_eq_omega,300,300,300,1.0,0.9754,1,0,1
f73ca3324a321d80dc3d63e6bf4afa9f6240cdfd0a658acacbe7209dc8c1b144,2,f_constant,rule_threshold,strengthen_risk_threshold,0,R_up_omega,0,300,300,0.0,0.0,0,0,0
f73ca3324a321d80dc3d63e6bf4afa9f6240cdfd0a658acacbe7209dc8c1b144,2,f_constant,rule_threshold,strengthen_risk_threshold,0,R_down_omega,0,300,300,0.0,0.0,0,0,0
f73ca3324a321d80dc3d63e6bf4afa9f6240cdfd0a658acacbe7209dc8c1b144,2,f_constant,rule_threshold,strengthen_risk_threshold,0,R_sign_eq,264,300,300,0.88,0.8079,0,0,0
f73ca3324a321d80dc3d63e6bf4afa9f6240cdfd0a658acacbe7209dc8c1b144,2,f_constant,rule_threshold,weaken_risk_threshold,0,R_eq_omega,300,300,300,1.0,0.9754,1,0,1
f73ca3324a321d80dc3d63e6bf4afa9f6240cdfd0a658acacbe7209dc8c1b144,2,f_constant,rule_threshold,weaken_risk_threshold,0,R_up_omega,0,300,300,0.0,0.0,0,0,0
f73ca3324a321d80dc3d63e6bf4afa9f6240cdfd0a658acacbe7209dc8c1b144,2,f_constant,rule_threshold,weaken_risk_threshold,0,R_down_omega,0,300,300,0.0,0.0,0,0,0
f73ca3324a321d80dc3d63e6bf4afa9f6240cdfd0a658acacbe7209dc8c1b144,2,f_constant,rule_threshold,weaken_risk_threshold,0,R_sign_eq,264,300,300,0.88,0.8079,0,0,0
f73ca3324a321d80dc3d63e6bf4afa9f6240cdfd0a658acacbe7209dc8c1b144,2,f_constant,rule_clause,add_strict_clause,0,R_eq_omega,300,300,300,1.0,0.9754,1,0,1
f73ca3324a321d80dc3d63e6bf4afa9f6240cdfd0a658acacbe7209dc8c1b144,2,f_constant,rule_clause,add_strict_clause,0,R_up_omega,0,300,300,0.0,0.0,0,0,0
f73ca3324a321d80dc3d63e6bf4afa9f6240cdfd0a658acacbe7209dc8c1b144,2,f_constant,rule_clause,add_strict_clause,0,R_down_omega,0,300,300,0.0,0.0,0,0,0
f73ca3324a321d80dc3d63e6bf4afa9f6240cdfd0a658acacbe7209dc8c1b144,2,f_constant,rule_clause,add_strict_clause,0,R_sign_eq,264,300,300,0.88,0.8079,0,0,0
f73ca3324a321d80dc3d63e6bf4afa9f6240cdfd0a658acacbe7209dc8c1b144,2,f_constant,rule_clause,remove_last_clause,0,R_eq_omega,300,300,300,1.0,0.9754,1,0,1
f73ca3324a321d80dc3d63e6bf4afa9f6240cdfd0a658acacbe7209dc8c1b144,2,f_constant,rule_clause,remove_last_clause,0,R_up_omega,0,300,300,0.0,0.0,0,0,0
f73ca3324a321d80dc3d63e6bf4afa9f6240cdfd0a658acacbe7209dc8c1b144,2,f_constant,rule_clause,remove_last_clause,0,R_down_omega,0,300,300,0.0,0.0,0,0,0
f73ca3324a321d80dc3d63e6bf4afa9f6240cdfd0a658acacbe7209dc8c1b144,2,f_constant,rule_clause,remove_last_clause,0,R_sign_eq,264,300,300,0.88,0.8079,0,0,0
f73ca3324a321d80dc3d63e6bf4afa9f6240cdfd0a658acacbe7209dc8c1b144,2,f_constant,case_fact,case_revenue_up,0,R_eq_omega,300,300,300,1.0,0.9754,1,0,1
f73ca3324a321d80dc3d63e6bf4afa9f6240cdfd0a658acacbe7209dc8c1b144,2,f_constant,case_fact,case_revenue_up,0,R_up_omega,0,300,300,0.0,0.0,0,0,0
f73ca3324a321d80dc3d63e6bf4afa9f6240cdfd0a658acacbe7209dc8c1b144,2,f_constant,case_fact,case_revenue_up,0,R_down_omega,0,300,300,0.0,0.0,0,0,0
f73ca3324a321d80dc3d63e6bf4afa9f6240cdfd0a658acacbe7209dc8c1b144,2,f_constant,case_fact,case_revenue_up,0,R_sign_eq,264,300,300,0.88,0.8079,0,0,0
f73ca3324a321d80dc3d63e6bf4afa9f6240cdfd0a658acacbe7209dc8c1b144,2,f_constant,case_fact,case_revenue_down,0,R_eq_omega,300,300,300,1.0,0.9754,1,0,1
f73ca3324a321d80dc3d63e6bf4afa9f6240cdfd0a658acacbe7209dc8c1b144,2,f_constant,case_fact,case_revenue_down,0,R_up_omega,0,300,300,0.0,0.0,0,0,0
f73ca3324a321d80dc3d63e6bf4afa9f6240cdfd0a658acacbe7209dc8c1b144,2,f_constant,case_fact,case_revenue_down,0,R_down_omega,0,300,300,0.0,0.0,0,0,0
f73ca3324a321d80dc3d63e6bf4afa9f6240cdfd0a658acacbe7209dc8c1b144,2,f_constant,case_fact,case_revenue_down,0,R_sign_eq,264,300,300,0.88,0.8079,0,0,0
f73ca3324a321d80dc3d63e6bf4afa9f6240cdfd0a658acacbe7209dc8c1b144,2,f_constant,case_fact,case_team_plus,0,R_eq_omega,300,300,300,1.0,0.9754,1,0,1
f73ca3324a321d80dc3d63e6bf4afa9f6240cdfd0a658acacbe7209dc8c1b144,2,f_constant,case_fact,case_team_plus,0,R_up_omega,0,300,300,0.0,0.0,0,0,0
f73ca3324a321d80dc3d63e6bf4afa9f6240cdfd0a658acacbe7209dc8c1b144,2,f_constant,case_fact,case_team_plus,0,R_down_omega,0,300,300,0.0,0.0,0,0,0
f73ca3324a321d80dc3d63e6bf4afa9f6240cdfd0a658acacbe7209dc8c1b144,2,f_constant,case_fact,case_team_plus,0,R_sign_eq,264,300,300,0.88,0.8079,0,0,0
f73ca3324a321d80dc3d63e6bf4afa9f6240cdfd0a658acacbe7209dc8c1b144,2,f_constant,case_fact,case_team_minus,0,R_eq_omega,300,300,300,1.0,0.9754,1,0,1
f73ca3324a321d80dc3d63e6bf4afa9f6240cdfd0a658acacbe7209dc8c1b144,2,f_constant,case_fact,case_team_minus,0,R_up_omega,0,300,300,0.0,0.0,0,0,0
f73ca3324a321d80dc3d63e6bf4afa9f6240cdfd0a658acacbe7209dc8c1b144,2,f_constant,case_fact,case_team_minus,0,R_down_omega,0,300,300,0.0,0.0,0,0,0
f73ca3324a321d80dc3d63e6bf4afa9f6240cdfd0a658acacbe7209dc8c1b144,2,f_constant,case_fact,case_team_minus,0,R_sign_eq,264,300,300,0.88,0.8079,0,0,0
f73ca3324a321d80dc3d63e6bf4afa9f6240cdfd0a658acacbe7209dc8c1b144,2,f_constant,case_fact,case_risk_up,0,R_eq_omega,300,300,300,1.0,0.9754,1,0,1
f73ca3324a321d80dc3d63e6bf4afa9f6240cdfd0a658acacbe7209dc8c1b144,2,f_constant,case_fact,case_risk_up,0,R_up_omega,0,300,300,0.0,0.0,0,0,0
f73ca3324a321d80dc3d63e6bf4afa9f6240cdfd0a658acacbe7209dc8c1b144,2,f_constant,case_fact,case_risk_up,0,R_down_omega,0,300,300,0.0,0.0,0,0,0
f73ca3324a321d80dc3d63e6bf4afa9f6240cdfd0a658acacbe7209dc8c1b144,2,f_constant,case_fact,case_risk_up,0,R_sign_eq,264,300,300,0.88,0.8079,0,0,0
f73ca3324a321d80dc3d63e6bf4afa9f6240cdfd0a658acacbe7209dc8c1b144,2,f_constant,case_fact,case_risk_down,0,R_eq_omega,300,300,300,1.0,0.9754,1,0,1
f73ca3324a321d80dc3d63e6bf4afa9f6240cdfd0a658acacbe7209dc8c1b144,2,f_constant,case_fact,case_risk_down,0,R_up_omega,0,300,300,0.0,0.0,0,0,0
f73ca3324a321d80dc3d63e6bf4afa9f6240cdfd0a658acacbe7209dc8c1b144,2,f_constant,case_fact,case_risk_down,0,R_down_omega,0,300,300,0.0,0.0,0,0,0
f73ca3324a321d80dc3d63e6bf4afa9f6240cdfd0a658acacbe7209dc8c1b144,2,f_constant,case_fact,case_risk_down,0,R_sign_eq,264,300,300,0.88,0.8079,0,0,0
f73ca3324a321d80dc3d63e6bf4afa9f6240cdfd0a658acacbe7209dc8c1b144,2,f_wrongstatic,identity,identity,1,R_eq_omega,300,300,300,1.0,0.9754,1,0,0
f73ca3324a321d80dc3d63e6bf4afa9f6240cdfd0a658acacbe7209dc8c1b144,2,f_wrongstatic,identity,identity,1,R_up_omega,0,300,300,0.0,0.0,0,0,0
f73ca3324a321d80dc3d63e6bf4afa9f6240cdfd0a658acacbe7209dc8c1b144,2,f_wrongstatic,identity,identity,1,R_down_omega,0,300,300,0.0,0.0,0,0,0
f73ca3324a321d80dc3d63e6bf4afa9f6240cdfd0a658acacbe7209dc8c1b144,2,f_wrongstatic,identity,identity,1,R_sign_eq,300,300,300,1.0,0.9754,1,0,0
f73ca3324a321d80dc3d63e6bf4afa9f6240cdfd0a658acacbe7209dc8c1b144,2,f_wrongstatic,order,permute_founders,0,R_eq_omega,239,239,300,1.0,0.9692,1,0,1
f73ca3324a321d80dc3d63e6bf4afa9f6240cdfd0a658acacbe7209dc8c1b144,2,f_wrongstatic,order,permute_founders,0,R_up_omega,0,239,300,0.0,0.0,0,0,0
f73ca3324a321d80dc3d63e6bf4afa9f6240cdfd0a658acacbe7209dc8c1b144,2,f_wrongstatic,order,permute_founders,0,R_down_omega,0,239,300,0.0,0.0,0,0,0
f73ca3324a321d80dc3d63e6bf4afa9f6240cdfd0a658acacbe7209dc8c1b144,2,f_wrongstatic,order,permute_founders,0,R_sign_eq,239,239,300,1.0,0.9692,1,0,1
f73ca3324a321d80dc3d63e6bf4afa9f6240cdfd0a658acacbe7209dc8c1b144,2,f_wrongstatic,order,permute_risks,0,R_eq_omega,199,199,300,1.0,0.9631,1,0,1
f73ca3324a321d80dc3d63e6bf4afa9f6240cdfd0a658acacbe7209dc8c1b144,2,f_wrongstatic,order,permute_risks,0,R_up_omega,0,199,300,0.0,0.0,0,0,0
f73ca3324a321d80dc3d63e6bf4afa9f6240cdfd0a658acacbe7209dc8c1b144,2,f_wrongstatic,order,permute_risks,0,R_down_omega,0,199,300,0.0,0.0,0,0,0
f73ca3324a321d80dc3d63e6bf4afa9f6240cdfd0a658acacbe7209dc8c1b144,2,f_wrongstatic,order,permute_risks,0,R_sign_eq,199,199,300,1.0,0.9631,1,0,1
f73ca3324a321d80dc3d63e6bf4afa9f6240cdfd0a658acacbe7209dc8c1b144,2,f_wrongstatic,optional,replace_description,0,R_eq_omega,300,300,300,1.0,0.9754,1,0,1
f73ca3324a321d80dc3d63e6bf4afa9f6240cdfd0a658acacbe7209dc8c1b144,2,f_wrongstatic,optional,replace_description,0,R_up_omega,0,300,300,0.0,0.0,0,0,0
f73ca3324a321d80dc3d63e6bf4afa9f6240cdfd0a658acacbe7209dc8c1b144,2,f_wrongstatic,optional,replace_description,0,R_down_omega,0,300,300,0.0,0.0,0,0,0
f73ca3324a321d80dc3d63e6bf4afa9f6240cdfd0a658acacbe7209dc8c1b144,2,f_wrongstatic,optional,replace_description,0,R_sign_eq,300,300,300,1.0,0.9754,1,0,1
f73ca3324a321d80dc3d63e6bf4afa9f6240cdfd0a658acacbe7209dc8c1b144,2,f_wrongstatic,optional,blank_description,0,R_eq_omega,300,300,300,1.0,0.9754,1,0,1
f73ca3324a321d80dc3d63e6bf4afa9f6240cdfd0a658acacbe7209dc8c1b144,2,f_wrongstatic,optional,blank_description,0,R_up_omega,0,300,300,0.0,0.0,0,0,0
f73ca3324a321d80dc3d63e6bf4afa9f6240cdfd0a658acacbe7209dc8c1b144,2,f_wrongstatic,optional,blank_description,0,R_down_omega,0,300,300,0.0,0.0,0,0,0
f73ca3324a321d80dc3d63e6bf4afa9f6240cdfd0a658acacbe7209dc8c1b144,2,f_wrongstatic,optional,blank_description,0,R_sign_eq,300,300,300,1.0,0.9754,1,0,1
f73ca3324a321d80dc3d63e6bf4afa9f6240cdfd0a658acacbe7209dc8c1b144,2,f_wrongstatic,non_rule_fact,add_risk_item,0,R_eq_omega,300,300,300,1.0,0.9754,1,0,1
f73ca3324a321d80dc3d63e6bf4afa9f6240cdfd0a658acacbe7209dc8c1b144,2,f_wrongstatic,non_rule_fact,add_risk_item,0,R_up_omega,0,300,300,0.0,0.0,0,0,0
f73ca3324a321d80dc3d63e6bf4afa9f6240cdfd0a658acacbe7209dc8c1b144,2,f_wrongstatic,non_rule_fact,add_risk_item,0,R_down_omega,0,300,300,0.0,0.0,0,0,0
f73ca3324a321d80dc3d63e6bf4afa9f6240cdfd0a658acacbe7209dc8c1b144,2,f_wrongstatic,non_rule_fact,add_risk_item,0,R_sign_eq,300,300,300,1.0,0.9754,1,0,1
f73ca3324a321d80dc3d63e6bf4afa9f6240cdfd0a658acacbe7209dc8c1b144,2,f_wrongstatic,non_rule_fact,drop_risk_item,0,R_eq_omega,263,263,300,1.0,0.972,1,0,1
f73ca3324a321d80dc3d63e6bf4afa9f6240cdfd0a658acacbe7209dc8c1b144,2,f_wrongstatic,non_rule_fact,drop_risk_item,0,R_up_omega,0,263,300,0.0,0.0,0,0,0
f73ca3324a321d80dc3d63e6bf4afa9f6240cdfd0a658acacbe7209dc8c1b144,2,f_wrongstatic,non_rule_fact,drop_risk_item,0,R_down_omega,0,263,300,0.0,0.0,0,0,0
f73ca3324a321d80dc3d63e6bf4afa9f6240cdfd0a658acacbe7209dc8c1b144,2,f_wrongstatic,non_rule_fact,drop_risk_item,0,R_sign_eq,263,263,300,1.0,0.972,1,0,1
f73ca3324a321d80dc3d63e6bf4afa9f6240cdfd0a658acacbe7209dc8c1b144,2,f_wrongstatic,non_rule_fact,bump_founder_experience,0,R_eq_omega,300,300,300,1.0,0.9754,1,0,1
f73ca3324a321d80dc3d63e6bf4afa9f6240cdfd0a658acacbe7209dc8c1b144,2,f_wrongstatic,non_rule_fact,bump_founder_experience,0,R_up_omega,0,300,300,0.0,0.0,0,0,0
f73ca3324a321d80dc3d63e6bf4afa9f6240cdfd0a658acacbe7209dc8c1b144,2,f_wrongstatic,non_rule_fact,bump_founder_experience,0,R_down_omega,0,300,300,0.0,0.0,0,0,0
f73ca3324a321d80dc3d63e6bf4afa9f6240cdfd0a658acacbe7209dc8c1b144,2,f_wrongstatic,non_rule_fact,bump_founder_experience,0,R_sign_eq,300,300,300,1.0,0.9754,1,0,1
f73ca3324a321d80dc3d63e6bf4afa9f6240cdfd0a658acacbe7209dc8c1b144,2,f_wrongstatic,rule_threshold,strengthen_revenue_threshold,0,R_eq_omega,230,300,300,0.7667,0.6795,0,0,0
f73ca3324a321d80dc3d63e6bf4afa9f6240cdfd0a658acacbe7209dc8c1b144,2,f_wrongstatic,rule_threshold,strengthen_revenue_threshold,0,R_up_omega,0,300,300,0.0,0.0,0,0,0
f73ca3324a321d80dc3d63e6bf4afa9f6240cdfd0a658acacbe7209dc8c1b144,2,f_wrongstatic,rule_threshold,strengthen_revenue_threshold,0,R_down_omega,70,300,300,0.2333,0.1595,0,0,0
f73ca3324a321d80dc3d63e6bf4afa9f6240cdfd0a658acacbe7209dc8c1b144,2,f_wrongstatic,rule_threshold,strengthen_revenue_threshold,0,R_sign_eq,264,300,300,0.88,0.8079,0,0,0
f73ca3324a321d80dc3d63e6bf4afa9f6240cdfd0a658acacbe7209dc8c1b144,2,f_wrongstatic,rule_threshold,weaken_revenue_threshold,0,R_eq_omega,230,300,300,0.7667,0.6795,0,0,0
f73ca3324a321d80dc3d63e6bf4afa9f6240cdfd0a658acacbe7209dc8c1b144,2,f_wrongstatic,rule_threshold,weaken_revenue_threshold,0,R_up_omega,70,300,300,0.2333,0.1595,0,0,0
f73ca3324a321d80dc3d63e6bf4afa9f6240cdfd0a658acacbe7209dc8c1b144,2,f_wrongstatic,rule_threshold,weaken_revenue_threshold,0,R_down_omega,0,300,300,0.0,0.0,0,0,0
f73ca3324a321d80dc3d63e6bf4afa9f6240cdfd0a658acacbe7209dc8c1b144,2,f_wrongstatic,rule_threshold,weaken_revenue_threshold,0,R_sign_eq,261,300,300,0.87,0.7961,0,0,0
f73ca3324a321d80dc3d63e6bf4afa9f6240cdfd0a658acacbe7209dc8c1b144,2,f_wrongstatic,rule_threshold,strengthen_team_threshold,0,R_eq_omega,226,300,300,0.7533,0.665,0,0,0
f73ca3324a321d80dc3d63e6bf4afa9f6240cdfd0a658acacbe7209dc8c1b144,2,f_wrongstatic,rule_threshold,strengthen_team_threshold,0,R_up_omega,0,300,300,0.0,0.0,0,0,0
f73ca3324a321d80dc3d63e6bf4afa9f6240cdfd0a658acacbe7209dc8c1b144,2,f_wrongstatic,rule_threshold,strengthen_team_threshold,0,R_down_omega,74,300,300,0.2467,0.171,0,0,0
f73ca3324a321d80dc3d63e6bf4afa9f6240cdfd0a658acacbe7209dc8c1b144,2,f_wrongstatic,rule_threshold,strengthen_team_threshold,0,R_sign_eq,262,300,300,0.8733,0.8,0,0,0
f73ca3324a321d80dc3d63e6bf4afa9f6240cdfd0a658acacbe7209dc8c1b144,2,f_wrongstatic,rule_threshold,weaken_team_threshold,0,R_eq_omega,252,300,300,0.84,0.7613,0,0,0
f73ca3324a321d80dc3d63e6bf4afa9f6240cdfd0a658acacbe7209dc8c1b144,2,f_wrongstatic,rule_threshold,weaken_team_threshold,0,R_up_omega,48,300,300,0.16,0.0984,0,0,0
f73ca3324a321d80dc3d63e6bf4afa9f6240cdfd0a658acacbe7209dc8c1b144,2,f_wrongstatic,rule_threshold,weaken_team_threshold,0,R_down_omega,0,300,300,0.0,0.0,0,0,0
f73ca3324a321d80dc3d63e6bf4afa9f6240cdfd0a658acacbe7209dc8c1b144,2,f_wrongstatic,rule_threshold,weaken_team_threshold,0,R_sign_eq,276,300,300,0.92,0.8567,0,0,0
f73ca3324a321d80dc3d63e6bf4afa9f6240cdfd0a658acacbe7209dc8c1b144,2,f_wrongstatic,rule_threshold,strengthen_risk_threshold,0,R_eq_omega,234,300,300,0.78,0.6941,0,0,0
f73ca3324a321d80dc3d63e6bf4afa9f6240cdfd0a658acacbe7209dc8c1b144,2,f_wrongstatic,rule_threshold,strengthen_risk_threshold,0,R_up_omega,66,300,300,0.22,0.1481,0,0,0
f73ca3324a321d80dc3d63e6bf4afa9f6240cdfd0a658acacbe7209dc8c1b144,2,f_wrongstatic,rule_threshold,strengthen_risk_threshold,0,R_down_omega,0,300,300,0.0,0.0,0,0,0
f73ca3324a321d80dc3d63e6bf4afa9f6240cdfd0a658acacbe7209dc8c1b144,2,f_wrongstatic,rule_threshold,strengthen_risk_threshold,0,R_sign_eq,268,300,300,0.8933,0.8239,0,0,0
f73ca3324a321d80dc3d63e6bf4afa9f6240cdfd0a658acacbe7209dc8c1b144,2,f_wrongstatic,rule_threshold,weaken_risk_threshold,0,R_eq_omega,213,300,300,0.71,0.6186,0,0,0
f73ca3324a321d80dc3d63e6bf4afa9f6240cdfd0a658acacbe7209dc8c1b144,2,f_wrongstatic,rule_threshold,weaken_risk_threshold,0,R_up_omega,0,300,300,0.0,0.0,0,0,0
f73ca3324a321d80dc3d63e6bf4afa9f6240cdfd0a658acacbe7209dc8c1b144,2,f_wrongstatic,rule_threshold,weaken_risk_threshold,0,R_down_omega,87,300,300,0.29,0.2091,0,0,0
f73ca3324a321d80dc3d63e6bf4afa9f6240cdfd0a658acacbe7209dc8c1b144,2,f_wrongstatic,rule_threshold,weaken_risk_threshold,0,R_sign_eq,256,300,300,0.8533,0.7767,0,0,0
f73ca3324a321d80dc3d63e6bf4afa9f6240cdfd0a658acacbe7209dc8c1b144,2,f_wrongstatic,rule_clause,add_strict_clause,0,R_eq_omega,108,300,300,0.36,0.2725,0,0,0
f73ca3324a321d80dc3d63e6bf4afa9f6240cdfd0a658acacbe7209dc8c1b144,2,f_wrongstatic,rule_clause,add_strict_clause,0,R_up_omega,132,300,300,0.44,0.3475,0,0,0
f73ca3324a321d80dc3d63e6bf4afa9f6240cdfd0a658acacbe7209dc8c1b144,2,f_wrongstatic,rule_clause,add_strict_clause,0,R_down_omega,83,300,300,0.2767,0.1973,0,0,0
f73ca3324a321d80dc3d63e6bf4afa9f6240cdfd0a658acacbe7209dc8c1b144,2,f_wrongstatic,rule_clause,add_strict_clause,0,R_sign_eq,230,300,300,0.7667,0.6795,0,0,0
f73ca3324a321d80dc3d63e6bf4afa9f6240cdfd0a658acacbe7209dc8c1b144,2,f_wrongstatic,rule_clause,remove_last_clause,0,R_eq_omega,13,300,300,0.0433,0.0146,0,0,0
f73ca3324a321d80dc3d63e6bf4afa9f6240cdfd0a658acacbe7209dc8c1b144,2,f_wrongstatic,rule_clause,remove_last_clause,0,R_up_omega,138,300,300,0.46,0.3666,0,0,0
f73ca3324a321d80dc3d63e6bf4afa9f6240cdfd0a658acacbe7209dc8c1b144,2,f_wrongstatic,rule_clause,remove_last_clause,0,R_down_omega,161,300,300,0.5367,0.4413,0,0,0
f73ca3324a321d80dc3d63e6bf4afa9f6240cdfd0a658acacbe7209dc8c1b144,2,f_wrongstatic,rule_clause,remove_last_clause,0,R_sign_eq,173,300,300,0.5767,0.4812,0,0,0
f73ca3324a321d80dc3d63e6bf4afa9f6240cdfd0a658acacbe7209dc8c1b144,2,f_wrongstatic,case_fact,case_revenue_up,0,R_eq_omega,230,300,300,0.7667,0.6795,0,0,0
f73ca3324a321d80dc3d63e6bf4afa9f6240cdfd0a658acacbe7209dc8c1b144,2,f_wrongstatic,case_fact,case_revenue_up,0,R_up_omega,70,300,300,0.2333,0.1595,0,0,0
f73ca3324a321d80dc3d63e6bf4afa9f6240cdfd0a658acacbe7209dc8c1b144,2,f_wrongstatic,case_fact,case_revenue_up,0,R_down_omega,0,300,300,0.0,0.0,0,0,0
f73ca3324a321d80dc3d63e6bf4afa9f6240cdfd0a658acacbe7209dc8c1b144,2,f_wrongstatic,case_fact,case_revenue_up,0,R_sign_eq,261,300,300,0.87,0.7961,0,0,0
f73ca3324a321d80dc3d63e6bf4afa9f6240cdfd0a658acacbe7209dc8c1b144,2,f_wrongstatic,case_fact,case_revenue_down,0,R_eq_omega,230,300,300,0.7667,0.6795,0,0,0
f73ca3324a321d80dc3d63e6bf4afa9f6240cdfd0a658acacbe7209dc8c1b144,2,f_wrongstatic,case_fact,case_revenue_down,0,R_up_omega,0,300,300,0.0,0.0,0,0,0
f73ca3324a321d80dc3d63e6bf4afa9f6240cdfd0a658acacbe7209dc8c1b144,2,f_wrongstatic,case_fact,case_revenue_down,0,R_down_omega,70,300,300,0.2333,0.1595,0,0,0
f73ca3324a321d80dc3d63e6bf4afa9f6240cdfd0a658acacbe7209dc8c1b144,2,f_wrongstatic,case_fact,case_revenue_down,0,R_sign_eq,264,300,300,0.88,0.8079,0,0,0
f73ca3324a321d80dc3d63e6bf4afa9f6240cdfd0a658acacbe7209dc8c1b144,2,f_wrongstatic,case_fact,case_team_plus,0,R_eq_omega,252,300,300,0.84,0.7613,0,0,0
f73ca3324a321d80dc3d63e6bf4afa9f6240cdfd0a658acacbe7209dc8c1b144,2,f_wrongstatic,case_fact,case_team_plus,0,R_up_omega,48,300,300,0.16,0.0984,0,0,0
f73ca3324a321d80dc3d63e6bf4afa9f6240cdfd0a658acacbe7209dc8c1b144,2,f_wrongstatic,case_fact,case_team_plus,0,R_down_omega,0,300,300,0.0,0.0,0,0,0
f73ca3324a321d80dc3d63e6bf4afa9f6240cdfd0a658acacbe7209dc8c1b144,2,f_wrongstatic,case_fact,case_team_plus,0,R_sign_eq,276,300,300,0.92,0.8567,0,0,0
f73ca3324a321d80dc3d63e6bf4afa9f6240cdfd0a658acacbe7209dc8c1b144,2,f_wrongstatic,case_fact,case_team_minus,0,R_eq_omega,260,300,300,0.8667,0.7922,0,0,0
f73ca3324a321d80dc3d63e6bf4afa9f6240cdfd0a658acacbe7209dc8c1b144,2,f_wrongstatic,case_fact,case_team_minus,0,R_up_omega,0,300,300,0.0,0.0,0,0,0
f73ca3324a321d80dc3d63e6bf4afa9f6240cdfd0a658acacbe7209dc8c1b144,2,f_wrongstatic,case_fact,case_team_minus,0,R_down_omega,40,300,300,0.1333,0.0773,0,0,0
f73ca3324a321d80dc3d63e6bf4afa9f6240cdfd0a658acacbe7209dc8c1b144,2,f_wrongstatic,case_fact,case_team_minus,0,R_sign_eq,279,300,300,0.93,0.8693,0,0,0
f73ca3324a321d80dc3d63e6bf4afa9f6240cdfd0a658acacbe7209dc8c1b144,2,f_wrongstatic,case_fact,case_risk_up,0,R_eq_omega,192,300,300,0.64,0.5455,0,0,0
f73ca3324a321d80dc3d63e6bf4afa9f6240cdfd0a658acacbe7209dc8c1b144,2,f_wrongstatic,case_fact,case_risk_up,0,R_up_omega,108,300,300,0.36,0.2725,0,0,0
f73ca3324a321d80dc3d63e6bf4afa9f6240cdfd0a658acacbe7209dc8c1b144,2,f_wrongstatic,case_fact,case_risk_up,0,R_down_omega,0,300,300,0.0,0.0,0,0,0
f73ca3324a321d80dc3d63e6bf4afa9f6240cdfd0a658acacbe7209dc8c1b144,2,f_wrongstatic,case_fact,case_risk_up,0,R_sign_eq,243,300,300,0.81,0.7274,0,0,0
f73ca3324a321d80dc3d63e6bf4afa9f6240cdfd0a658acacbe7209dc8c1b144,2,f_wrongstatic,case_fact,case_risk_down,0,R_eq_omega,213,300,300,0.71,0.6186,0,0,0
f73ca3324a321d80dc3d63e6bf4afa9f6240cdfd0a658acacbe7209dc8c1b144,2,f_wrongstatic,case_fact,case_risk_down,0,R_up_omega,0,300,300,0.0,0.0,0,0,0
f73ca3324a321d80dc3d63e6bf4afa9f6240cdfd0a658acacbe7209dc8c1b144,2,f_wrongstatic,case_fact,case_risk_down,0,R_down_omega,87,300,300,0.29,0.2091,0,0,0
f73ca3324a321d80dc3d63e6bf4afa9f6240cdfd0a658acacbe7209dc8c1b144,2,f_wrongstatic,case_fact,case_risk_down,0,R_sign_eq,256,300,300,0.8533,0.7767,0,0,0
f73ca3324a321d80dc3d63e6bf4afa9f6240cdfd0a658acacbe7209dc8c1b144,2,f_wrongstochastic,identity,identity,1,R_eq_omega,300,300,300,1.0,0.9754,1,0,0
f73ca3324a321d80dc3d63e6bf4afa9f6240cdfd0a658acacbe7209dc8c1b144,2,f_wrongstochastic,identity,identity,1,R_up_omega,0,300,300,0.0,0.0,0,0,0
f73ca3324a321d80dc3d63e6bf4afa9f6240cdfd0a658acacbe7209dc8c1b144,2,f_wrongstochastic,identity,identity,1,R_down_omega,0,300,300,0.0,0.0,0,0,0
f73ca3324a321d80dc3d63e6bf4afa9f6240cdfd0a658acacbe7209dc8c1b144,2,f_wrongstochastic,identity,identity,1,R_sign_eq,281,300,300,0.9367,0.8779,0,0,0
f73ca3324a321d80dc3d63e6bf4afa9f6240cdfd0a658acacbe7209dc8c1b144,2,f_wrongstochastic,order,permute_founders,0,R_eq_omega,239,239,300,1.0,0.9692,1,0,1
f73ca3324a321d80dc3d63e6bf4afa9f6240cdfd0a658acacbe7209dc8c1b144,2,f_wrongstochastic,order,permute_founders,0,R_up_omega,0,239,300,0.0,0.0,0,0,0
f73ca3324a321d80dc3d63e6bf4afa9f6240cdfd0a658acacbe7209dc8c1b144,2,f_wrongstochastic,order,permute_founders,0,R_down_omega,0,239,300,0.0,0.0,0,0,0
f73ca3324a321d80dc3d63e6bf4afa9f6240cdfd0a658acacbe7209dc8c1b144,2,f_wrongstochastic,order,permute_founders,0,R_sign_eq,224,239,300,0.9372,0.8698,0,0,0
f73ca3324a321d80dc3d63e6bf4afa9f6240cdfd0a658acacbe7209dc8c1b144,2,f_wrongstochastic,order,permute_risks,0,R_eq_omega,199,199,300,1.0,0.9631,1,0,1
f73ca3324a321d80dc3d63e6bf4afa9f6240cdfd0a658acacbe7209dc8c1b144,2,f_wrongstochastic,order,permute_risks,0,R_up_omega,0,199,300,0.0,0.0,0,0,0
f73ca3324a321d80dc3d63e6bf4afa9f6240cdfd0a658acacbe7209dc8c1b144,2,f_wrongstochastic,order,permute_risks,0,R_down_omega,0,199,300,0.0,0.0,0,0,0
f73ca3324a321d80dc3d63e6bf4afa9f6240cdfd0a658acacbe7209dc8c1b144,2,f_wrongstochastic,order,permute_risks,0,R_sign_eq,185,199,300,0.9296,0.8514,0,0,0
f73ca3324a321d80dc3d63e6bf4afa9f6240cdfd0a658acacbe7209dc8c1b144,2,f_wrongstochastic,optional,replace_description,0,R_eq_omega,300,300,300,1.0,0.9754,1,0,1
f73ca3324a321d80dc3d63e6bf4afa9f6240cdfd0a658acacbe7209dc8c1b144,2,f_wrongstochastic,optional,replace_description,0,R_up_omega,0,300,300,0.0,0.0,0,0,0
f73ca3324a321d80dc3d63e6bf4afa9f6240cdfd0a658acacbe7209dc8c1b144,2,f_wrongstochastic,optional,replace_description,0,R_down_omega,0,300,300,0.0,0.0,0,0,0
f73ca3324a321d80dc3d63e6bf4afa9f6240cdfd0a658acacbe7209dc8c1b144,2,f_wrongstochastic,optional,replace_description,0,R_sign_eq,281,300,300,0.9367,0.8779,0,0,0
f73ca3324a321d80dc3d63e6bf4afa9f6240cdfd0a658acacbe7209dc8c1b144,2,f_wrongstochastic,optional,blank_description,0,R_eq_omega,300,300,300,1.0,0.9754,1,0,1
f73ca3324a321d80dc3d63e6bf4afa9f6240cdfd0a658acacbe7209dc8c1b144,2,f_wrongstochastic,optional,blank_description,0,R_up_omega,0,300,300,0.0,0.0,0,0,0
f73ca3324a321d80dc3d63e6bf4afa9f6240cdfd0a658acacbe7209dc8c1b144,2,f_wrongstochastic,optional,blank_description,0,R_down_omega,0,300,300,0.0,0.0,0,0,0
f73ca3324a321d80dc3d63e6bf4afa9f6240cdfd0a658acacbe7209dc8c1b144,2,f_wrongstochastic,optional,blank_description,0,R_sign_eq,281,300,300,0.9367,0.8779,0,0,0
f73ca3324a321d80dc3d63e6bf4afa9f6240cdfd0a658acacbe7209dc8c1b144,2,f_wrongstochastic,non_rule_fact,add_risk_item,0,R_eq_omega,300,300,300,1.0,0.9754,1,0,1
f73ca3324a321d80dc3d63e6bf4afa9f6240cdfd0a658acacbe7209dc8c1b144,2,f_wrongstochastic,non_rule_fact,add_risk_item,0,R_up_omega,0,300,300,0.0,0.0,0,0,0
f73ca3324a321d80dc3d63e6bf4afa9f6240cdfd0a658acacbe7209dc8c1b144,2,f_wrongstochastic,non_rule_fact,add_risk_item,0,R_down_omega,0,300,300,0.0,0.0,0,0,0
f73ca3324a321d80dc3d63e6bf4afa9f6240cdfd0a658acacbe7209dc8c1b144,2,f_wrongstochastic,non_rule_fact,add_risk_item,0,R_sign_eq,281,300,300,0.9367,0.8779,0,0,0
f73ca3324a321d80dc3d63e6bf4afa9f6240cdfd0a658acacbe7209dc8c1b144,2,f_wrongstochastic,non_rule_fact,drop_risk_item,0,R_eq_omega,263,263,300,1.0,0.972,1,0,1
f73ca3324a321d80dc3d63e6bf4afa9f6240cdfd0a658acacbe7209dc8c1b144,2,f_wrongstochastic,non_rule_fact,drop_risk_item,0,R_up_omega,0,263,300,0.0,0.0,0,0,0
f73ca3324a321d80dc3d63e6bf4afa9f6240cdfd0a658acacbe7209dc8c1b144,2,f_wrongstochastic,non_rule_fact,drop_risk_item,0,R_down_omega,0,263,300,0.0,0.0,0,0,0
f73ca3324a321d80dc3d63e6bf4afa9f6240cdfd0a658acacbe7209dc8c1b144,2,f_wrongstochastic,non_rule_fact,drop_risk_item,0,R_sign_eq,244,263,300,0.9278,0.8614,0,0,0
f73ca3324a321d80dc3d63e6bf4afa9f6240cdfd0a658acacbe7209dc8c1b144,2,f_wrongstochastic,non_rule_fact,bump_founder_experience,0,R_eq_omega,300,300,300,1.0,0.9754,1,0,1
f73ca3324a321d80dc3d63e6bf4afa9f6240cdfd0a658acacbe7209dc8c1b144,2,f_wrongstochastic,non_rule_fact,bump_founder_experience,0,R_up_omega,0,300,300,0.0,0.0,0,0,0
f73ca3324a321d80dc3d63e6bf4afa9f6240cdfd0a658acacbe7209dc8c1b144,2,f_wrongstochastic,non_rule_fact,bump_founder_experience,0,R_down_omega,0,300,300,0.0,0.0,0,0,0
f73ca3324a321d80dc3d63e6bf4afa9f6240cdfd0a658acacbe7209dc8c1b144,2,f_wrongstochastic,non_rule_fact,bump_founder_experience,0,R_sign_eq,281,300,300,0.9367,0.8779,0,0,0
f73ca3324a321d80dc3d63e6bf4afa9f6240cdfd0a658acacbe7209dc8c1b144,2,f_wrongstochastic,rule_threshold,strengthen_revenue_threshold,0,R_eq_omega,239,300,300,0.7967,0.7125,0,0,0
f73ca3324a321d80dc3d63e6bf4afa9f6240cdfd0a658acacbe7209dc8c1b144,2,f_wrongstochastic,rule_threshold,strengthen_revenue_threshold,0,R_up_omega,0,300,300,0.0,0.0,0,0,0
f73ca3324a321d80dc3d63e6bf4afa9f6240cdfd0a658acacbe7209dc8c1b144,2,f_wrongstochastic,rule_threshold,strengthen_revenue_threshold,0,R_down_omega,62,300,300,0.2067,0.1369,0,0,0
f73ca3324a321d80dc3d63e6bf4afa9f6240cdfd0a658acacbe7209dc8c1b144,2,f_wrongstochastic,rule_threshold,strengthen_revenue_threshold,0,R_sign_eq,254,300,300,0.8467,0.769,0,0,0
f73ca3324a321d80dc3d63e6bf4afa9f6240cdfd0a658acacbe7209dc8c1b144,2,f_wrongstochastic,rule_threshold,weaken_revenue_threshold,0,R_eq_omega,240,300,300,0.8,0.7162,0,0,0
f73ca3324a321d80dc3d63e6bf4afa9f6240cdfd0a658acacbe7209dc8c1b144,2,f_wrongstochastic,rule_threshold,weaken_revenue_threshold,0,R_up_omega,61,300,300,0.2033,0.1341,0,0,0
f73ca3324a321d80dc3d63e6bf4afa9f6240cdfd0a658acacbe7209dc8c1b144,2,f_wrongstochastic,rule_threshold,weaken_revenue_threshold,0,R_down_omega,0,300,300,0.0,0.0,0,0,0
f73ca3324a321d80dc3d63e6bf4afa9f6240cdfd0a658acacbe7209dc8c1b144,2,f_wrongstochastic,rule_threshold,weaken_revenue_threshold,0,R_sign_eq,255,300,300,0.85,0.7728,0,0,0
f73ca3324a321d80dc3d63e6bf4afa9f6240cdfd0a658acacbe7209dc8c1b144,2,f_wrongstochastic,rule_threshold,strengthen_team_threshold,0,R_eq_omega,244,300,300,0.8133,0.7311,0,0,0
f73ca3324a321d80dc3d63e6bf4afa9f6240cdfd0a658acacbe7209dc8c1b144,2,f_wrongstochastic,rule_threshold,strengthen_team_threshold,0,R_up_omega,0,300,300,0.0,0.0,0,0,0
f73ca3324a321d80dc3d63e6bf4afa9f6240cdfd0a658acacbe7209dc8c1b144,2,f_wrongstochastic,rule_threshold,strengthen_team_threshold,0,R_down_omega,57,300,300,0.19,0.1229,0,0,0
f73ca3324a321d80dc3d63e6bf4afa9f6240cdfd0a658acacbe7209dc8c1b144,2,f_wrongstochastic,rule_threshold,strengthen_team_threshold,0,R_sign_eq,256,300,300,0.8533,0.7767,0,0,0
f73ca3324a321d80dc3d63e6bf4afa9f6240cdfd0a658acacbe7209dc8c1b144,2,f_wrongstochastic,rule_threshold,weaken_team_threshold,0,R_eq_omega,258,300,300,0.86,0.7844,0,0,0
f73ca3324a321d80dc3d63e6bf4afa9f6240cdfd0a658acacbe7209dc8c1b144,2,f_wrongstochastic,rule_threshold,weaken_team_threshold,0,R_up_omega,42,300,300,0.14,0.0825,0,0,0
f73ca3324a321d80dc3d63e6bf4afa9f6240cdfd0a658acacbe7209dc8c1b144,2,f_wrongstochastic,rule_threshold,weaken_team_threshold,0,R_down_omega,0,300,300,0.0,0.0,0,0,0
f73ca3324a321d80dc3d63e6bf4afa9f6240cdfd0a658acacbe7209dc8c1b144,2,f_wrongstochastic,rule_threshold,weaken_team_threshold,0,R_sign_eq,266,300,300,0.8867,0.8159,0,0,0
f73ca3324a321d80dc3d63e6bf4afa9f6240cdfd0a658acacbe7209dc8c1b144,2,f_wrongstochastic,rule_threshold,strengthen_risk_threshold,0,R_eq_omega,278,300,300,0.9267,0.8651,0,0,0
f73ca3324a321d80dc3d63e6bf4afa9f6240cdfd0a658acacbe7209dc8c1b144,2,f_wrongstochastic,rule_threshold,strengthen_risk_threshold,0,R_up_omega,0,300,300,0.0,0.0,0,0,0
f73ca3324a321d80dc3d63e6bf4afa9f6240cdfd0a658acacbe7209dc8c1b144,2,f_wrongstochastic,rule_threshold,strengthen_risk_threshold,0,R_down_omega,24,300,300,0.08,0.038,0,0,0
f73ca3324a321d80dc3d63e6bf4afa9f6240cdfd0a658acacbe7209dc8c1b144,2,f_wrongstochastic,rule_threshold,strengthen_risk_threshold,0,R_sign_eq,261,300,300,0.87,0.7961,0,0,0
f73ca3324a321d80dc3d63e6bf4afa9f6240cdfd0a658acacbe7209dc8c1b144,2,f_wrongstochastic,rule_threshold,weaken_risk_threshold,0,R_eq_omega,271,300,300,0.9033,0.836,0,0,0
f73ca3324a321d80dc3d63e6bf4afa9f6240cdfd0a658acacbe7209dc8c1b144,2,f_wrongstochastic,rule_threshold,weaken_risk_threshold,0,R_up_omega,29,300,300,0.0967,0.0498,0,0,0
f73ca3324a321d80dc3d63e6bf4afa9f6240cdfd0a658acacbe7209dc8c1b144,2,f_wrongstochastic,rule_threshold,weaken_risk_threshold,0,R_down_omega,0,300,300,0.0,0.0,0,0,0
f73ca3324a321d80dc3d63e6bf4afa9f6240cdfd0a658acacbe7209dc8c1b144,2,f_wrongstochastic,rule_threshold,weaken_risk_threshold,0,R_sign_eq,265,300,300,0.8833,0.8119,0,0,0
f73ca3324a321d80dc3d63e6bf4afa9f6240cdfd0a658acacbe7209dc8c1b144,2,f_wrongstochastic,rule_clause,add_strict_clause,0,R_eq_omega,265,300,300,0.8833,0.8119,0,0,0
f73ca3324a321d80dc3d63e6bf4afa9f6240cdfd0a658acacbe7209dc8c1b144,2,f_wrongstochastic,rule_clause,add_strict_clause,0,R_up_omega,0,300,300,0.0,0.0,0,0,0
f73ca3324a321d80dc3d63e6bf4afa9f6240cdfd0a658acacbe7209dc8c1b144,2,f_wrongstochastic,rule_clause,add_strict_clause,0,R_down_omega,37,300,300,0.1233,0.0696,0,0,0
f73ca3324a321d80dc3d63e6bf4afa9f6240cdfd0a658acacbe7209dc8c1b144,2,f_wrongstochastic,rule_clause,add_strict_clause,0,R_sign_eq,285,300,300,0.95,0.8955,0,0,0
f73ca3324a321d80dc3d63e6bf4afa9f6240cdfd0a658acacbe7209dc8c1b144,2,f_wrongstochastic,rule_clause,remove_last_clause,0,R_eq_omega,257,300,300,0.8567,0.7805,0,0,0
f73ca3324a321d80dc3d63e6bf4afa9f6240cdfd0a658acacbe7209dc8c1b144,2,f_wrongstochastic,rule_clause,remove_last_clause,0,R_up_omega,27,300,300,0.09,0.045,0,0,0
f73ca3324a321d80dc3d63e6bf4afa9f6240cdfd0a658acacbe7209dc8c1b144,2,f_wrongstochastic,rule_clause,remove_last_clause,0,R_down_omega,17,300,300,0.0567,0.0226,0,0,0
f73ca3324a321d80dc3d63e6bf4afa9f6240cdfd0a658acacbe7209dc8c1b144,2,f_wrongstochastic,rule_clause,remove_last_clause,0,R_sign_eq,262,300,300,0.8733,0.8,0,0,0
f73ca3324a321d80dc3d63e6bf4afa9f6240cdfd0a658acacbe7209dc8c1b144,2,f_wrongstochastic,case_fact,case_revenue_up,0,R_eq_omega,240,300,300,0.8,0.7162,0,0,0
f73ca3324a321d80dc3d63e6bf4afa9f6240cdfd0a658acacbe7209dc8c1b144,2,f_wrongstochastic,case_fact,case_revenue_up,0,R_up_omega,61,300,300,0.2033,0.1341,0,0,0
f73ca3324a321d80dc3d63e6bf4afa9f6240cdfd0a658acacbe7209dc8c1b144,2,f_wrongstochastic,case_fact,case_revenue_up,0,R_down_omega,0,300,300,0.0,0.0,0,0,0
f73ca3324a321d80dc3d63e6bf4afa9f6240cdfd0a658acacbe7209dc8c1b144,2,f_wrongstochastic,case_fact,case_revenue_up,0,R_sign_eq,255,300,300,0.85,0.7728,0,0,0
f73ca3324a321d80dc3d63e6bf4afa9f6240cdfd0a658acacbe7209dc8c1b144,2,f_wrongstochastic,case_fact,case_revenue_down,0,R_eq_omega,239,300,300,0.7967,0.7125,0,0,0
f73ca3324a321d80dc3d63e6bf4afa9f6240cdfd0a658acacbe7209dc8c1b144,2,f_wrongstochastic,case_fact,case_revenue_down,0,R_up_omega,0,300,300,0.0,0.0,0,0,0
f73ca3324a321d80dc3d63e6bf4afa9f6240cdfd0a658acacbe7209dc8c1b144,2,f_wrongstochastic,case_fact,case_revenue_down,0,R_down_omega,62,300,300,0.2067,0.1369,0,0,0
f73ca3324a321d80dc3d63e6bf4afa9f6240cdfd0a658acacbe7209dc8c1b144,2,f_wrongstochastic,case_fact,case_revenue_down,0,R_sign_eq,254,300,300,0.8467,0.769,0,0,0
f73ca3324a321d80dc3d63e6bf4afa9f6240cdfd0a658acacbe7209dc8c1b144,2,f_wrongstochastic,case_fact,case_team_plus,0,R_eq_omega,258,300,300,0.86,0.7844,0,0,0
f73ca3324a321d80dc3d63e6bf4afa9f6240cdfd0a658acacbe7209dc8c1b144,2,f_wrongstochastic,case_fact,case_team_plus,0,R_up_omega,42,300,300,0.14,0.0825,0,0,0
f73ca3324a321d80dc3d63e6bf4afa9f6240cdfd0a658acacbe7209dc8c1b144,2,f_wrongstochastic,case_fact,case_team_plus,0,R_down_omega,0,300,300,0.0,0.0,0,0,0
f73ca3324a321d80dc3d63e6bf4afa9f6240cdfd0a658acacbe7209dc8c1b144,2,f_wrongstochastic,case_fact,case_team_plus,0,R_sign_eq,266,300,300,0.8867,0.8159,0,0,0
f73ca3324a321d80dc3d63e6bf4afa9f6240cdfd0a658acacbe7209dc8c1b144,2,f_wrongstochastic,case_fact,case_team_minus,0,R_eq_omega,269,300,300,0.8967,0.8279,0,0,0
f73ca3324a321d80dc3d63e6bf4afa9f6240cdfd0a658acacbe7209dc8c1b144,2,f_wrongstochastic,case_fact,case_team_minus,0,R_up_omega,0,300,300,0.0,0.0,0,0,0
f73ca3324a321d80dc3d63e6bf4afa9f6240cdfd0a658acacbe7209dc8c1b144,2,f_wrongstochastic,case_fact,case_team_minus,0,R_down_omega,32,300,300,0.1067,0.0571,0,0,0
f73ca3324a321d80dc3d63e6bf4afa9f6240cdfd0a658acacbe7209dc8c1b144,2,f_wrongstochastic,case_fact,case_team_minus,0,R_sign_eq,266,300,300,0.8867,0.8159,0,0,0
f73ca3324a321d80dc3d63e6bf4afa9f6240cdfd0a658acacbe7209dc8c1b144,2,f_wrongstochastic,case_fact,case_risk_up,0,R_eq_omega,264,300,300,0.88,0.8079,0,0,0
f73ca3324a321d80dc3d63e6bf4afa9f6240cdfd0a658acacbe7209dc8c1b144,2,f_wrongstochastic,case_fact,case_risk_up,0,R_up_omega,0,300,300,0.0,0.0,0,0,0
f73ca3324a321d80dc3d63e6bf4afa9f6240cdfd0a658acacbe7209dc8c1b144,2,f_wrongstochastic,case_fact,case_risk_up,0,R_down_omega,38,300,300,0.1267,0.0722,0,0,0
f73ca3324a321d80dc3d63e6bf4afa9f6240cdfd0a658acacbe7209dc8c1b144,2,f_wrongstochastic,case_fact,case_risk_up,0,R_sign_eq,248,300,300,0.8267,0.7461,0,0,0
f73ca3324a321d80dc3d63e6bf4afa9f6240cdfd0a658acacbe7209dc8c1b144,2,f_wrongstochastic,case_fact,case_risk_down,0,R_eq_omega,271,300,300,0.9033,0.836,0,0,0
f73ca3324a321d80dc3d63e6bf4afa9f6240cdfd0a658acacbe7209dc8c1b144,2,f_wrongstochastic,case_fact,case_risk_down,0,R_up_omega,29,300,300,0.0967,0.0498,0,0,0
f73ca3324a321d80dc3d63e6bf4afa9f6240cdfd0a658acacbe7209dc8c1b144,2,f_wrongstochastic,case_fact,case_risk_down,0,R_down_omega,0,300,300,0.0,0.0,0,0,0
f73ca3324a321d80dc3d63e6bf4afa9f6240cdfd0a658acacbe7209dc8c1b144,2,f_wrongstochastic,case_fact,case_risk_down,0,R_sign_eq,265,300,300,0.8833,0.8119,0,0,0
