seal_sha256,draw,kind,pipeline,axis,t_name,is_identity,r_name,k,n_eff,n_raw,p_hat,cp_lcb,accepted,skipped_low_neff
c533d2dccf8e1b94c4c8024eaf0f6c0d54acd8470b2a14626bc959e28ddf7875,0,invariance,f_track,identity,identity,1,R_eq_omega,500,500,500,1.0,0.9854,1,0
c533d2dccf8e1b94c4c8024eaf0f6c0d54acd8470b2a14626bc959e28ddf7875,0,invariance,f_track,identity,identity,1,R_up_omega,0,500,500,0.0,0.0,0,0
c533d2dccf8e1b94c4c8024eaf0f6c0d54acd8470b2a14626bc959e28ddf7875,0,invariance,f_track,identity,identity,1,R_down_omega,0,500,500,0.0,0.0,0,0
c533d2dccf8e1b94c4c8024eaf0f6c0d54acd8470b2a14626bc959e28ddf7875,0,invariance,f_track,identity,identity,1,R_sign_eq,500,500,500,1.0,0.9854,1,0
c533d2dccf8e1b94c4c8024eaf0f6c0d54acd8470b2a14626bc959e28ddf7875,0,invariance,f_track,order,permute_founders,0,R_eq_omega,372,372,500,1.0,0.9805,1,0
c533d2dccf8e1b94c4c8024eaf0f6c0d54acd8470b2a14626bc959e28ddf7875,0,invariance,f_track,order,permute_founders,0,R_up_omega,0,372,500,0.0,0.0,0,0
c533d2dccf8e1b94c4c8024eaf0f6c0d54acd8470b2a14626bc959e28ddf7875,0,invariance,f_track,order,permute_founders,0,R_down_omega,0,372,500,0.0,0.0,0,0
c533d2dccf8e1b94c4c8024eaf0f6c0d54acd8470b2a14626bc959e28ddf7875,0,invariance,f_track,order,permute_founders,0,R_sign_eq,372,372,500,1.0,0.9805,1,0
c533d2dccf8e1b94c4c8024eaf0f6c0d54acd8470b2a14626bc959e28ddf7875,0,invariance,f_track,order,permute_risks,0,R_eq_omega,336,336,500,1.0,0.9784,1,0
c533d2dccf8e1b94c4c8024eaf0f6c0d54acd8470b2a14626bc959e28ddf7875,0,invariance,f_track,order,permute_risks,0,R_up_omega,0,336,500,0.0,0.0,0,0
c533d2dccf8e1b94c4c8024eaf0f6c0d54acd8470b2a14626bc959e28ddf7875,0,invariance,f_track,order,permute_risks,0,R_down_omega,0,336,500,0.0,0.0,0,0
c533d2dccf8e1b94c4c8024eaf0f6c0d54acd8470b2a14626bc959e28ddf7875,0,invariance,f_track,order,permute_risks,0,R_sign_eq,336,336,500,1.0,0.9784,1,0
c533d2dccf8e1b94c4c8024eaf0f6c0d54acd8470b2a14626bc959e28ddf7875,0,invariance,f_track,optional,replace_description,0,R_eq_omega,500,500,500,1.0,0.9854,1,0
c533d2dccf8e1b94c4c8024eaf0f6c0d54acd8470b2a14626bc959e28ddf7875,0,invariance,f_track,optional,replace_description,0,R_up_omega,0,500,500,0.0,0.0,0,0
c533d2dccf8e1b94c4c8024eaf0f6c0d54acd8470b2a14626bc959e28ddf7875,0,invariance,f_track,optional,replace_description,0,R_down_omega,0,500,500,0.0,0.0,0,0
c533d2dccf8e1b94c4c8024eaf0f6c0d54acd8470b2a14626bc959e28ddf7875,0,invariance,f_track,optional,replace_description,0,R_sign_eq,500,500,500,1.0,0.9854,1,0
c533d2dccf8e1b94c4c8024eaf0f6c0d54acd8470b2a14626bc959e28ddf7875,0,invariance,f_track,optional,blank_description,0,R_eq_omega,500,500,500,1.0,0.9854,1,0
c533d2dccf8e1b94c4c8024eaf0f6c0d54acd8470b2a14626bc959e28ddf7875,0,invariance,f_track,optional,blank_description,0,R_up_omega,0,500,500,0.0,0.0,0,0
c533d2dccf8e1b94c4c8024eaf0f6c0d54acd8470b2a14626bc959e28ddf7875,0,invariance,f_track,optional,blank_description,0,R_down_omega,0,500,500,0.0,0.0,0,0
c533d2dccf8e1b94c4c8024eaf0f6c0d54acd8470b2a14626bc959e28ddf7875,0,invariance,f_track,optional,blank_description,0,R_sign_eq,500,500,500,1.0,0.9854,1,0
c533d2dccf8e1b94c4c8024eaf0f6c0d54acd8470b2a14626bc959e28ddf7875,0,invariance,f_track,non_rule_fact,add_risk_item,0,R_eq_omega,500,500,500,1.0,0.9854,1,0
c533d2dccf8e1b94c4c8024eaf0f6c0d54acd8470b2a14626bc959e28ddf7875,0,invariance,f_track,non_rule_fact,add_risk_item,0,R_up_omega,0,500,500,0.0,0.0,0,0
c533d2dccf8e1b94c4c8024eaf0f6c0d54acd8470b2a14626bc959e28ddf7875,0,invariance,f_track,non_rule_fact,add_risk_item,0,R_down_omega,0,500,500,0.0,0.0,0,0
c533d2dccf8e1b94c4c8024eaf0f6c0d54acd8470b2a14626bc959e28ddf7875,0,invariance,f_track,non_rule_fact,add_risk_item,0,R_sign_eq,500,500,500,1.0,0.9854,1,0
c533d2dccf8e1b94c4c8024eaf0f6c0d54acd8470b2a14626bc959e28ddf7875,0,invariance,f_track,non_rule_fact,drop_risk_item,0,R_eq_omega,419,419,500,1.0,0.9826,1,0
c533d2dccf8e1b94c4c8024eaf0f6c0d54acd8470b2a14626bc959e28ddf7875,0,invariance,f_track,non_rule_fact,drop_risk_item,0,R_up_omega,0,419,500,0.0,0.0,0,0
c533d2dccf8e1b94c4c8024eaf0f6c0d54acd8470b2a14626bc959e28ddf7875,0,invariance,f_track,non_rule_fact,drop_risk_item,0,R_down_omega,0,419,500,0.0,0.0,0,0
c533d2dccf8e1b94c4c8024eaf0f6c0d54acd8470b2a14626bc959e28ddf7875,0,invariance,f_track,non_rule_fact,drop_risk_item,0,R_sign_eq,419,419,500,1.0,0.9826,1,0
c533d2dccf8e1b94c4c8024eaf0f6c0d54acd8470b2a14626bc959e28ddf7875,0,invariance,f_track,non_rule_fact,bump_founder_experience,0,R_eq_omega,500,500,500,1.0,0.9854,1,0
c533d2dccf8e1b94c4c8024eaf0f6c0d54acd8470b2a14626bc959e28ddf7875,0,invariance,f_track,non_rule_fact,bump_founder_experience,0,R_up_omega,0,500,500,0.0,0.0,0,0
c533d2dccf8e1b94c4c8024eaf0f6c0d54acd8470b2a14626bc959e28ddf7875,0,invariance,f_track,non_rule_fact,bump_founder_experience,0,R_down_omega,0,500,500,0.0,0.0,0,0
c533d2dccf8e1b94c4c8024eaf0f6c0d54acd8470b2a14626bc959e28ddf7875,0,invariance,f_track,non_rule_fact,bump_founder_experience,0,R_sign_eq,500,500,500,1.0,0.9854,1,0
c533d2dccf8e1b94c4c8024eaf0f6c0d54acd8470b2a14626bc959e28ddf7875,0,invariance,f_ruleblind,identity,identity,1,R_eq_omega,500,500,500,1.0,0.9854,1,0
c533d2dccf8e1b94c4c8024eaf0f6c0d54acd8470b2a14626bc959e28ddf7875,0,invariance,f_ruleblind,identity,identity,1,R_up_omega,0,500,500,0.0,0.0,0,0
c533d2dccf8e1b94c4c8024eaf0f6c0d54acd8470b2a14626bc959e28ddf7875,0,invariance,f_ruleblind,identity,identity,1,R_down_omega,0,500,500,0.0,0.0,0,0
c533d2dccf8e1b94c4c8024eaf0f6c0d54acd8470b2a14626bc959e28ddf7875,0,invariance,f_ruleblind,identity,identity,1,R_sign_eq,497,500,500,0.994,0.9731,1,0
c533d2dccf8e1b94c4c8024eaf0f6c0d54acd8470b2a14626bc959e28ddf7875,0,invariance,f_ruleblind,order,permute_founders,0,R_eq_omega,372,372,500,1.0,0.9805,1,0
c533d2dccf8e1b94c4c8024eaf0f6c0d54acd8470b2a14626bc959e28ddf7875,0,invariance,f_ruleblind,order,permute_founders,0,R_up_omega,0,372,500,0.0,0.0,0,0
c533d2dccf8e1b94c4c8024eaf0f6c0d54acd8470b2a14626bc959e28ddf7875,0,invariance,f_ruleblind,order,permute_founders,0,R_down_omega,0,372,500,0.0,0.0,0,0
c533d2dccf8e1b94c4c8024eaf0f6c0d54acd8470b2a14626bc959e28ddf7875,0,invariance,f_ruleblind,order,permute_founders,0,R_sign_eq,370,372,500,0.9946,0.9688,1,0
c533d2dccf8e1b94c4c8024eaf0f6c0d54acd8470b2a14626bc959e28ddf7875,0,invariance,f_ruleblind,order,permute_risks,0,R_eq_omega,336,336,500,1.0,0.9784,1,0
c533d2dccf8e1b94c4c8024eaf0f6c0d54acd8470b2a14626bc959e28ddf7875,0,invariance,f_ruleblind,order,permute_risks,0,R_up_omega,0,336,500,0.0,0.0,0,0
c533d2dccf8e1b94c4c8024eaf0f6c0d54acd8470b2a14626bc959e28ddf7875,0,invariance,f_ruleblind,order,permute_risks,0,R_down_omega,0,336,500,0.0,0.0,0,0
c533d2dccf8e1b94c4c8024eaf0f6c0d54acd8470b2a14626bc959e28ddf7875,0,invariance,f_ruleblind,order,permute_risks,0,R_sign_eq,335,336,500,0.997,0.9715,1,0
c533d2dccf8e1b94c4c8024eaf0f6c0d54acd8470b2a14626bc959e28ddf7875,0,invariance,f_ruleblind,optional,replace_description,0,R_eq_omega,500,500,500,1.0,0.9854,1,0
c533d2dccf8e1b94c4c8024eaf0f6c0d54acd8470b2a14626bc959e28ddf7875,0,invariance,f_ruleblind,optional,replace_description,0,R_up_omega,0,500,500,0.0,0.0,0,0
c533d2dccf8e1b94c4c8024eaf0f6c0d54acd8470b2a14626bc959e28ddf7875,0,invariance,f_ruleblind,optional,replace_description,0,R_down_omega,0,500,500,0.0,0.0,0,0
c533d2dccf8e1b94c4c8024eaf0f6c0d54acd8470b2a14626bc959e28ddf7875,0,invariance,f_ruleblind,optional,replace_description,0,R_sign_eq,497,500,500,0.994,0.9731,1,0
c533d2dccf8e1b94c4c8024eaf0f6c0d54acd8470b2a14626bc959e28ddf7875,0,invariance,f_ruleblind,optional,blank_description,0,R_eq_omega,500,500,500,1.0,0.9854,1,0
c533d2dccf8e1b94c4c8024eaf0f6c0d54acd8470b2a14626bc959e28ddf7875,0,invariance,f_ruleblind,optional,blank_description,0,R_up_omega,0,500,500,0.0,0.0,0,0
c533d2dccf8e1b94c4c8024eaf0f6c0d54acd8470b2a14626bc959e28ddf7875,0,invariance,f_ruleblind,optional,blank_description,0,R_down_omega,0,500,500,0.0,0.0,0,0
c533d2dccf8e1b94c4c8024eaf0f6c0d54acd8470b2a14626bc959e28ddf7875,0,invariance,f_ruleblind,optional,blank_description,0,R_sign_eq,497,500,500,0.994,0.9731,1,0
c533d2dccf8e1b94c4c8024eaf0f6c0d54acd8470b2a14626bc959e28ddf7875,0,invariance,f_ruleblind,non_rule_fact,add_risk_item,0,R_eq_omega,500,500,500,1.0,0.9854,1,0
c533d2dccf8e1b94c4c8024eaf0f6c0d54acd8470b2a14626bc959e28ddf7875,0,invariance,f_ruleblind,non_rule_fact,add_risk_item,0,R_up_omega,0,500,500,0.0,0.0,0,0
c533d2dccf8e1b94c4c8024eaf0f6c0d54acd8470b2a14626bc959e28ddf7875,0,invariance,f_ruleblind,non_rule_fact,add_risk_item,0,R_down_omega,0,500,500,0.0,0.0,0,0
c533d2dccf8e1b94c4c8024eaf0f6c0d54acd8470b2a14626bc959e28ddf7875,0,invariance,f_ruleblind,non_rule_fact,add_risk_item,0,R_sign_eq,497,500,500,0.994,0.9731,1,0
c533d2dccf8e1b94c4c8024eaf0f6c0d54acd8470b2a14626bc959e28ddf7875,0,invariance,f_ruleblind,non_rule_fact,drop_risk_item,0,R_eq_omega,419,419,500,1.0,0.9826,1,0
c533d2dccf8e1b94c4c8024eaf0f6c0d54acd8470b2a14626bc959e28ddf7875,0,invariance,f_ruleblind,non_rule_fact,drop_risk_item,0,R_up_omega,0,419,500,0.0,0.0,0,0
c533d2dccf8e1b94c4c8024eaf0f6c0d54acd8470b2a14626bc959e28ddf7875,0,invariance,f_ruleblind,non_rule_fact,drop_risk_item,0,R_down_omega,0,419,500,0.0,0.0,0,0
c533d2dccf8e1b94c4c8024eaf0f6c0d54acd8470b2a14626bc959e28ddf7875,0,invariance,f_ruleblind,non_rule_fact,drop_risk_item,0,R_sign_eq,416,419,500,0.9928,0.9679,1,0
c533d2dccf8e1b94c4c8024eaf0f6c0d54acd8470b2a14626bc959e28ddf7875,0,invariance,f_ruleblind,non_rule_fact,bump_founder_experience,0,R_eq_omega,500,500,500,1.0,0.9854,1,0
c533d2dccf8e1b94c4c8024eaf0f6c0d54acd8470b2a14626bc959e28ddf7875,0,invariance,f_ruleblind,non_rule_fact,bump_founder_experience,0,R_up_omega,0,500,500,0.0,0.0,0,0
c533d2dccf8e1b94c4c8024eaf0f6c0d54acd8470b2a14626bc959e28ddf7875,0,invariance,f_ruleblind,non_rule_fact,bump_founder_experience,0,R_down_omega,0,500,500,0.0,0.0,0,0
c533d2dccf8e1b94c4c8024eaf0f6c0d54acd8470b2a14626bc959e28ddf7875,0,invariance,f_ruleblind,non_rule_fact,bump_founder_experience,0,R_sign_eq,497,500,500,0.994,0.9731,1,0
c533d2dccf8e1b94c4c8024eaf0f6c0d54acd8470b2a14626bc959e28ddf7875,0,invariance,f_constant,identity,identity,1,R_eq_omega,500,500,500,1.0,0.9854,1,0
c533d2dccf8e1b94c4c8024eaf0f6c0d54acd8470b2a14626bc959e28ddf7875,0,invariance,f_constant,identity,identity,1,R_up_omega,0,500,500,0.0,0.0,0,0
c533d2dccf8e1b94c4c8024eaf0f6c0d54acd8470b2a14626bc959e28ddf7875,0,invariance,f_constant,identity,identity,1,R_down_omega,0,500,500,0.0,0.0,0,0
c533d2dccf8e1b94c4c8024eaf0f6c0d54acd8470b2a14626bc959e28ddf7875,0,invariance,f_constant,identity,identity,1,R_sign_eq,439,500,500,0.878,0.8245,0,0
c533d2dccf8e1b94c4c8024eaf0f6c0d54acd8470b2a14626bc959e28ddf7875,0,invariance,f_constant,order,permute_founders,0,R_eq_omega,372,372,500,1.0,0.9805,1,0
c533d2dccf8e1b94c4c8024eaf0f6c0d54acd8470b2a14626bc959e28ddf7875,0,invariance,f_constant,order,permute_founders,0,R_up_omega,0,372,500,0.0,0.0,0,0
c533d2dccf8e1b94c4c8024eaf0f6c0d54acd8470b2a14626bc959e28ddf7875,0,invariance,f_constant,order,permute_founders,0,R_down_omega,0,372,500,0.0,0.0,0,0
c533d2dccf8e1b94c4c8024eaf0f6c0d54acd8470b2a14626bc959e28ddf7875,0,invariance,f_constant,order,permute_founders,0,R_sign_eq,330,372,500,0.8871,0.8254,0,0
c533d2dccf8e1b94c4c8024eaf0f6c0d54acd8470b2a14626bc959e28ddf7875,0,invariance,f_constant,order,permute_risks,0,R_eq_omega,336,336,500,1.0,0.9784,1,0
c533d2dccf8e1b94c4c8024eaf0f6c0d54acd8470b2a14626bc959e28ddf7875,0,invariance,f_constant,order,permute_risks,0,R_up_omega,0,336,500,0.0,0.0,0,0
c533d2dccf8e1b94c4c8024eaf0f6c0d54acd8470b2a14626bc959e28ddf7875,0,invariance,f_constant,order,permute_risks,0,R_down_omega,0,336,500,0.0,0.0,0,0
c533d2dccf8e1b94c4c8024eaf0f6c0d54acd8470b2a14626bc959e28ddf7875,0,invariance,f_constant,order,permute_risks,0,R_sign_eq,295,336,500,0.878,0.8109,0,0
c533d2dccf8e1b94c4c8024eaf0f6c0d54acd8470b2a14626bc959e28ddf7875,0,invariance,f_constant,optional,replace_description,0,R_eq_omega,500,500,500,1.0,0.9854,1,0
c533d2dccf8e1b94c4c8024eaf0f6c0d54acd8470b2a14626bc959e28ddf7875,0,invariance,f_constant,optional,replace_description,0,R_up_omega,0,500,500,0.0,0.0,0,0
c533d2dccf8e1b94c4c8024eaf0f6c0d54acd8470b2a14626bc959e28ddf7875,0,invariance,f_constant,optional,replace_description,0,R_down_omega,0,500,500,0.0,0.0,0,0
c533d2dccf8e1b94c4c8024eaf0f6c0d54acd8470b2a14626bc959e28ddf7875,0,invariance,f_constant,optional,replace_description,0,R_sign_eq,439,500,500,0.878,0.8245,0,0
c533d2dccf8e1b94c4c8024eaf0f6c0d54acd8470b2a14626bc959e28ddf7875,0,invariance,f_constant,optional,blank_description,0,R_eq_omega,500,500,500,1.0,0.9854,1,0
c533d2dccf8e1b94c4c8024eaf0f6c0d54acd8470b2a14626bc959e28ddf7875,0,invariance,f_constant,optional,blank_description,0,R_up_omega,0,500,500,0.0,0.0,0,0
c533d2dccf8e1b94c4c8024eaf0f6c0d54acd8470b2a14626bc959e28ddf7875,0,invariance,f_constant,optional,blank_description,0,R_down_omega,0,500,500,0.0,0.0,0,0
c533d2dccf8e1b94c4c8024eaf0f6c0d54acd8470b2a14626bc959e28ddf7875,0,invariance,f_constant,optional,blank_description,0,R_sign_eq,439,500,500,0.878,0.8245,0,0
c533d2dccf8e1b94c4c8024eaf0f6c0d54acd8470b2a14626bc959e28ddf7875,0,invariance,f_constant,non_rule_fact,add_risk_item,0,R_eq_omega,500,500,500,1.0,0.9854,1,0
c533d2dccf8e1b94c4c8024eaf0f6c0d54acd8470b2a14626bc959e28ddf7875,0,invariance,f_constant,non_rule_fact,add_risk_item,0,R_up_omega,0,500,500,0.0,0.0,0,0
c533d2dccf8e1b94c4c8024eaf0f6c0d54acd8470b2a14626bc959e28ddf7875,0,invariance,f_constant,non_rule_fact,add_risk_item,0,R_down_omega,0,500,500,0.0,0.0,0,0
c533d2dccf8e1b94c4c8024eaf0f6c0d54acd8470b2a14626bc959e28ddf7875,0,invariance,f_constant,non_rule_fact,add_risk_item,0,R_sign_eq,439,500,500,0.878,0.8245,0,0
c533d2dccf8e1b94c4c8024eaf0f6c0d54acd8470b2a14626bc959e28ddf7875,0,invariance,f_constant,non_rule_fact,drop_risk_item,0,R_eq_omega,419,419,500,1.0,0.9826,1,0
c533d2dccf8e1b94c4c8024eaf0f6c0d54acd8470b2a14626bc959e28ddf7875,0,invariance,f_constant,non_rule_fact,drop_risk_item,0,R_up_omega,0,419,500,0.0,0.0,0,0
c533d2dccf8e1b94c4c8024eaf0f6c0d54acd8470b2a14626bc959e28ddf7875,0,invariance,f_constant,non_rule_fact,drop_risk_item,0,R_down_omega,0,419,500,0.0,0.0,0,0
c533d2dccf8e1b94c4c8024eaf0f6c0d54acd8470b2a14626bc959e28ddf7875,0,invariance,f_constant,non_rule_fact,drop_risk_item,0,R_sign_eq,364,419,500,0.8687,0.8082,0,0
c533d2dccf8e1b94c4c8024eaf0f6c0d54acd8470b2a14626bc959e28ddf7875,0,invariance,f_constant,non_rule_fact,bump_founder_experience,0,R_eq_omega,500,500,500,1.0,0.9854,1,0
c533d2dccf8e1b94c4c8024eaf0f6c0d54acd8470b2a14626bc959e28ddf7875,0,invariance,f_constant,non_rule_fact,bump_founder_experience,0,R_up_omega,0,500,500,0.0,0.0,0,0
c533d2dccf8e1b94c4c8024eaf0f6c0d54acd8470b2a14626bc959e28ddf7875,0,invariance,f_constant,non_rule_fact,bump_founder_experience,0,R_down_omega,0,500,500,0.0,0.0,0,0
c533d2dccf8e1b94c4c8024eaf0f6c0d54acd8470b2a14626bc959e28ddf7875,0,invariance,f_constant,non_rule_fact,bump_founder_experience,0,R_sign_eq,439,500,500,0.878,0.8245,0,0
c533d2dccf8e1b94c4c8024eaf0f6c0d54acd8470b2a14626bc959e28ddf7875,0,invariance,f_wrongstatic,identity,identity,1,R_eq_omega,500,500,500,1.0,0.9854,1,0
c533d2dccf8e1b94c4c8024eaf0f6c0d54acd8470b2a14626bc959e28ddf7875,0,invariance,f_wrongstatic,identity,identity,1,R_up_omega,0,500,500,0.0,0.0,0,0
c533d2dccf8e1b94c4c8024eaf0f6c0d54acd8470b2a14626bc959e28ddf7875,0,invariance,f_wrongstatic,identity,identity,1,R_down_omega,0,500,500,0.0,0.0,0,0
c533d2dccf8e1b94c4c8024eaf0f6c0d54acd8470b2a14626bc959e28ddf7875,0,invariance,f_wrongstatic,identity,identity,1,R_sign_eq,500,500,500,1.0,0.9854,1,0
c533d2dccf8e1b94c4c8024eaf0f6c0d54acd8470b2a14626bc959e28ddf7875,0,invariance,f_wrongstatic,order,permute_founders,0,R_eq_omega,372,372,500,1.0,0.9805,1,0
c533d2dccf8e1b94c4c8024eaf0f6c0d54acd8470b2a14626bc959e28ddf7875,0,invariance,f_wrongstatic,order,permute_founders,0,R_up_omega,0,372,500,0.0,0.0,0,0
c533d2dccf8e1b94c4c8024eaf0f6c0d54acd8470b2a14626bc959e28ddf7875,0,invariance,f_wrongstatic,order,permute_founders,0,R_down_omega,0,372,500,0.0,0.0,0,0
c533d2dccf8e1b94c4c8024eaf0f6c0d54acd8470b2a14626bc959e28ddf7875,0,invariance,f_wrongstatic,order,permute_founders,0,R_sign_eq,372,372,500,1.0,0.9805,1,0
c533d2dccf8e1b94c4c8024eaf0f6c0d54acd8470b2a14626bc959e28ddf7875,0,invariance,f_wrongstatic,order,permute_risks,0,R_eq_omega,336,336,500,1.0,0.9784,1,0
c533d2dccf8e1b94c4c8024eaf0f6c0d54acd8470b2a14626bc959e28ddf7875,0,invariance,f_wrongstatic,order,permute_risks,0,R_up_omega,0,336,500,0.0,0.0,0,0
c533d2dccf8e1b94c4c8024eaf0f6c0d54acd8470b2a14626bc959e28ddf7875,0,invariance,f_wrongstatic,order,permute_risks,0,R_down_omega,0,336,500,0.0,0.0,0,0
c533d2dccf8e1b94c4c8024eaf0f6c0d54acd8470b2a14626bc959e28ddf7875,0,invariance,f_wrongstatic,order,permute_risks,0,R_sign_eq,336,336,500,1.0,0.9784,1,0
c533d2dccf8e1b94c4c8024eaf0f6c0d54acd8470b2a14626bc959e28ddf7875,0,invariance,f_wrongstatic,optional,replace_description,0,R_eq_omega,500,500,500,1.0,0.9854,1,0
c533d2dccf8e1b94c4c8024eaf0f6c0d54acd8470b2a14626bc959e28ddf7875,0,invariance,f_wrongstatic,optional,replace_description,0,R_up_omega,0,500,500,0.0,0.0,0,0
c533d2dccf8e1b94c4c8024eaf0f6c0d54acd8470b2a14626bc959e28ddf7875,0,invariance,f_wrongstatic,optional,replace_description,0,R_down_omega,0,500,500,0.0,0.0,0,0
c533d2dccf8e1b94c4c8024eaf0f6c0d54acd8470b2a14626bc959e28ddf7875,0,invariance,f_wrongstatic,optional,replace_description,0,R_sign_eq,500,500,500,1.0,0.9854,1,0
c533d2dccf8e1b94c4c8024eaf0f6c0d54acd8470b2a14626bc959e28ddf7875,0,invariance,f_wrongstatic,optional,blank_description,0,R_eq_omega,500,500,500,1.0,0.9854,1,0
c533d2dccf8e1b94c4c8024eaf0f6c0d54acd8470b2a14626bc959e28ddf7875,0,invariance,f_wrongstatic,optional,blank_description,0,R_up_omega,0,500,500,0.0,0.0,0,0
c533d2dccf8e1b94c4c8024eaf0f6c0d54acd8470b2a14626bc959e28ddf7875,0,invariance,f_wrongstatic,optional,blank_description,0,R_down_omega,0,500,500,0.0,0.0,0,0
c533d2dccf8e1b94c4c8024eaf0f6c0d54acd8470b2a14626bc959e28ddf7875,0,invariance,f_wrongstatic,optional,blank_description,0,R_sign_eq,500,500,500,1.0,0.9854,1,0
c533d2dccf8e1b94c4c8024eaf0f6c0d54acd8470b2a14626bc959e28ddf7875,0,invariance,f_wrongstatic,non_rule_fact,add_risk_item,0,R_eq_omega,500,500,500,1.0,0.9854,1,0
c533d2dccf8e1b94c4c8024eaf0f6c0d54acd8470b2a14626bc959e28ddf7875,0,invariance,f_wrongstatic,non_rule_fact,add_risk_item,0,R_up_omega,0,500,500,0.0,0.0,0,0
c533d2dccf8e1b94c4c8024eaf0f6c0d54acd8470b2a14626bc959e28ddf7875,0,invariance,f_wrongstatic,non_rule_fact,add_risk_item,0,R_down_omega,0,500,500,0.0,0.0,0,0
c533d2dccf8e1b94c4c8024eaf0f6c0d54acd8470b2a14626bc959e28ddf7875,0,invariance,f_wrongstatic,non_rule_fact,add_risk_item,0,R_sign_eq,500,500,500,1.0,0.9854,1,0
c533d2dccf8e1b94c4c8024eaf0f6c0d54acd8470b2a14626bc959e28ddf7875,0,invariance,f_wrongstatic,non_rule_fact,drop_risk_item,0,R_eq_omega,419,419,500,1.0,0.9826,1,0
c533d2dccf8e1b94c4c8024eaf0f6c0d54acd8470b2a14626bc959e28ddf7875,0,invariance,f_wrongstatic,non_rule_fact,drop_risk_item,0,R_up_omega,0,419,500,0.0,0.0,0,0
c533d2dccf8e1b94c4c8024eaf0f6c0d54acd8470b2a14626bc959e28ddf7875,0,invariance,f_wrongstatic,non_rule_fact,drop_risk_item,0,R_down_omega,0,419,500,0.0,0.0,0,0
c533d2dccf8e1b94c4c8024eaf0f6c0d54acd8470b2a14626bc959e28ddf7875,0,invariance,f_wrongstatic,non_rule_fact,drop_risk_item,0,R_sign_eq,419,419,500,1.0,0.9826,1,0
c533d2dccf8e1b94c4c8024eaf0f6c0d54acd8470b2a14626bc959e28ddf7875,0,invariance,f_wrongstatic,non_rule_fact,bump_founder_experience,0,R_eq_omega,500,500,500,1.0,0.9854,1,0
c533d2dccf8e1b94c4c8024eaf0f6c0d54acd8470b2a14626bc959e28ddf7875,0,invariance,f_wrongstatic,non_rule_fact,bump_founder_experience,0,R_up_omega,0,500,500,0.0,0.0,0,0
c533d2dccf8e1b94c4c8024eaf0f6c0d54acd8470b2a14626bc959e28ddf7875,0,invariance,f_wrongstatic,non_rule_fact,bump_founder_experience,0,R_down_omega,0,500,500,0.0,0.0,0,0
c533d2dccf8e1b94c4c8024eaf0f6c0d54acd8470b2a14626bc959e28ddf7875,0,invariance,f_wrongstatic,non_rule_fact,bump_founder_experience,0,R_sign_eq,500,500,500,1.0,0.9854,1,0
c533d2dccf8e1b94c4c8024eaf0f6c0d54acd8470b2a14626bc959e28ddf7875,0,invariance,f_wrongstochastic,identity,identity,1,R_eq_omega,500,500,500,1.0,0.9854,1,0
c533d2dccf8e1b94c4c8024eaf0f6c0d54acd8470b2a14626bc959e28ddf7875,0,invariance,f_wrongstochastic,identity,identity,1,R_up_omega,0,500,500,0.0,0.0,0,0
c533d2dccf8e1b94c4c8024eaf0f6c0d54acd8470b2a14626bc959e28ddf7875,0,invariance,f_wrongstochastic,identity,identity,1,R_down_omega,0,500,500,0.0,0.0,0,0
c533d2dccf8e1b94c4c8024eaf0f6c0d54acd8470b2a14626bc959e28ddf7875,0,invariance,f_wrongstochastic,identity,identity,1,R_sign_eq,462,500,500,0.924,0.8786,0,0
c533d2dccf8e1b94c4c8024eaf0f6c0d54acd8470b2a14626bc959e28ddf7875,0,invariance,f_wrongstochastic,order,permute_founders,0,R_eq_omega,372,372,500,1.0,0.9805,1,0
c533d2dccf8e1b94c4c8024eaf0f6c0d54acd8470b2a14626bc959e28ddf7875,0,invariance,f_wrongstochastic,order,permute_founders,0,R_up_omega,0,372,500,0.0,0.0,0,0
c533d2dccf8e1b94c4c8024eaf0f6c0d54acd8470b2a14626bc959e28ddf7875,0,invariance,f_wrongstochastic,order,permute_founders,0,R_down_omega,0,372,500,0.0,0.0,0,0
c533d2dccf8e1b94c4c8024eaf0f6c0d54acd8470b2a14626bc959e28ddf7875,0,invariance,f_wrongstochastic,order,permute_founders,0,R_sign_eq,347,372,500,0.9328,0.8809,0,0
c533d2dccf8e1b94c4c8024eaf0f6c0d54acd8470b2a14626bc959e28ddf7875,0,invariance,f_wrongstochastic,order,permute_risks,0,R_eq_omega,336,336,500,1.0,0.9784,1,0
c533d2dccf8e1b94c4c8024eaf0f6c0d54acd8470b2a14626bc959e28ddf7875,0,invariance,f_wrongstochastic,order,permute_risks,0,R_up_omega,0,336,500,0.0,0.0,0,0
c533d2dccf8e1b94c4c8024eaf0f6c0d54acd8470b2a14626bc959e28ddf7875,0,invariance,f_wrongstochastic,order,permute_risks,0,R_down_omega,0,336,500,0.0,0.0,0,0
c533d2dccf8e1b94c4c8024eaf0f6c0d54acd8470b2a14626bc959e28ddf7875,0,invariance,f_wrongstochastic,order,permute_risks,0,R_sign_eq,310,336,500,0.9226,0.8648,0,0
c533d2dccf8e1b94c4c8024eaf0f6c0d54acd8470b2a14626bc959e28ddf7875,0,invariance,f_wrongstochastic,optional,replace_description,0,R_eq_omega,500,500,500,1.0,0.9854,1,0
c533d2dccf8e1b94c4c8024eaf0f6c0d54acd8470b2a14626bc959e28ddf7875,0,invariance,f_wrongstochastic,optional,replace_description,0,R_up_omega,0,500,500,0.0,0.0,0,0
c533d2dccf8e1b94c4c8024eaf0f6c0d54acd8470b2a14626bc959e28ddf7875,0,invariance,f_wrongstochastic,optional,replace_description,0,R_down_omega,0,500,500,0.0,0.0,0,0
c533d2dccf8e1b94c4c8024eaf0f6c0d54acd8470b2a14626bc959e28ddf7875,0,invariance,f_wrongstochastic,optional,replace_description,0,R_sign_eq,462,500,500,0.924,0.8786,0,0
c533d2dccf8e1b94c4c8024eaf0f6c0d54acd8470b2a14626bc959e28ddf7875,0,invariance,f_wrongstochastic,optional,blank_description,0,R_eq_omega,500,500,500,1.0,0.9854,1,0
c533d2dccf8e1b94c4c8024eaf0f6c0d54acd8470b2a14626bc959e28ddf7875,0,invariance,f_wrongstochastic,optional,blank_description,0,R_up_omega,0,500,500,0.0,0.0,0,0
c533d2dccf8e1b94c4c8024eaf0f6c0d54acd8470b2a14626bc959e28ddf7875,0,invariance,f_wrongstochastic,optional,blank_description,0,R_down_omega,0,500,500,0.0,0.0,0,0
c533d2dccf8e1b94c4c8024eaf0f6c0d54acd8470b2a14626bc959e28ddf7875,0,invariance,f_wrongstochastic,optional,blank_description,0,R_sign_eq,462,500,500,0.924,0.8786,0,0
c533d2dccf8e1b94c4c8024eaf0f6c0d54acd8470b2a14626bc959e28ddf7875,0,invariance,f_wrongstochastic,non_rule_fact,add_risk_item,0,R_eq_omega,500,500,500,1.0,0.9854,1,0
c533d2dccf8e1b94c4c8024eaf0f6c0d54acd8470b2a14626bc959e28ddf7875,0,invariance,f_wrongstochastic,non_rule_fact,add_risk_item,0,R_up_omega,0,500,500,0.0,0.0,0,0
c533d2dccf8e1b94c4c8024eaf0f6c0d54acd8470b2a14626bc959e28ddf7875,0,invariance,f_wrongstochastic,non_rule_fact,add_risk_item,0,R_down_omega,0,500,500,0.0,0.0,0,0
c533d2dccf8e1b94c4c8024eaf0f6c0d54acd8470b2a14626bc959e28ddf7875,0,invariance,f_wrongstochastic,non_rule_fact,add_risk_item,0,R_sign_eq,462,500,500,0.924,0.8786,0,0
c533d2dccf8e1b94c4c8024eaf0f6c0d54acd8470b2a14626bc959e28ddf7875,0,invariance,f_wrongstochastic,non_rule_fact,drop_risk_item,0,R_eq_omega,419,419,500,1.0,0.9826,1,0
c533d2dccf8e1b94c4c8024eaf0f6c0d54acd8470b2a14626bc959e28ddf7875,0,invariance,f_wrongstochastic,non_rule_fact,drop_risk_item,0,R_up_omega,0,419,500,0.0,0.0,0,0
c533d2dccf8e1b94c4c8024eaf0f6c0d54acd8470b2a14626bc959e28ddf7875,0,invariance,f_wrongstochastic,non_rule_fact,drop_risk_item,0,R_down_omega,0,419,500,0.0,0.0,0,0
c533d2dccf8e1b94c4c8024eaf0f6c0d54acd8470b2a14626bc959e28ddf7875,0,invariance,f_wrongstochastic,non_rule_fact,drop_risk_item,0,R_sign_eq,388,419,500,0.926,0.8761,0,0
c533d2dccf8e1b94c4c8024eaf0f6c0d54acd8470b2a14626bc959e28ddf7875,0,invariance,f_wrongstochastic,non_rule_fact,bump_founder_experience,0,R_eq_omega,500,500,500,1.0,0.9854,1,0
c533d2dccf8e1b94c4c8024eaf0f6c0d54acd8470b2a14626bc959e28ddf7875,0,invariance,f_wrongstochastic,non_rule_fact,bump_founder_experience,0,R_up_omega,0,500,500,0.0,0.0,0,0
c533d2dccf8e1b94c4c8024eaf0f6c0d54acd8470b2a14626bc959e28ddf7875,0,invariance,f_wrongstochastic,non_rule_fact,bump_founder_experience,0,R_down_omega,0,500,500,0.0,0.0,0,0
c533d2dccf8e1b94c4c8024eaf0f6c0d54acd8470b2a14626bc959e28ddf7875,0,invariance,f_wrongstochastic,non_rule_fact,bump_founder_experience,0,R_sign_eq,462,500,500,0.924,0.8786,0,0
c533d2dccf8e1b94c4c8024eaf0f6c0d54acd8470b2a14626bc959e28ddf7875,0,directional,f_track,rule_threshold,strengthen_revenue_threshold,0,directional_rates,113,113,500,1.0,0.9371,1,0
c533d2dccf8e1b94c4c8024eaf0f6c0d54acd8470b2a14626bc959e28ddf7875,0,directional,f_track,rule_threshold,weaken_revenue_threshold,0,directional_rates,94,94,500,1.0,0.9249,1,0
c533d2dccf8e1b94c4c8024eaf0f6c0d54acd8470b2a14626bc959e28ddf7875,0,directional,f_track,rule_threshold,strengthen_team_threshold,0,directional_rates,136,136,500,1.0,0.9475,1,0
c533d2dccf8e1b94c4c8024eaf0f6c0d54acd8470b2a14626bc959e28ddf7875,0,directional,f_track,rule_threshold,weaken_team_threshold,0,directional_rates,63,63,500,1.0,0.89,0,0
c533d2dccf8e1b94c4c8024eaf0f6c0d54acd8470b2a14626bc959e28ddf7875,0,directional,f_track,rule_threshold,strengthen_risk_threshold,0,directional_rates,113,113,500,1.0,0.9371,1,0
c533d2dccf8e1b94c4c8024eaf0f6c0d54acd8470b2a14626bc959e28ddf7875,0,directional,f_track,rule_threshold,weaken_risk_threshold,0,directional_rates,95,95,500,1.0,0.9257,1,0
c533d2dccf8e1b94c4c8024eaf0f6c0d54acd8470b2a14626bc959e28ddf7875,0,directional,f_track,rule_clause,add_strict_clause,0,directional_rates,269,330,500,0.8152,0.7383,0,0
c533d2dccf8e1b94c4c8024eaf0f6c0d54acd8470b2a14626bc959e28ddf7875,0,directional,f_track,rule_clause,remove_last_clause,0,directional_rates,143,143,500,1.0,0.95,1,0
c533d2dccf8e1b94c4c8024eaf0f6c0d54acd8470b2a14626bc959e28ddf7875,0,directional,f_track,rule_clause,add_passing_clause,0,directional_rates,42,164,500,0.2561,0.1561,0,0
c533d2dccf8e1b94c4c8024eaf0f6c0d54acd8470b2a14626bc959e28ddf7875,0,directional,f_track,case_fact,case_revenue_up,0,directional_rates,94,94,500,1.0,0.9249,1,0
c533d2dccf8e1b94c4c8024eaf0f6c0d54acd8470b2a14626bc959e28ddf7875,0,directional,f_track,case_fact,case_revenue_down,0,directional_rates,113,113,500,1.0,0.9371,1,0
c533d2dccf8e1b94c4c8024eaf0f6c0d54acd8470b2a14626bc959e28ddf7875,0,directional,f_track,case_fact,case_team_plus,0,directional_rates,63,63,500,1.0,0.89,0,0
c533d2dccf8e1b94c4c8024eaf0f6c0d54acd8470b2a14626bc959e28ddf7875,0,directional,f_track,case_fact,case_team_minus,0,directional_rates,69,69,500,1.0,0.8991,0,0
c533d2dccf8e1b94c4c8024eaf0f6c0d54acd8470b2a14626bc959e28ddf7875,0,directional,f_track,case_fact,case_risk_up,0,directional_rates,169,169,500,1.0,0.9575,1,0
c533d2dccf8e1b94c4c8024eaf0f6c0d54acd8470b2a14626bc959e28ddf7875,0,directional,f_track,case_fact,case_risk_down,0,directional_rates,156,156,500,1.0,0.954,1,0
c533d2dccf8e1b94c4c8024eaf0f6c0d54acd8470b2a14626bc959e28ddf7875,0,directional,f_ruleblind,rule_threshold,strengthen_revenue_threshold,0,directional_rates,0,113,500,0.0,0.0,0,0
c533d2dccf8e1b94c4c8024eaf0f6c0d54acd8470b2a14626bc959e28ddf7875,0,directional,f_ruleblind,rule_threshold,weaken_revenue_threshold,0,directional_rates,0,94,500,0.0,0.0,0,0
c533d2dccf8e1b94c4c8024eaf0f6c0d54acd8470b2a14626bc959e28ddf7875,0,directional,f_ruleblind,rule_threshold,strengthen_team_threshold,0,directional_rates,0,136,500,0.0,0.0,0,0
c533d2dccf8e1b94c4c8024eaf0f6c0d54acd8470b2a14626bc959e28ddf7875,0,directional,f_ruleblind,rule_threshold,weaken_team_threshold,0,directional_rates,0,63,500,0.0,0.0,0,0
c533d2dccf8e1b94c4c8024eaf0f6c0d54acd8470b2a14626bc959e28ddf7875,0,directional,f_ruleblind,rule_threshold,strengthen_risk_threshold,0,directional_rates,0,113,500,0.0,0.0,0,0
c533d2dccf8e1b94c4c8024eaf0f6c0d54acd8470b2a14626bc959e28ddf7875,0,directional,f_ruleblind,rule_threshold,weaken_risk_threshold,0,directional_rates,0,95,500,0.0,0.0,0,0
c533d2dccf8e1b94c4c8024eaf0f6c0d54acd8470b2a14626bc959e28ddf7875,0,directional,f_ruleblind,rule_clause,add_strict_clause,0,directional_rates,0,330,500,0.0,0.0,0,0
c533d2dccf8e1b94c4c8024eaf0f6c0d54acd8470b2a14626bc959e28ddf7875,0,directional,f_ruleblind,rule_clause,remove_last_clause,0,directional_rates,0,143,500,0.0,0.0,0,0
c533d2dccf8e1b94c4c8024eaf0f6c0d54acd8470b2a14626bc959e28ddf7875,0,directional,f_ruleblind,rule_clause,add_passing_clause,0,directional_rates,0,164,500,0.0,0.0,0,0
c533d2dccf8e1b94c4c8024eaf0f6c0d54acd8470b2a14626bc959e28ddf7875,0,directional,f_ruleblind,case_fact,case_revenue_up,0,directional_rates,94,94,500,1.0,0.9249,1,0
c533d2dccf8e1b94c4c8024eaf0f6c0d54acd8470b2a14626bc959e28ddf7875,0,directional,f_ruleblind,case_fact,case_revenue_down,0,directional_rates,113,113,500,1.0,0.9371,1,0
c533d2dccf8e1b94c4c8024eaf0f6c0d54acd8470b2a14626bc959e28ddf7875,0,directional,f_ruleblind,case_fact,case_team_plus,0,directional_rates,0,63,500,0.0,0.0,0,0
c533d2dccf8e1b94c4c8024eaf0f6c0d54acd8470b2a14626bc959e28ddf7875,0,directional,f_ruleblind,case_fact,case_team_minus,0,directional_rates,1,69,500,0.0145,0.0,0,0
c533d2dccf8e1b94c4c8024eaf0f6c0d54acd8470b2a14626bc959e28ddf7875,0,directional,f_ruleblind,case_fact,case_risk_up,0,directional_rates,0,169,500,0.0,0.0,0,0
c533d2dccf8e1b94c4c8024eaf0f6c0d54acd8470b2a14626bc959e28ddf7875,0,directional,f_ruleblind,case_fact,case_risk_down,0,directional_rates,0,156,500,0.0,0.0,0,0
c533d2dccf8e1b94c4c8024eaf0f6c0d54acd8470b2a14626bc959e28ddf7875,0,directional,f_constant,rule_threshold,strengthen_revenue_threshold,0,directional_rates,0,113,500,0.0,0.0,0,0
c533d2dccf8e1b94c4c8024eaf0f6c0d54acd8470b2a14626bc959e28ddf7875,0,directional,f_constant,rule_threshold,weaken_revenue_threshold,0,directional_rates,0,94,500,0.0,0.0,0,0
c533d2dccf8e1b94c4c8024eaf0f6c0d54acd8470b2a14626bc959e28ddf7875,0,directional,f_constant,rule_threshold,strengthen_team_threshold,0,directional_rates,0,136,500,0.0,0.0,0,0
c533d2dccf8e1b94c4c8024eaf0f6c0d54acd8470b2a14626bc959e28ddf7875,0,directional,f_constant,rule_threshold,weaken_team_threshold,0,directional_rates,0,63,500,0.0,0.0,0,0
c533d2dccf8e1b94c4c8024eaf0f6c0d54acd8470b2a14626bc959e28ddf7875,0,directional,f_constant,rule_threshold,strengthen_risk_threshold,0,directional_rates,0,113,500,0.0,0.0,0,0
c533d2dccf8e1b94c4c8024eaf0f6c0d54acd8470b2a14626bc959e28ddf7875,0,directional,f_constant,rule_threshold,weaken_risk_threshold,0,directional_rates,0,95,500,0.0,0.0,0,0
c533d2dccf8e1b94c4c8024eaf0f6c0d54acd8470b2a14626bc959e28ddf7875,0,directional,f_constant,rule_clause,add_strict_clause,0,directional_rates,0,330,500,0.0,0.0,0,0
c533d2dccf8e1b94c4c8024eaf0f6c0d54acd8470b2a14626bc959e28ddf7875,0,directional,f_constant,rule_clause,remove_last_clause,0,directional_rates,0,143,500,0.0,0.0,0,0
c533d2dccf8e1b94c4c8024eaf0f6c0d54acd8470b2a14626bc959e28ddf7875,0,directional,f_constant,rule_clause,add_passing_clause,0,directional_rates,0,164,500,0.0,0.0,0,0
c533d2dccf8e1b94c4c8024eaf0f6c0d54acd8470b2a14626bc959e28ddf7875,0,directional,f_constant,case_fact,case_revenue_up,0,directional_rates,0,94,500,0.0,0.0,0,0
c533d2dccf8e1b94c4c8024eaf0f6c0d54acd8470b2a14626bc959e28ddf7875,0,directional,f_constant,case_fact,case_revenue_down,0,directional_rates,0,113,500,0.0,0.0,0,0
c533d2dccf8e1b94c4c8024eaf0f6c0d54acd8470b2a14626bc959e28ddf7875,0,directional,f_constant,case_fact,case_team_plus,0,directional_rates,0,63,500,0.0,0.0,0,0
c533d2dccf8e1b94c4c8024eaf0f6c0d54acd8470b2a14626bc959e28ddf7875,0,directional,f_constant,case_fact,case_team_minus,0,directional_rates,0,69,500,0.0,0.0,0,0
c533d2dccf8e1b94c4c8024eaf0f6c0d54acd8470b2a14626bc959e28ddf7875,0,directional,f_constant,case_fact,case_risk_up,0,directional_rates,0,169,500,0.0,0.0,0,0
c533d2dccf8e1b94c4c8024eaf0f6c0d54acd8470b2a14626bc959e28ddf7875,0,directional,f_constant,case_fact,case_risk_down,0,directional_rates,0,156,500,0.0,0.0,0,0
c533d2dccf8e1b94c4c8024eaf0f6c0d54acd8470b2a14626bc959e28ddf7875,0,directional,f_wrongstatic,rule_threshold,strengthen_revenue_threshold,0,directional_rates,113,113,500,1.0,0.9371,1,0
c533d2dccf8e1b94c4c8024eaf0f6c0d54acd8470b2a14626bc959e28ddf7875,0,directional,f_wrongstatic,rule_threshold,weaken_revenue_threshold,0,directional_rates,94,94,500,1.0,0.9249,1,0
c533d2dccf8e1b94c4c8024eaf0f6c0d54acd8470b2a14626bc959e28ddf7875,0,directional,f_wrongstatic,rule_threshold,strengthen_team_threshold,0,directional_rates,136,136,500,1.0,0.9475,1,0
c533d2dccf8e1b94c4c8024eaf0f6c0d54acd8470b2a14626bc959e28ddf7875,0,directional,f_wrongstatic,rule_threshold,weaken_team_threshold,0,directional_rates,63,63,500,1.0,0.89,0,0
c533d2dccf8e1b94c4c8024eaf0f6c0d54acd8470b2a14626bc959e28ddf7875,0,directional,f_wrongstatic,rule_threshold,strengthen_risk_threshold,0,directional_rates,0,113,500,0.0,0.0,0,0
c533d2dccf8e1b94c4c8024eaf0f6c0d54acd8470b2a14626bc959e28ddf7875,0,directional,f_wrongstatic,rule_threshold,weaken_risk_threshold,0,directional_rates,0,95,500,0.0,0.0,0,0
c533d2dccf8e1b94c4c8024eaf0f6c0d54acd8470b2a14626bc959e28ddf7875,0,directional,f_wrongstatic,rule_clause,add_strict_clause,0,directional_rates,143,330,500,0.4333,0.3463,0,0
c533d2dccf8e1b94c4c8024eaf0f6c0d54acd8470b2a14626bc959e28ddf7875,0,directional,f_wrongstatic,rule_clause,remove_last_clause,0,directional_rates,37,143,500,0.2587,0.152,0,0
c533d2dccf8e1b94c4c8024eaf0f6c0d54acd8470b2a14626bc959e28ddf7875,0,directional,f_wrongstatic,rule_clause,add_passing_clause,0,directional_rates,83,164,500,0.5061,0.3795,0,0
c533d2dccf8e1b94c4c8024eaf0f6c0d54acd8470b2a14626bc959e28ddf7875,0,directional,f_wrongstatic,case_fact,case_revenue_up,0,directional_rates,94,94,500,1.0,0.9249,1,0
c533d2dccf8e1b94c4c8024eaf0f6c0d54acd8470b2a14626bc959e28ddf7875,0,directional,f_wrongstatic,case_fact,case_revenue_down,0,directional_rates,113,113,500,1.0,0.9371,1,0
c533d2dccf8e1b94c4c8024eaf0f6c0d54acd8470b2a14626bc959e28ddf7875,0,directional,f_wrongstatic,case_fact,case_team_plus,0,directional_rates,63,63,500,1.0,0.89,0,0
c533d2dccf8e1b94c4c8024eaf0f6c0d54acd8470b2a14626bc959e28ddf7875,0,directional,f_wrongstatic,case_fact,case_team_minus,0,directional_rates,69,69,500,1.0,0.8991,0,0
c533d2dccf8e1b94c4c8024eaf0f6c0d54acd8470b2a14626bc959e28ddf7875,0,directional,f_wrongstatic,case_fact,case_risk_up,0,directional_rates,0,169,500,0.0,0.0,0,0
c533d2dccf8e1b94c4c8024eaf0f6c0d54acd8470b2a14626bc959e28ddf7875,0,directional,f_wrongstatic,case_fact,case_risk_down,0,directional_rates,0,156,500,0.0,0.0,0,0
c533d2dccf8e1b94c4c8024eaf0f6c0d54acd8470b2a14626bc959e28ddf7875,0,directional,f_wrongstochastic,rule_threshold,strengthen_revenue_threshold,0,directional_rates,90,113,500,0.7965,0.6534,0,0
c533d2dccf8e1b94c4c8024eaf0f6c0d54acd8470b2a14626bc959e28ddf7875,0,directional,f_wrongstochastic,rule_threshold,weaken_revenue_threshold,0,directional_rates,68,94,500,0.7234,0.5566,0,0
c533d2dccf8e1b94c4c8024eaf0f6c0d54acd8470b2a14626bc959e28ddf7875,0,directional,f_wrongstochastic,rule_threshold,strengthen_team_threshold,0,directional_rates,93,136,500,0.6838,0.5446,0,0
c533d2dccf8e1b94c4c8024eaf0f6c0d54acd8470b2a14626bc959e28ddf7875,0,directional,f_wrongstochastic,rule_threshold,weaken_team_threshold,0,directional_rates,48,63,500,0.7619,0.5583,0,0
c533d2dccf8e1b94c4c8024eaf0f6c0d54acd8470b2a14626bc959e28ddf7875,0,directional,f_wrongstochastic,rule_threshold,strengthen_risk_threshold,0,directional_rates,47,113,500,0.4159,0.2717,0,0
c533d2dccf8e1b94c4c8024eaf0f6c0d54acd8470b2a14626bc959e28ddf7875,0,directional,f_wrongstochastic,rule_threshold,weaken_risk_threshold,0,directional_rates,17,95,500,0.1789,0.0748,0,0
c533d2dccf8e1b94c4c8024eaf0f6c0d54acd8470b2a14626bc959e28ddf7875,0,directional,f_wrongstochastic,rule_clause,add_strict_clause,0,directional_rates,84,330,500,0.2545,0.182,0,0
c533d2dccf8e1b94c4c8024eaf0f6c0d54acd8470b2a14626bc959e28ddf7875,0,directional,f_wrongstochastic,rule_clause,remove_last_clause,0,directional_rates,13,143,500,0.0909,0.0316,0,0
c533d2dccf8e1b94c4c8024eaf0f6c0d54acd8470b2a14626bc959e28ddf7875,0,directional,f_wrongstochastic,rule_clause,add_passing_clause,0,directional_rates,11,164,500,0.0671,0.0206,0,0
c533d2dccf8e1b94c4c8024eaf0f6c0d54acd8470b2a14626bc959e28ddf7875,0,directional,f_wrongstochastic,case_fact,case_revenue_up,0,directional_rates,68,94,500,0.7234,0.5566,0,0
c533d2dccf8e1b94c4c8024eaf0f6c0d54acd8470b2a14626bc959e28ddf7875,0,directional,f_wrongstochastic,case_fact,case_revenue_down,0,directional_rates,90,113,500,0.7965,0.6534,0,0
c533d2dccf8e1b94c4c8024eaf0f6c0d54acd8470b2a14626bc959e28ddf7875,0,directional,f_wrongstochastic,case_fact,case_team_plus,0,directional_rates,48,63,500,0.7619,0.5583,0,0
c533d2dccf8e1b94c4c8024eaf0f6c0d54acd8470b2a14626bc959e28ddf7875,0,directional,f_wrongstochastic,case_fact,case_team_minus,0,directional_rates,45,69,500,0.6522,0.4522,0,0
c533d2dccf8e1b94c4c8024eaf0f6c0d54acd8470b2a14626bc959e28ddf7875,0,directional,f_wrongstochastic,case_fact,case_risk_up,0,directional_rates,72,169,500,0.426,0.3061,0,0
c533d2dccf8e1b94c4c8024eaf0f6c0d54acd8470b2a14626bc959e28ddf7875,0,directional,f_wrongstochastic,case_fact,case_risk_down,0,directional_rates,27,156,500,0.1731,0.0892,0,0
c533d2dccf8e1b94c4c8024eaf0f6c0d54acd8470b2a14626bc959e28ddf7875,1,invariance,f_track,identity,identity,1,R_eq_omega,500,500,500,1.0,0.9854,1,0
c533d2dccf8e1b94c4c8024eaf0f6c0d54acd8470b2a14626bc959e28ddf7875,1,invariance,f_track,identity,identity,1,R_up_omega,0,500,500,0.0,0.0,0,0
c533d2dccf8e1b94c4c8024eaf0f6c0d54acd8470b2a14626bc959e28ddf7875,1,invariance,f_track,identity,identity,1,R_down_omega,0,500,500,0.0,0.0,0,0
c533d2dccf8e1b94c4c8024eaf0f6c0d54acd8470b2a14626bc959e28ddf7875,1,invariance,f_track,identity,identity,1,R_sign_eq,500,500,500,1.0,0.9854,1,0
c533d2dccf8e1b94c4c8024eaf0f6c0d54acd8470b2a14626bc959e28ddf7875,1,invariance,f_track,order,permute_founders,0,R_eq_omega,390,390,500,1.0,0.9814,1,0
c533d2dccf8e1b94c4c8024eaf0f6c0d54acd8470b2a14626bc959e28ddf7875,1,invariance,f_track,order,permute_founders,0,R_up_omega,0,390,500,0.0,0.0,0,0
c533d2dccf8e1b94c4c8024eaf0f6c0d54acd8470b2a14626bc959e28ddf7875,1,invariance,f_track,order,permute_founders,0,R_down_omega,0,390,500,0.0,0.0,0,0
c533d2dccf8e1b94c4c8024eaf0f6c0d54acd8470b2a14626bc959e28ddf7875,1,invariance,f_track,order,permute_founders,0,R_sign_eq,390,390,500,1.0,0.9814,1,0
c533d2dccf8e1b94c4c8024eaf0f6c0d54acd8470b2a14626bc959e28ddf7875,1,invariance,f_track,order,permute_risks,0,R_eq_omega,326,326,500,1.0,0.9777,1,0
c533d2dccf8e1b94c4c8024eaf0f6c0d54acd8470b2a14626bc959e28ddf7875,1,invariance,f_track,order,permute_risks,0,R_up_omega,0,326,500,0.0,0.0,0,0
c533d2dccf8e1b94c4c8024eaf0f6c0d54acd8470b2a14626bc959e28ddf7875,1,invariance,f_track,order,permute_risks,0,R_down_omega,0,326,500,0.0,0.0,0,0
c533d2dccf8e1b94c4c8024eaf0f6c0d54acd8470b2a14626bc959e28ddf7875,1,invariance,f_track,order,permute_risks,0,R_sign_eq,326,326,500,1.0,0.9777,1,0
c533d2dccf8e1b94c4c8024eaf0f6c0d54acd8470b2a14626bc959e28ddf7875,1,invariance,f_track,optional,replace_description,0,R_eq_omega,500,500,500,1.0,0.9854,1,0
c533d2dccf8e1b94c4c8024eaf0f6c0d54acd8470b2a14626bc959e28ddf7875,1,invariance,f_track,optional,replace_description,0,R_up_omega,0,500,500,0.0,0.0,0,0
c533d2dccf8e1b94c4c8024eaf0f6c0d54acd8470b2a14626bc959e28ddf7875,1,invariance,f_track,optional,replace_description,0,R_down_omega,0,500,500,0.0,0.0,0,0
c533d2dccf8e1b94c4c8024eaf0f6c0d54acd8470b2a14626bc959e28ddf7875,1,invariance,f_track,optional,replace_description,0,R_sign_eq,500,500,500,1.0,0.9854,1,0
c533d2dccf8e1b94c4c8024eaf0f6c0d54acd8470b2a14626bc959e28ddf7875,1,invariance,f_track,optional,blank_description,0,R_eq_omega,500,500,500,1.0,0.9854,1,0
c533d2dccf8e1b94c4c8024eaf0f6c0d54acd8470b2a14626bc959e28ddf7875,1,invariance,f_track,optional,blank_description,0,R_up_omega,0,500,500,0.0,0.0,0,0
c533d2dccf8e1b94c4c8024eaf0f6c0d54acd8470b2a14626bc959e28ddf7875,1,invariance,f_track,optional,blank_description,0,R_down_omega,0,500,500,0.0,0.0,0,0
c533d2dccf8e1b94c4c8024eaf0f6c0d54acd8470b2a14626bc959e28ddf7875,1,invariance,f_track,optional,blank_description,0,R_sign_eq,500,500,500,1.0,0.9854,1,0
c533d2dccf8e1b94c4c8024eaf0f6c0d54acd8470b2a14626bc959e28ddf7875,1,invariance,f_track,non_rule_fact,add_risk_item,0,R_eq_omega,500,500,500,1.0,0.9854,1,0
c533d2dccf8e1b94c4c8024eaf0f6c0d54acd8470b2a14626bc959e28ddf7875,1,invariance,f_track,non_rule_fact,add_risk_item,0,R_up_omega,0,500,500,0.0,0.0,0,0
c533d2dccf8e1b94c4c8024eaf0f6c0d54acd8470b2a14626bc959e28ddf7875,1,invariance,f_track,non_rule_fact,add_risk_item,0,R_down_omega,0,500,500,0.0,0.0,0,0
c533d2dccf8e1b94c4c8024eaf0f6c0d54acd8470b2a14626bc959e28ddf7875,1,invariance,f_track,non_rule_fact,add_risk_item,0,R_sign_eq,500,500,500,1.0,0.9854,1,0
c533d2dccf8e1b94c4c8024eaf0f6c0d54acd8470b2a14626bc959e28ddf7875,1,invariance,f_track,non_rule_fact,drop_risk_item,0,R_eq_omega,429,429,500,1.0,0.983,1,0
c533d2dccf8e1b94c4c8024eaf0f6c0d54acd8470b2a14626bc959e28ddf7875,1,invariance,f_track,non_rule_fact,drop_risk_item,0,R_up_omega,0,429,500,0.0,0.0,0,0
c533d2dccf8e1b94c4c8024eaf0f6c0d54acd8470b2a14626bc959e28ddf7875,1,invariance,f_track,non_rule_fact,drop_risk_item,0,R_down_omega,0,429,500,0.0,0.0,0,0
c533d2dccf8e1b94c4c8024eaf0f6c0d54acd8470b2a14626bc959e28ddf7875,1,invariance,f_track,non_rule_fact,drop_risk_item,0,R_sign_eq,429,429,500,1.0,0.983,1,0
c533d2dccf8e1b94c4c8024eaf0f6c0d54acd8470b2a14626bc959e28ddf7875,1,invariance,f_track,non_rule_fact,bump_founder_experience,0,R_eq_omega,500,500,500,1.0,0.9854,1,0
c533d2dccf8e1b94c4c8024eaf0f6c0d54acd8470b2a14626bc959e28ddf7875,1,invariance,f_track,non_rule_fact,bump_founder_experience,0,R_up_omega,0,500,500,0.0,0.0,0,0
c533d2dccf8e1b94c4c8024eaf0f6c0d54acd8470b2a14626bc959e28ddf7875,1,invariance,f_track,non_rule_fact,bump_founder_experience,0,R_down_omega,0,500,500,0.0,0.0,0,0
c533d2dccf8e1b94c4c8024eaf0f6c0d54acd8470b2a14626bc959e28ddf7875,1,invariance,f_track,non_rule_fact,bump_founder_experience,0,R_sign_eq,500,500,500,1.0,0.9854,1,0
c533d2dccf8e1b94c4c8024eaf0f6c0d54acd8470b2a14626bc959e28ddf7875,1,invariance,f_ruleblind,identity,identity,1,R_eq_omega,500,500,500,1.0,0.9854,1,0
c533d2dccf8e1b94c4c8024eaf0f6c0d54acd8470b2a14626bc959e28ddf7875,1,invariance,f_ruleblind,identity,identity,1,R_up_omega,0,500,500,0.0,0.0,0,0
c533d2dccf8e1b94c4c8024eaf0f6c0d54acd8470b2a14626bc959e28ddf7875,1,invariance,f_ruleblind,identity,identity,1,R_down_omega,0,500,500,0.0,0.0,0,0
c533d2dccf8e1b94c4c8024eaf0f6c0d54acd8470b2a14626bc959e28ddf7875,1,invariance,f_ruleblind,identity,identity,1,R_sign_eq,499,500,500,0.998,0.9807,1,0
c533d2dccf8e1b94c4c8024eaf0f6c0d54acd8470b2a14626bc959e28ddf7875,1,invariance,f_ruleblind,order,permute_founders,0,R_eq_omega,390,390,500,1.0,0.9814,1,0
c533d2dccf8e1b94c4c8024eaf0f6c0d54acd8470b2a14626bc959e28ddf7875,1,invariance,f_ruleblind,order,permute_founders,0,R_up_omega,0,390,500,0.0,0.0,0,0
c533d2dccf8e1b94c4c8024eaf0f6c0d54acd8470b2a14626bc959e28ddf7875,1,invariance,f_ruleblind,order,permute_founders,0,R_down_omega,0,390,500,0.0,0.0,0,0
c533d2dccf8e1b94c4c8024eaf0f6c0d54acd8470b2a14626bc959e28ddf7875,1,invariance,f_ruleblind,order,permute_founders,0,R_sign_eq,390,390,500,1.0,0.9814,1,0
c533d2dccf8e1b94c4c8024eaf0f6c0d54acd8470b2a14626bc959e28ddf7875,1,invariance,f_ruleblind,order,permute_risks,0,R_eq_omega,326,326,500,1.0,0.9777,1,0
c533d2dccf8e1b94c4c8024eaf0f6c0d54acd8470b2a14626bc959e28ddf7875,1,invariance,f_ruleblind,order,permute_risks,0,R_up_omega,0,326,500,0.0,0.0,0,0
c533d2dccf8e1b94c4c8024eaf0f6c0d54acd8470b2a14626bc959e28ddf7875,1,invariance,f_ruleblind,order,permute_risks,0,R_down_omega,0,326,500,0.0,0.0,0,0
c533d2dccf8e1b94c4c8024eaf0f6c0d54acd8470b2a14626bc959e28ddf7875,1,invariance,f_ruleblind,order,permute_risks,0,R_sign_eq,326,326,500,1.0,0.9777,1,0
c533d2dccf8e1b94c4c8024eaf0f6c0d54acd8470b2a14626bc959e28ddf7875,1,invariance,f_ruleblind,optional,replace_description,0,R_eq_omega,500,500,500,1.0,0.9854,1,0
c533d2dccf8e1b94c4c8024eaf0f6c0d54acd8470b2a14626bc959e28ddf7875,1,invariance,f_ruleblind,optional,replace_description,0,R_up_omega,0,500,500,0.0,0.0,0,0
c533d2dccf8e1b94c4c8024eaf0f6c0d54acd8470b2a14626bc959e28ddf7875,1,invariance,f_ruleblind,optional,replace_description,0,R_down_omega,0,500,500,0.0,0.0,0,0
c533d2dccf8e1b94c4c8024eaf0f6c0d54acd8470b2a14626bc959e28ddf7875,1,invariance,f_ruleblind,optional,replace_description,0,R_sign_eq,499,500,500,0.998,0.9807,1,0
c533d2dccf8e1b94c4c8024eaf0f6c0d54acd8470b2a14626bc959e28ddf7875,1,invariance,f_ruleblind,optional,blank_description,0,R_eq_omega,500,500,500,1.0,0.9854,1,0
c533d2dccf8e1b94c4c8024eaf0f6c0d54acd8470b2a14626bc959e28ddf7875,1,invariance,f_ruleblind,optional,blank_description,0,R_up_omega,0,500,500,0.0,0.0,0,0
c533d2dccf8e1b94c4c8024eaf0f6c0d54acd8470b2a14626bc959e28ddf7875,1,invariance,f_ruleblind,optional,blank_description,0,R_down_omega,0,500,500,0.0,0.0,0,0
c533d2dccf8e1b94c4c8024eaf0f6c0d54acd8470b2a14626bc959e28ddf7875,1,invariance,f_ruleblind,optional,blank_description,0,R_sign_eq,499,500,500,0.998,0.9807,1,0
c533d2dccf8e1b94c4c8024eaf0f6c0d54acd8470b2a14626bc959e28ddf7875,1,invariance,f_ruleblind,non_rule_fact,add_risk_item,0,R_eq_omega,500,500,500,1.0,0.9854,1,0
c533d2dccf8e1b94c4c8024eaf0f6c0d54acd8470b2a14626bc959e28ddf7875,1,invariance,f_ruleblind,non_rule_fact,add_risk_item,0,R_up_omega,0,500,500,0.0,0.0,0,0
c533d2dccf8e1b94c4c8024eaf0f6c0d54acd8470b2a14626bc959e28ddf7875,1,invariance,f_ruleblind,non_rule_fact,add_risk_item,0,R_down_omega,0,500,500,0.0,0.0,0,0
c533d2dccf8e1b94c4c8024eaf0f6c0d54acd8470b2a14626bc959e28ddf7875,1,invariance,f_ruleblind,non_rule_fact,add_risk_item,0,R_sign_eq,499,500,500,0.998,0.9807,1,0
c533d2dccf8e1b94c4c8024eaf0f6c0d54acd8470b2a14626bc959e28ddf7875,1,invariance,f_ruleblind,non_rule_fact,drop_risk_item,0,R_eq_omega,429,429,500,1.0,0.983,1,0
c533d2dccf8e1b94c4c8024eaf0f6c0d54acd8470b2a14626bc959e28ddf7875,1,invariance,f_ruleblind,non_rule_fact,drop_risk_item,0,R_up_omega,0,429,500,0.0,0.0,0,0
c533d2dccf8e1b94c4c8024eaf0f6c0d54acd8470b2a14626bc959e28ddf7875,1,invariance,f_ruleblind,non_rule_fact,drop_risk_item,0,R_down_omega,0,429,500,0.0,0.0,0,0
c533d2dccf8e1b94c4c8024eaf0f6c0d54acd8470b2a14626bc959e28ddf7875,1,invariance,f_ruleblind,non_rule_fact,drop_risk_item,0,R_sign_eq,428,429,500,0.9977,0.9776,1,0
c533d2dccf8e1b94c4c8024eaf0f6c0d54acd8470b2a14626bc959e28ddf7875,1,invariance,f_ruleblind,non_rule_fact,bump_founder_experience,0,R_eq_omega,500,500,500,1.0,0.9854,1,0
c533d2dccf8e1b94c4c8024eaf0f6c0d54acd8470b2a14626bc959e28ddf7875,1,invariance,f_ruleblind,non_rule_fact,bump_founder_experience,0,R_up_omega,0,500,500,0.0,0.0,0,0
c533d2dccf8e1b94c4c8024eaf0f6c0d54acd8470b2a14626bc959e28ddf7875,1,invariance,f_ruleblind,non_rule_fact,bump_founder_experience,0,R_down_omega,0,500,500,0.0,0.0,0,0
c533d2dccf8e1b94c4c8024eaf0f6c0d54acd8470b2a14626bc959e28ddf7875,1,invariance,f_ruleblind,non_rule_fact,bump_founder_experience,0,R_sign_eq,499,500,500,0.998,0.9807,1,0
c533d2dccf8e1b94c4c8024eaf0f6c0d54acd8470b2a14626bc959e28ddf7875,1,invariance,f_constant,identity,identity,1,R_eq_omega,500,500,500,1.0,0.9854,1,0
c533d2dccf8e1b94c4c8024eaf0f6c0d54acd8470b2a14626bc959e28ddf7875,1,invariance,f_constant,identity,identity,1,R_up_omega,0,500,500,0.0,0.0,0,0
c533d2dccf8e1b94c4c8024eaf0f6c0d54acd8470b2a14626bc959e28ddf7875,1,invariance,f_constant,identity,identity,1,R_down_omega,0,500,500,0.0,0.0,0,0
c533d2dccf8e1b94c4c8024eaf0f6c0d54acd8470b2a14626bc959e28ddf7875,1,invariance,f_constant,identity,identity,1,R_sign_eq,442,500,500,0.884,0.8314,0,0
c533d2dccf8e1b94c4c8024eaf0f6c0d54acd8470b2a14626bc959e28ddf7875,1,invariance,f_constant,order,permute_founders,0,R_eq_omega,390,390,500,1.0,0.9814,1,0
c533d2dccf8e1b94c4c8024eaf0f6c0d54acd8470b2a14626bc959e28ddf7875,1,invariance,f_constant,order,permute_founders,0,R_up_omega,0,390,500,0.0,0.0,0,0
c533d2dccf8e1b94c4c8024eaf0f6c0d54acd8470b2a14626bc959e28ddf7875,1,invariance,f_constant,order,permute_founders,0,R_down_omega,0,390,500,0.0,0.0,0,0
c533d2dccf8e1b94c4c8024eaf0f6c0d54acd8470b2a14626bc959e28ddf7875,1,invariance,f_constant,order,permute_founders,0,R_sign_eq,347,390,500,0.8897,0.8302,0,0
c533d2dccf8e1b94c4c8024eaf0f6c0d54acd8470b2a14626bc959e28ddf7875,1,invariance,f_constant,order,permute_risks,0,R_eq_omega,326,326,500,1.0,0.9777,1,0
c533d2dccf8e1b94c4c8024eaf0f6c0d54acd8470b2a14626bc959e28ddf7875,1,invariance,f_constant,order,permute_risks,0,R_up_omega,0,326,500,0.0,0.0,0,0
c533d2dccf8e1b94c4c8024eaf0f6c0d54acd8470b2a14626bc959e28ddf7875,1,invariance,f_constant,order,permute_risks,0,R_down_omega,0,326,500,0.0,0.0,0,0
c533d2dccf8e1b94c4c8024eaf0f6c0d54acd8470b2a14626bc959e28ddf7875,1,invariance,f_constant,order,permute_risks,0,R_sign_eq,289,326,500,0.8865,0.8199,0,0
c533d2dccf8e1b94c4c8024eaf0f6c0d54acd8470b2a14626bc959e28ddf7875,1,invariance,f_constant,optional,replace_description,0,R_eq_omega,500,500,500,1.0,0.9854,1,0
c533d2dccf8e1b94c4c8024eaf0f6c0d54acd8470b2a14626bc959e28ddf7875,1,invariance,f_constant,optional,replace_description,0,R_up_omega,0,500,500,0.0,0.0,0,0
c533d2dccf8e1b94c4c8024eaf0f6c0d54acd8470b2a14626bc959e28ddf7875,1,invariance,f_constant,optional,replace_description,0,R_down_omega,0,500,500,0.0,0.0,0,0
c533d2dccf8e1b94c4c8024eaf0f6c0d54acd8470b2a14626bc959e28ddf7875,1,invariance,f_constant,optional,replace_description,0,R_sign_eq,442,500,500,0.884,0.8314,0,0
c533d2dccf8e1b94c4c8024eaf0f6c0d54acd8470b2a14626bc959e28ddf7875,1,invariance,f_constant,optional,blank_description,0,R_eq_omega,500,500,500,1.0,0.9854,1,0
c533d2dccf8e1b94c4c8024eaf0f6c0d54acd8470b2a14626bc959e28ddf7875,1,invariance,f_constant,optional,blank_description,0,R_up_omega,0,500,500,0.0,0.0,0,0
c533d2dccf8e1b94c4c8024eaf0f6c0d54acd8470b2a14626bc959e28ddf7875,1,invariance,f_constant,optional,blank_description,0,R_down_omega,0,500,500,0.0,0.0,0,0
c533d2dccf8e1b94c4c8024eaf0f6c0d54acd8470b2a14626bc959e28ddf7875,1,invariance,f_constant,optional,blank_description,0,R_sign_eq,442,500,500,0.884,0.8314,0,0
c533d2dccf8e1b94c4c8024eaf0f6c0d54acd8470b2a14626bc959e28ddf7875,1,invariance,f_constant,non_rule_fact,add_risk_item,0,R_eq_omega,500,500,500,1.0,0.9854,1,0
c533d2dccf8e1b94c4c8024eaf0f6c0d54acd8470b2a14626bc959e28ddf7875,1,invariance,f_constant,non_rule_fact,add_risk_item,0,R_up_omega,0,500,500,0.0,0.0,0,0
c533d2dccf8e1b94c4c8024eaf0f6c0d54acd8470b2a14626bc959e28ddf7875,1,invariance,f_constant,non_rule_fact,add_risk_item,0,R_down_omega,0,500,500,0.0,0.0,0,0
c533d2dccf8e1b94c4c8024eaf0f6c0d54acd8470b2a14626bc959e28ddf7875,1,invariance,f_constant,non_rule_fact,add_risk_item,0,R_sign_eq,442,500,500,0.884,0.8314,0,0
c533d2dccf8e1b94c4c8024eaf0f6c0d54acd8470b2a14626bc959e28ddf7875,1,invariance,f_constant,non_rule_fact,drop_risk_item,0,R_eq_omega,429,429,500,1.0,0.983,1,0
c533d2dccf8e1b94c4c8024eaf0f6c0d54acd8470b2a14626bc959e28ddf7875,1,invariance,f_constant,non_rule_fact,drop_risk_item,0,R_up_omega,0,429,500,0.0,0.0,0,0
c533d2dccf8e1b94c4c8024eaf0f6c0d54acd8470b2a14626bc959e28ddf7875,1,invariance,f_constant,non_rule_fact,drop_risk_item,0,R_down_omega,0,429,500,0.0,0.0,0,0
c533d2dccf8e1b94c4c8024eaf0f6c0d54acd8470b2a14626bc959e28ddf7875,1,invariance,f_constant,non_rule_fact,drop_risk_item,0,R_sign_eq,378,429,500,0.8811,0.8233,0,0
c533d2dccf8e1b94c4c8024eaf0f6c0d54acd8470b2a14626bc959e28ddf7875,1,invariance,f_constant,non_rule_fact,bump_founder_experience,0,R_eq_omega,500,500,500,1.0,0.9854,1,0
c533d2dccf8e1b94c4c8024eaf0f6c0d54acd8470b2a14626bc959e28ddf7875,1,invariance,f_constant,non_rule_fact,bump_founder_experience,0,R_up_omega,0,500,500,0.0,0.0,0,0
c533d2dccf8e1b94c4c8024eaf0f6c0d54acd8470b2a14626bc959e28ddf7875,1,invariance,f_constant,non_rule_fact,bump_founder_experience,0,R_down_omega,0,500,500,0.0,0.0,0,0
c533d2dccf8e1b94c4c8024eaf0f6c0d54acd8470b2a14626bc959e28ddf7875,1,invariance,f_constant,non_rule_fact,bump_founder_experience,0,R_sign_eq,442,500,500,0.884,0.8314,0,0
c533d2dccf8e1b94c4c8024eaf0f6c0d54acd8470b2a14626bc959e28ddf7875,1,invariance,f_wrongstatic,identity,identity,1,R_eq_omega,500,500,500,1.0,0.9854,1,0
c533d2dccf8e1b94c4c8024eaf0f6c0d54acd8470b2a14626bc959e28ddf7875,1,invariance,f_wrongstatic,identity,identity,1,R_up_omega,0,500,500,0.0,0.0,0,0
c533d2dccf8e1b94c4c8024eaf0f6c0d54acd8470b2a14626bc959e28ddf7875,1,invariance,f_wrongstatic,identity,identity,1,R_down_omega,0,500,500,0.0,0.0,0,0
c533d2dccf8e1b94c4c8024eaf0f6c0d54acd8470b2a14626bc959e28ddf7875,1,invariance,f_wrongstatic,identity,identity,1,R_sign_eq,500,500,500,1.0,0.9854,1,0
c533d2dccf8e1b94c4c8024eaf0f6c0d54acd8470b2a14626bc959e28ddf7875,1,invariance,f_wrongstatic,order,permute_founders,0,R_eq_omega,390,390,500,1.0,0.9814,1,0
c533d2dccf8e1b94c4c8024eaf0f6c0d54acd8470b2a14626bc959e28ddf7875,1,invariance,f_wrongstatic,order,permute_founders,0,R_up_omega,0,390,500,0.0,0.0,0,0
c533d2dccf8e1b94c4c8024eaf0f6c0d54acd8470b2a14626bc959e28ddf7875,1,invariance,f_wrongstatic,order,permute_founders,0,R_down_omega,0,390,500,0.0,0.0,0,0
c533d2dccf8e1b94c4c8024eaf0f6c0d54acd8470b2a14626bc959e28ddf7875,1,invariance,f_wrongstatic,order,permute_founders,0,R_sign_eq,390,390,500,1.0,0.9814,1,0
c533d2dccf8e1b94c4c8024eaf0f6c0d54acd8470b2a14626bc959e28ddf7875,1,invariance,f_wrongstatic,order,permute_risks,0,R_eq_omega,326,326,500,1.0,0.9777,1,0
c533d2dccf8e1b94c4c8024eaf0f6c0d54acd8470b2a14626bc959e28ddf7875,1,invariance,f_wrongstatic,order,permute_risks,0,R_up_omega,0,326,500,0.0,0.0,0,0
c533d2dccf8e1b94c4c8024eaf0f6c0d54acd8470b2a14626bc959e28ddf7875,1,invariance,f_wrongstatic,order,permute_risks,0,R_down_omega,0,326,500,0.0,0.0,0,0
c533d2dccf8e1b94c4c8024eaf0f6c0d54acd8470b2a14626bc959e28ddf7875,1,invariance,f_wrongstatic,order,permute_risks,0,R_sign_eq,326,326,500,1.0,0.9777,1,0
c533d2dccf8e1b94c4c8024eaf0f6c0d54acd8470b2a14626bc959e28ddf7875,1,invariance,f_wrongstatic,optional,replace_description,0,R_eq_omega,500,500,500,1.0,0.9854,1,0
c533d2dccf8e1b94c4c8024eaf0f6c0d54acd8470b2a14626bc959e28ddf7875,1,invariance,f_wrongstatic,optional,replace_description,0,R_up_omega,0,500,500,0.0,0.0,0,0
c533d2dccf8e1b94c4c8024eaf0f6c0d54acd8470b2a14626bc959e28ddf7875,1,invariance,f_wrongstatic,optional,replace_description,0,R_down_omega,0,500,500,0.0,0.0,0,0
c533d2dccf8e1b94c4c8024eaf0f6c0d54acd8470b2a14626bc959e28ddf7875,1,invariance,f_wrongstatic,optional,replace_description,0,R_sign_eq,500,500,500,1.0,0.9854,1,0
c533d2dccf8e1b94c4c8024eaf0f6c0d54acd8470b2a14626bc959e28ddf7875,1,invariance,f_wrongstatic,optional,blank_description,0,R_eq_omega,500,500,500,1.0,0.9854,1,0
c533d2dccf8e1b94c4c8024eaf0f6c0d54acd8470b2a14626bc959e28ddf7875,1,invariance,f_wrongstatic,optional,blank_description,0,R_up_omega,0,500,500,0.0,0.0,0,0
c533d2dccf8e1b94c4c8024eaf0f6c0d54acd8470b2a14626bc959e28ddf7875,1,invariance,f_wrongstatic,optional,blank_description,0,R_down_omega,0,500,500,0.0,0.0,0,0
c533d2dccf8e1b94c4c8024eaf0f6c0d54acd8470b2a14626bc959e28ddf7875,1,invariance,f_wrongstatic,optional,blank_description,0,R_sign_eq,500,500,500,1.0,0.9854,1,0
c533d2dccf8e1b94c4c8024eaf0f6c0d54acd8470b2a14626bc959e28ddf7875,1,invariance,f_wrongstatic,non_rule_fact,add_risk_item,0,R_eq_omega,500,500,500,1.0,0.9854,1,0
c533d2dccf8e1b94c4c8024eaf0f6c0d54acd8470b2a14626bc959e28ddf7875,1,invariance,f_wrongstatic,non_rule_fact,add_risk_item,0,R_up_omega,0,500,500,0.0,0.0,0,0
c533d2dccf8e1b94c4c8024eaf0f6c0d54acd8470b2a14626bc959e28ddf7875,1,invariance,f_wrongstatic,non_rule_fact,add_risk_item,0,R_down_omega,0,500,500,0.0,0.0,0,0
c533d2dccf8e1b94c4c8024eaf0f6c0d54acd8470b2a14626bc959e28ddf7875,1,invariance,f_wrongstatic,non_rule_fact,add_risk_item,0,R_sign_eq,500,500,500,1.0,0.9854,1,0
c533d2dccf8e1b94c4c8024eaf0f6c0d54acd8470b2a14626bc959e28ddf7875,1,invariance,f_wrongstatic,non_rule_fact,drop_risk_item,0,R_eq_omega,429,429,500,1.0,0.983,1,0
c533d2dccf8e1b94c4c8024eaf0f6c0d54acd8470b2a14626bc959e28ddf7875,1,invariance,f_wrongstatic,non_rule_fact,drop_risk_item,0,R_up_omega,0,429,500,0.0,0.0,0,0
c533d2dccf8e1b94c4c8024eaf0f6c0d54acd8470b2a14626bc959e28ddf7875,1,invariance,f_wrongstatic,non_rule_fact,drop_risk_item,0,R_down_omega,0,429,500,0.0,0.0,0,0
c533d2dccf8e1b94c4c8024eaf0f6c0d54acd8470b2a14626bc959e28ddf7875,1,invariance,f_wrongstatic,non_rule_fact,drop_risk_item,0,R_sign_eq,429,429,500,1.0,0.983,1,0
c533d2dccf8e1b94c4c8024eaf0f6c0d54acd8470b2a14626bc959e28ddf7875,1,invariance,f_wrongstatic,non_rule_fact,bump_founder_experience,0,R_eq_omega,500,500,500,1.0,0.9854,1,0
c533d2dccf8e1b94c4c8024eaf0f6c0d54acd8470b2a14626bc959e28ddf7875,1,invariance,f_wrongstatic,non_rule_fact,bump_founder_experience,0,R_up_omega,0,500,500,0.0,0.0,0,0
c533d2dccf8e1b94c4c8024eaf0f6c0d54acd8470b2a14626bc959e28ddf7875,1,invariance,f_wrongstatic,non_rule_fact,bump_founder_experience,0,R_down_omega,0,500,500,0.0,0.0,0,0
c533d2dccf8e1b94c4c8024eaf0f6c0d54acd8470b2a14626bc959e28ddf7875,1,invariance,f_wrongstatic,non_rule_fact,bump_founder_experience,0,R_sign_eq,500,500,500,1.0,0.9854,1,0
c533d2dccf8e1b94c4c8024eaf0f6c0d54acd8470b2a14626bc959e28ddf7875,1,invariance,f_wrongstochastic,identity,identity,1,R_eq_omega,500,500,500,1.0,0.9854,1,0
c533d2dccf8e1b94c4c8024eaf0f6c0d54acd8470b2a14626bc959e28ddf7875,1,invariance,f_wrongstochastic,identity,identity,1,R_up_omega,0,500,500,0.0,0.0,0,0
c533d2dccf8e1b94c4c8024eaf0f6c0d54acd8470b2a14626bc959e28ddf7875,1,invariance,f_wrongstochastic,identity,identity,1,R_down_omega,0,500,500,0.0,0.0,0,0
c533d2dccf8e1b94c4c8024eaf0f6c0d54acd8470b2a14626bc959e28ddf7875,1,invariance,f_wrongstochastic,identity,identity,1,R_sign_eq,448,500,500,0.896,0.8453,0,0
c533d2dccf8e1b94c4c8024eaf0f6c0d54acd8470b2a14626bc959e28ddf7875,1,invariance,f_wrongstochastic,order,permute_founders,0,R_eq_omega,390,390,500,1.0,0.9814,1,0
c533d2dccf8e1b94c4c8024eaf0f6c0d54acd8470b2a14626bc959e28ddf7875,1,invariance,f_wrongstochastic,order,permute_founders,0,R_up_omega,0,390,500,0.0,0.0,0,0
c533d2dccf8e1b94c4c8024eaf0f6c0d54acd8470b2a14626bc959e28ddf7875,1,invariance,f_wrongstochastic,order,permute_founders,0,R_down_omega,0,390,500,0.0,0.0,0,0
c533d2dccf8e1b94c4c8024eaf0f6c0d54acd8470b2a14626bc959e28ddf7875,1,invariance,f_wrongstochastic,order,permute_founders,0,R_sign_eq,349,390,500,0.8949,0.8362,0,0
c533d2dccf8e1b94c4c8024eaf0f6c0d54acd8470b2a14626bc959e28ddf7875,1,invariance,f_wrongstochastic,order,permute_risks,0,R_eq_omega,326,326,500,1.0,0.9777,1,0
c533d2dccf8e1b94c4c8024eaf0f6c0d54acd8470b2a14626bc959e28ddf7875,1,invariance,f_wrongstochastic,order,permute_risks,0,R_up_omega,0,326,500,0.0,0.0,0,0
c533d2dccf8e1b94c4c8024eaf0f6c0d54acd8470b2a14626bc959e28ddf7875,1,invariance,f_wrongstochastic,order,permute_risks,0,R_down_omega,0,326,500,0.0,0.0,0,0
c533d2dccf8e1b94c4c8024eaf0f6c0d54acd8470b2a14626bc959e28ddf7875,1,invariance,f_wrongstochastic,order,permute_risks,0,R_sign_eq,294,326,500,0.9018,0.8382,0,0
c533d2dccf8e1b94c4c8024eaf0f6c0d54acd8470b2a14626bc959e28ddf7875,1,invariance,f_wrongstochastic,optional,replace_description,0,R_eq_omega,500,500,500,1.0,0.9854,1,0
c533d2dccf8e1b94c4c8024eaf0f6c0d54acd8470b2a14626bc959e28ddf7875,1,invariance,f_wrongstochastic,optional,replace_description,0,R_up_omega,0,500,500,0.0,0.0,0,0
c533d2dccf8e1b94c4c8024eaf0f6c0d54acd8470b2a14626bc959e28ddf7875,1,invariance,f_wrongstochastic,optional,replace_description,0,R_down_omega,0,500,500,0.0,0.0,0,0
c533d2dccf8e1b94c4c8024eaf0f6c0d54acd8470b2a14626bc959e28ddf7875,1,invariance,f_wrongstochastic,optional,replace_description,0,R_sign_eq,448,500,500,0.896,0.8453,0,0
c533d2dccf8e1b94c4c8024eaf0f6c0d54acd8470b2a14626bc959e28ddf7875,1,invariance,f_wrongstochastic,optional,blank_description,0,R_eq_omega,500,500,500,1.0,0.9854,1,0
c533d2dccf8e1b94c4c8024eaf0f6c0d54acd8470b2a14626bc959e28ddf7875,1,invariance,f_wrongstochastic,optional,blank_description,0,R_up_omega,0,500,500,0.0,0.0,0,0
c533d2dccf8e1b94c4c8024eaf0f6c0d54acd8470b2a14626bc959e28ddf7875,1,invariance,f_wrongstochastic,optional,blank_description,0,R_down_omega,0,500,500,0.0,0.0,0,0
c533d2dccf8e1b94c4c8024eaf0f6c0d54acd8470b2a14626bc959e28ddf7875,1,invariance,f_wrongstochastic,optional,blank_description,0,R_sign_eq,448,500,500,0.896,0.8453,0,0
c533d2dccf8e1b94c4c8024eaf0f6c0d54acd8470b2a14626bc959e28ddf7875,1,invariance,f_wrongstochastic,non_rule_fact,add_risk_item,0,R_eq_omega,500,500,500,1.0,0.9854,1,0
c533d2dccf8e1b94c4c8024eaf0f6c0d54acd8470b2a14626bc959e28ddf7875,1,invariance,f_wrongstochastic,non_rule_fact,add_risk_item,0,R_up_omega,0,500,500,0.0,0.0,0,0
c533d2dccf8e1b94c4c8024eaf0f6c0d54acd8470b2a14626bc959e28ddf7875,1,invariance,f_wrongstochastic,non_rule_fact,add_risk_item,0,R_down_omega,0,500,500,0.0,0.0,0,0
c533d2dccf8e1b94c4c8024eaf0f6c0d54acd8470b2a14626bc959e28ddf7875,1,invariance,f_wrongstochastic,non_rule_fact,add_risk_item,0,R_sign_eq,448,500,500,0.896,0.8453,0,0
c533d2dccf8e1b94c4c8024eaf0f6c0d54acd8470b2a14626bc959e28ddf7875,1,invariance,f_wrongstochastic,non_rule_fact,drop_risk_item,0,R_eq_omega,429,429,500,1.0,0.983,1,0
c533d2dccf8e1b94c4c8024eaf0f6c0d54acd8470b2a14626bc959e28ddf7875,1,invariance,f_wrongstochastic,non_rule_fact,drop_risk_item,0,R_up_omega,0,429,500,0.0,0.0,0,0
c533d2dccf8e1b94c4c8024eaf0f6c0d54acd8470b2a14626bc959e28ddf7875,1,invariance,f_wrongstochastic,non_rule_fact,drop_risk_item,0,R_down_omega,0,429,500,0.0,0.0,0,0
c533d2dccf8e1b94c4c8024eaf0f6c0d54acd8470b2a14626bc959e28ddf7875,1,invariance,f_wrongstochastic,non_rule_fact,drop_risk_item,0,R_sign_eq,383,429,500,0.8928,0.8369,0,0
c533d2dccf8e1b94c4c8024eaf0f6c0d54acd8470b2a14626bc959e28ddf7875,1,invariance,f_wrongstochastic,non_rule_fact,bump_founder_experience,0,R_eq_omega,500,500,500,1.0,0.9854,1,0
c533d2dccf8e1b94c4c8024eaf0f6c0d54acd8470b2a14626bc959e28ddf7875,1,invariance,f_wrongstochastic,non_rule_fact,bump_founder_experience,0,R_up_omega,0,500,500,0.0,0.0,0,0
c533d2dccf8e1b94c4c8024eaf0f6c0d54acd8470b2a14626bc959e28ddf7875,1,invariance,f_wrongstochastic,non_rule_fact,bump_founder_experience,0,R_down_omega,0,500,500,0.0,0.0,0,0
c533d2dccf8e1b94c4c8024eaf0f6c0d54acd8470b2a14626bc959e28ddf7875,1,invariance,f_wrongstochastic,non_rule_fact,bump_founder_experience,0,R_sign_eq,448,500,500,0.896,0.8453,0,0
c533d2dccf8e1b94c4c8024eaf0f6c0d54acd8470b2a14626bc959e28ddf7875,1,directional,f_track,rule_threshold,strengthen_revenue_threshold,0,directional_rates,108,108,500,1.0,0.9343,1,0
c533d2dccf8e1b94c4c8024eaf0f6c0d54acd8470b2a14626bc959e28ddf7875,1,directional,f_track,rule_threshold,weaken_revenue_threshold,0,directional_rates,108,108,500,1.0,0.9343,1,0
c533d2dccf8e1b94c4c8024eaf0f6c0d54acd8470b2a14626bc959e28ddf7875,1,directional,f_track,rule_threshold,strengthen_team_threshold,0,directional_rates,128,128,500,1.0,0.9443,1,0
c533d2dccf8e1b94c4c8024eaf0f6c0d54acd8470b2a14626bc959e28ddf7875,1,directional,f_track,rule_threshold,weaken_team_threshold,0,directional_rates,61,61,500,1.0,0.8866,0,0
c533d2dccf8e1b94c4c8024eaf0f6c0d54acd8470b2a14626bc959e28ddf7875,1,directional,f_track,rule_threshold,strengthen_risk_threshold,0,directional_rates,99,99,500,1.0,0.9285,1,0
c533d2dccf8e1b94c4c8024eaf0f6c0d54acd8470b2a14626bc959e28ddf7875,1,directional,f_track,rule_threshold,weaken_risk_threshold,0,directional_rates,107,107,500,1.0,0.9337,1,0
c533d2dccf8e1b94c4c8024eaf0f6c0d54acd8470b2a14626bc959e28ddf7875,1,directional,f_track,rule_clause,add_strict_clause,0,directional_rates,239,332,500,0.7199,0.6349,0,0
c533d2dccf8e1b94c4c8024eaf0f6c0d54acd8470b2a14626bc959e28ddf7875,1,directional,f_track,rule_clause,remove_last_clause,0,directional_rates,146,146,500,1.0,0.951,1,0
c533d2dccf8e1b94c4c8024eaf0f6c0d54acd8470b2a14626bc959e28ddf7875,1,directional,f_track,rule_clause,add_passing_clause,0,directional_rates,34,135,500,0.2519,0.1438,0,0
c533d2dccf8e1b94c4c8024eaf0f6c0d54acd8470b2a14626bc959e28ddf7875,1,directional,f_track,case_fact,case_revenue_up,0,directional_rates,108,108,500,1.0,0.9343,1,0
c533d2dccf8e1b94c4c8024eaf0f6c0d54acd8470b2a14626bc959e28ddf7875,1,directional,f_track,case_fact,case_revenue_down,0,directional_rates,108,108,500,1.0,0.9343,1,0
c533d2dccf8e1b94c4c8024eaf0f6c0d54acd8470b2a14626bc959e28ddf7875,1,directional,f_track,case_fact,case_team_plus,0,directional_rates,61,61,500,1.0,0.8866,0,0
c533d2dccf8e1b94c4c8024eaf0f6c0d54acd8470b2a14626bc959e28ddf7875,1,directional,f_track,case_fact,case_team_minus,0,directional_rates,66,66,500,1.0,0.8948,0,0
c533d2dccf8e1b94c4c8024eaf0f6c0d54acd8470b2a14626bc959e28ddf7875,1,directional,f_track,case_fact,case_risk_up,0,directional_rates,165,165,500,1.0,0.9565,1,0
c533d2dccf8e1b94c4c8024eaf0f6c0d54acd8470b2a14626bc959e28ddf7875,1,directional,f_track,case_fact,case_risk_down,0,directional_rates,160,160,500,1.0,0.9552,1,0
c533d2dccf8e1b94c4c8024eaf0f6c0d54acd8470b2a14626bc959e28ddf7875,1,directional,f_ruleblind,rule_threshold,strengthen_revenue_threshold,0,directional_rates,0,108,500,0.0,0.0,0,0
c533d2dccf8e1b94c4c8024eaf0f6c0d54acd8470b2a14626bc959e28ddf7875,1,directional,f_ruleblind,rule_threshold,weaken_revenue_threshold,0,directional_rates,0,108,500,0.0,0.0,0,0
c533d2dccf8e1b94c4c8024eaf0f6c0d54acd8470b2a14626bc959e28ddf7875,1,directional,f_ruleblind,rule_threshold,strengthen_team_threshold,0,directional_rates,0,128,500,0.0,0.0,0,0
c533d2dccf8e1b94c4c8024eaf0f6c0d54acd8470b2a14626bc959e28ddf7875,1,directional,f_ruleblind,rule_threshold,weaken_team_threshold,0,directional_rates,0,61,500,0.0,0.0,0,0
c533d2dccf8e1b94c4c8024eaf0f6c0d54acd8470b2a14626bc959e28ddf7875,1,directional,f_ruleblind,rule_threshold,strengthen_risk_threshold,0,directional_rates,0,99,500,0.0,0.0,0,0
c533d2dccf8e1b94c4c8024eaf0f6c0d54acd8470b2a14626bc959e28ddf7875,1,directional,f_ruleblind,rule_threshold,weaken_risk_threshold,0,directional_rates,0,107,500,0.0,0.0,0,0
c533d2dccf8e1b94c4c8024eaf0f6c0d54acd8470b2a14626bc959e28ddf7875,1,directional,f_ruleblind,rule_clause,add_strict_clause,0,directional_rates,0,332,500,0.0,0.0,0,0
c533d2dccf8e1b94c4c8024eaf0f6c0d54acd8470b2a14626bc959e28ddf7875,1,directional,f_ruleblind,rule_clause,remove_last_clause,0,directional_rates,0,146,500,0.0,0.0,0,0
c533d2dccf8e1b94c4c8024eaf0f6c0d54acd8470b2a14626bc959e28ddf7875,1,directional,f_ruleblind,rule_clause,add_passing_clause,0,directional_rates,0,135,500,0.0,0.0,0,0
c533d2dccf8e1b94c4c8024eaf0f6c0d54acd8470b2a14626bc959e28ddf7875,1,directional,f_ruleblind,case_fact,case_revenue_up,0,directional_rates,108,108,500,1.0,0.9343,1,0
c533d2dccf8e1b94c4c8024eaf0f6c0d54acd8470b2a14626bc959e28ddf7875,1,directional,f_ruleblind,case_fact,case_revenue_down,0,directional_rates,108,108,500,1.0,0.9343,1,0
c533d2dccf8e1b94c4c8024eaf0f6c0d54acd8470b2a14626bc959e28ddf7875,1,directional,f_ruleblind,case_fact,case_team_plus,0,directional_rates,0,61,500,0.0,0.0,0,0
c533d2dccf8e1b94c4c8024eaf0f6c0d54acd8470b2a14626bc959e28ddf7875,1,directional,f_ruleblind,case_fact,case_team_minus,0,directional_rates,0,66,500,0.0,0.0,0,0
c533d2dccf8e1b94c4c8024eaf0f6c0d54acd8470b2a14626bc959e28ddf7875,1,directional,f_ruleblind,case_fact,case_risk_up,0,directional_rates,0,165,500,0.0,0.0,0,0
c533d2dccf8e1b94c4c8024eaf0f6c0d54acd8470b2a14626bc959e28ddf7875,1,directional,f_ruleblind,case_fact,case_risk_down,0,directional_rates,0,160,500,0.0,0.0,0,0
c533d2dccf8e1b94c4c8024eaf0f6c0d54acd8470b2a14626bc959e28ddf7875,1,directional,f_constant,rule_threshold,strengthen_revenue_threshold,0,directional_rates,0,108,500,0.0,0.0,0,0
c533d2dccf8e1b94c4c8024eaf0f6c0d54acd8470b2a14626bc959e28ddf7875,1,directional,f_constant,rule_threshold,weaken_revenue_threshold,0,directional_rates,0,108,500,0.0,0.0,0,0
c533d2dccf8e1b94c4c8024eaf0f6c0d54acd8470b2a14626bc959e28ddf7875,1,directional,f_constant,rule_threshold,strengthen_team_threshold,0,directional_rates,0,128,500,0.0,0.0,0,0
c533d2dccf8e1b94c4c8024eaf0f6c0d54acd8470b2a14626bc959e28ddf7875,1,directional,f_constant,rule_threshold,weaken_team_threshold,0,directional_rates,0,61,500,0.0,0.0,0,0
c533d2dccf8e1b94c4c8024eaf0f6c0d54acd8470b2a14626bc959e28ddf7875,1,directional,f_constant,rule_threshold,strengthen_risk_threshold,0,directional_rates,0,99,500,0.0,0.0,0,0
c533d2dccf8e1b94c4c8024eaf0f6c0d54acd8470b2a14626bc959e28ddf7875,1,directional,f_constant,rule_threshold,weaken_risk_threshold,0,directional_rates,0,107,500,0.0,0.0,0,0
c533d2dccf8e1b94c4c8024eaf0f6c0d54acd8470b2a14626bc959e28ddf7875,1,directional,f_constant,rule_clause,add_strict_clause,0,directional_rates,0,332,500,0.0,0.0,0,0
c533d2dccf8e1b94c4c8024eaf0f6c0d54acd8470b2a14626bc959e28ddf7875,1,directional,f_constant,rule_clause,remove_last_clause,0,directional_rates,0,146,500,0.0,0.0,0,0
c533d2dccf8e1b94c4c8024eaf0f6c0d54acd8470b2a14626bc959e28ddf7875,1,directional,f_constant,rule_clause,add_passing_clause,0,directional_rates,0,135,500,0.0,0.0,0,0
c533d2dccf8e1b94c4c8024eaf0f6c0d54acd8470b2a14626bc959e28ddf7875,1,directional,f_constant,case_fact,case_revenue_up,0,directional_rates,0,108,500,0.0,0.0,0,0
c533d2dccf8e1b94c4c8024eaf0f6c0d54acd8470b2a14626bc959e28ddf7875,1,directional,f_constant,case_fact,case_revenue_down,0,directional_rates,0,108,500,0.0,0.0,0,0
c533d2dccf8e1b94c4c8024eaf0f6c0d54acd8470b2a14626bc959e28ddf7875,1,directional,f_constant,case_fact,case_team_plus,0,directional_rates,0,61,500,0.0,0.0,0,0
c533d2dccf8e1b94c4c8024eaf0f6c0d54acd8470b2a14626bc959e28ddf7875,1,directional,f_constant,case_fact,case_team_minus,0,directional_rates,0,66,500,0.0,0.0,0,0
c533d2dccf8e1b94c4c8024eaf0f6c0d54acd8470b2a14626bc959e28ddf7875,1,directional,f_constant,case_fact,case_risk_up,0,directional_rates,0,165,500,0.0,0.0,0,0
c533d2dccf8e1b94c4c8024eaf0f6c0d54acd8470b2a14626bc959e28ddf7875,1,directional,f_constant,case_fact,case_risk_down,0,directional_rates,0,160,500,0.0,0.0,0,0
c533d2dccf8e1b94c4c8024eaf0f6c0d54acd8470b2a14626bc959e28ddf7875,1,directional,f_wrongstatic,rule_threshold,strengthen_revenue_threshold,0,directional_rates,108,108,500,1.0,0.9343,1,0
c533d2dccf8e1b94c4c8024eaf0f6c0d54acd8470b2a14626bc959e28ddf7875,1,directional,f_wrongstatic,rule_threshold,weaken_revenue_threshold,0,directional_rates,108,108,500,1.0,0.9343,1,0
c533d2dccf8e1b94c4c8024eaf0f6c0d54acd8470b2a14626bc959e28ddf7875,1,directional,f_wrongstatic,rule_threshold,strengthen_team_threshold,0,directional_rates,128,128,500,1.0,0.9443,1,0
c533d2dccf8e1b94c4c8024eaf0f6c0d54acd8470b2a14626bc959e28ddf7875,1,directional,f_wrongstatic,rule_threshold,weaken_team_threshold,0,directional_rates,61,61,500,1.0,0.8866,0,0
c533d2dccf8e1b94c4c8024eaf0f6c0d54acd8470b2a14626bc959e28ddf7875,1,directional,f_wrongstatic,rule_threshold,strengthen_risk_threshold,0,directional_rates,0,99,500,0.0,0.0,0,0
c533d2dccf8e1b94c4c8024eaf0f6c0d54acd8470b2a14626bc959e28ddf7875,1,directional,f_wrongstatic,rule_threshold,weaken_risk_threshold,0,directional_rates,0,107,500,0.0,0.0,0,0
c533d2dccf8e1b94c4c8024eaf0f6c0d54acd8470b2a14626bc959e28ddf7875,1,directional,f_wrongstatic,rule_clause,add_strict_clause,0,directional_rates,146,332,500,0.4398,0.3527,0,0
c533d2dccf8e1b94c4c8024eaf0f6c0d54acd8470b2a14626bc959e28ddf7875,1,directional,f_wrongstatic,rule_clause,remove_last_clause,0,directional_rates,50,146,500,0.3425,0.2231,0,0
c533d2dccf8e1b94c4c8024eaf0f6c0d54acd8470b2a14626bc959e28ddf7875,1,directional,f_wrongstatic,rule_clause,add_passing_clause,0,directional_rates,75,135,500,0.5556,0.4143,0,0
c533d2dccf8e1b94c4c8024eaf0f6c0d54acd8470b2a14626bc959e28ddf7875,1,directional,f_wrongstatic,case_fact,case_revenue_up,0,directional_rates,108,108,500,1.0,0.9343,1,0
c533d2dccf8e1b94c4c8024eaf0f6c0d54acd8470b2a14626bc959e28ddf7875,1,directional,f_wrongstatic,case_fact,case_revenue_down,0,directional_rates,108,108,500,1.0,0.9343,1,0
c533d2dccf8e1b94c4c8024eaf0f6c0d54acd8470b2a14626bc959e28ddf7875,1,directional,f_wrongstatic,case_fact,case_team_plus,0,directional_rates,61,61,500,1.0,0.8866,0,0
c533d2dccf8e1b94c4c8024eaf0f6c0d54acd8470b2a14626bc959e28ddf7875,1,directional,f_wrongstatic,case_fact,case_team_minus,0,directional_rates,66,66,500,1.0,0.8948,0,0
c533d2dccf8e1b94c4c8024eaf0f6c0d54acd8470b2a14626bc959e28ddf7875,1,directional,f_wrongstatic,case_fact,case_risk_up,0,directional_rates,0,165,500,0.0,0.0,0,0
c533d2dccf8e1b94c4c8024eaf0f6c0d54acd8470b2a14626bc959e28ddf7875,1,directional,f_wrongstatic,case_fact,case_risk_down,0,directional_rates,0,160,500,0.0,0.0,0,0
c533d2dccf8e1b94c4c8024eaf0f6c0d54acd8470b2a14626bc959e28ddf7875,1,directional,f_wrongstochastic,rule_threshold,strengthen_revenue_threshold,0,directional_rates,85,108,500,0.787,0.639,0,0
c533d2dccf8e1b94c4c8024eaf0f6c0d54acd8470b2a14626bc959e28ddf7875,1,directional,f_wrongstochastic,rule_threshold,weaken_revenue_threshold,0,directional_rates,87,108,500,0.8056,0.6602,0,0
c533d2dccf8e1b94c4c8024eaf0f6c0d54acd8470b2a14626bc959e28ddf7875,1,directional,f_wrongstochastic,rule_threshold,strengthen_team_threshold,0,directional_rates,97,128,500,0.7578,0.6197,0,0
c533d2dccf8e1b94c4c8024eaf0f6c0d54acd8470b2a14626bc959e28ddf7875,1,directional,f_wrongstochastic,rule_threshold,weaken_team_threshold,0,directional_rates,50,61,500,0.8197,0.6207,0,0
c533d2dccf8e1b94c4c8024eaf0f6c0d54acd8470b2a14626bc959e28ddf7875,1,directional,f_wrongstochastic,rule_threshold,strengthen_risk_threshold,0,directional_rates,30,99,500,0.303,0.1681,0,0
c533d2dccf8e1b94c4c8024eaf0f6c0d54acd8470b2a14626bc959e28ddf7875,1,directional,f_wrongstochastic,rule_threshold,weaken_risk_threshold,0,directional_rates,20,107,500,0.1869,0.085,0,0
c533d2dccf8e1b94c4c8024eaf0f6c0d54acd8470b2a14626bc959e28ddf7875,1,directional,f_wrongstochastic,rule_clause,add_strict_clause,0,directional_rates,86,332,500,0.259,0.1861,0,0
c533d2dccf8e1b94c4c8024eaf0f6c0d54acd8470b2a14626bc959e28ddf7875,1,directional,f_wrongstochastic,rule_clause,remove_last_clause,0,directional_rates,20,146,500,0.137,0.0614,0,0
c533d2dccf8e1b94c4c8024eaf0f6c0d54acd8470b2a14626bc959e28ddf7875,1,directional,f_wrongstochastic,rule_clause,add_passing_clause,0,directional_rates,11,135,500,0.0815,0.0251,0,0
c533d2dccf8e1b94c4c8024eaf0f6c0d54acd8470b2a14626bc959e28ddf7875,1,directional,f_wrongstochastic,case_fact,case_revenue_up,0,directional_rates,87,108,500,0.8056,0.6602,0,0
c533d2dccf8e1b94c4c8024eaf0f6c0d54acd8470b2a14626bc959e28ddf7875,1,directional,f_wrongstochastic,case_fact,case_revenue_down,0,directional_rates,85,108,500,0.787,0.639,0,0
c533d2dccf8e1b94c4c8024eaf0f6c0d54acd8470b2a14626bc959e28ddf7875,1,directional,f_wrongstochastic,case_fact,case_team_plus,0,directional_rates,50,61,500,0.8197,0.6207,0,0
c533d2dccf8e1b94c4c8024eaf0f6c0d54acd8470b2a14626bc959e28ddf7875,1,directional,f_wrongstochastic,case_fact,case_team_minus,0,directional_rates,52,66,500,0.7879,0.5927,0,0
c533d2dccf8e1b94c4c8024eaf0f6c0d54acd8470b2a14626bc959e28ddf7875,1,directional,f_wrongstochastic,case_fact,case_risk_up,0,directional_rates,61,165,500,0.3697,0.2537,0,0
c533d2dccf8e1b94c4c8024eaf0f6c0d54acd8470b2a14626bc959e28ddf7875,1,directional,f_wrongstochastic,case_fact,case_risk_down,0,directional_rates,31,160,500,0.1938,0.1056,0,0
c533d2dccf8e1b94c4c8024eaf0f6c0d54acd8470b2a14626bc959e28ddf7875,2,invariance,f_track,identity,identity,1,R_eq_omega,500,500,500,1.0,0.9854,1,0
c533d2dccf8e1b94c4c8024eaf0f6c0d54acd8470b2a14626bc959e28ddf7875,2,invariance,f_track,identity,identity,1,R_up_omega,0,500,500,0.0,0.0,0,0
c533d2dccf8e1b94c4c8024eaf0f6c0d54acd8470b2a14626bc959e28ddf7875,2,invariance,f_track,identity,identity,1,R_down_omega,0,500,500,0.0,0.0,0,0
c533d2dccf8e1b94c4c8024eaf0f6c0d54acd8470b2a14626bc959e28ddf7875,2,invariance,f_track,identity,identity,1,R_sign_eq,500,500,500,1.0,0.9854,1,0
c533d2dccf8e1b94c4c8024eaf0f6c0d54acd8470b2a14626bc959e28ddf7875,2,invariance,f_track,order,permute_founders,0,R_eq_omega,396,396,500,1.0,0.9816,1,0
c533d2dccf8e1b94c4c8024eaf0f6c0d54acd8470b2a14626bc959e28ddf7875,2,invariance,f_track,order,permute_founders,0,R_up_omega,0,396,500,0.0,0.0,0,0
c533d2dccf8e1b94c4c8024eaf0f6c0d54acd8470b2a14626bc959e28ddf7875,2,invariance,f_track,order,permute_founders,0,R_down_omega,0,396,500,0.0,0.0,0,0
c533d2dccf8e1b94c4c8024eaf0f6c0d54acd8470b2a14626bc959e28ddf7875,2,invariance,f_track,order,permute_founders,0,R_sign_eq,396,396,500,1.0,0.9816,1,0
c533d2dccf8e1b94c4c8024eaf0f6c0d54acd8470b2a14626bc959e28ddf7875,2,invariance,f_track,order,permute_risks,0,R_eq_omega,314,314,500,1.0,0.9769,1,0
c533d2dccf8e1b94c4c8024eaf0f6c0d54acd8470b2a14626bc959e28ddf7875,2,invariance,f_track,order,permute_risks,0,R_up_omega,0,314,500,0.0,0.0,0,0
c533d2dccf8e1b94c4c8024eaf0f6c0d54acd8470b2a14626bc959e28ddf7875,2,invariance,f_track,order,permute_risks,0,R_down_omega,0,314,500,0.0,0.0,0,0
c533d2dccf8e1b94c4c8024eaf0f6c0d54acd8470b2a14626bc959e28ddf7875,2,invariance,f_track,order,permute_risks,0,R_sign_eq,314,314,500,1.0,0.9769,1,0
c533d2dccf8e1b94c4c8024eaf0f6c0d54acd8470b2a14626bc959e28ddf7875,2,invariance,f_track,optional,replace_description,0,R_eq_omega,500,500,500,1.0,0.9854,1,0
c533d2dccf8e1b94c4c8024eaf0f6c0d54acd8470b2a14626bc959e28ddf7875,2,invariance,f_track,optional,replace_description,0,R_up_omega,0,500,500,0.0,0.0,0,0
c533d2dccf8e1b94c4c8024eaf0f6c0d54acd8470b2a14626bc959e28ddf7875,2,invariance,f_track,optional,replace_description,0,R_down_omega,0,500,500,0.0,0.0,0,0
c533d2dccf8e1b94c4c8024eaf0f6c0d54acd8470b2a14626bc959e28ddf7875,2,invariance,f_track,optional,replace_description,0,R_sign_eq,500,500,500,1.0,0.9854,1,0
c533d2dccf8e1b94c4c8024eaf0f6c0d54acd8470b2a14626bc959e28ddf7875,2,invariance,f_track,optional,blank_description,0,R_eq_omega,500,500,500,1.0,0.9854,1,0
c533d2dccf8e1b94c4c8024eaf0f6c0d54acd8470b2a14626bc959e28ddf7875,2,invariance,f_track,optional,blank_description,0,R_up_omega,0,500,500,0.0,0.0,0,0
c533d2dccf8e1b94c4c8024eaf0f6c0d54acd8470b2a14626bc959e28ddf7875,2,invariance,f_track,optional,blank_description,0,R_down_omega,0,500,500,0.0,0.0,0,0
c533d2dccf8e1b94c4c8024eaf0f6c0d54acd8470b2a14626bc959e28ddf7875,2,invariance,f_track,optional,blank_description,0,R_sign_eq,500,500,500,1.0,0.9854,1,0
c533d2dccf8e1b94c4c8024eaf0f6c0d54acd8470b2a14626bc959e28ddf7875,2,invariance,f_track,non_rule_fact,add_risk_item,0,R_eq_omega,500,500,500,1.0,0.9854,1,0
c533d2dccf8e1b94c4c8024eaf0f6c0d54acd8470b2a14626bc959e28ddf7875,2,invariance,f_track,non_rule_fact,add_risk_item,0,R_up_omega,0,500,500,0.0,0.0,0,0
c533d2dccf8e1b94c4c8024eaf0f6c0d54acd8470b2a14626bc959e28ddf7875,2,invariance,f_track,non_rule_fact,add_risk_item,0,R_down_omega,0,500,500,0.0,0.0,0,0
c533d2dccf8e1b94c4c8024eaf0f6c0d54acd8470b2a14626bc959e28ddf7875,2,invariance,f_track,non_rule_fact,add_risk_item,0,R_sign_eq,500,500,500,1.0,0.9854,1,0
c533d2dccf8e1b94c4c8024eaf0f6c0d54acd8470b2a14626bc959e28ddf7875,2,invariance,f_track,non_rule_fact,drop_risk_item,0,R_eq_omega,417,417,500,1.0,0.9826,1,0
c533d2dccf8e1b94c4c8024eaf0f6c0d54acd8470b2a14626bc959e28ddf7875,2,invariance,f_track,non_rule_fact,drop_risk_item,0,R_up_omega,0,417,500,0.0,0.0,0,0
c533d2dccf8e1b94c4c8024eaf0f6c0d54acd8470b2a14626bc959e28ddf7875,2,invariance,f_track,non_rule_fact,drop_risk_item,0,R_down_omega,0,417,500,0.0,0.0,0,0
c533d2dccf8e1b94c4c8024eaf0f6c0d54acd8470b2a14626bc959e28ddf7875,2,invariance,f_track,non_rule_fact,drop_risk_item,0,R_sign_eq,417,417,500,1.0,0.9826,1,0
c533d2dccf8e1b94c4c8024eaf0f6c0d54acd8470b2a14626bc959e28ddf7875,2,invariance,f_track,non_rule_fact,bump_founder_experience,0,R_eq_omega,500,500,500,1.0,0.9854,1,0
c533d2dccf8e1b94c4c8024eaf0f6c0d54acd8470b2a14626bc959e28ddf7875,2,invariance,f_track,non_rule_fact,bump_founder_experience,0,R_up_omega,0,500,500,0.0,0.0,0,0
c533d2dccf8e1b94c4c8024eaf0f6c0d54acd8470b2a14626bc959e28ddf7875,2,invariance,f_track,non_rule_fact,bump_founder_experience,0,R_down_omega,0,500,500,0.0,0.0,0,0
c533d2dccf8e1b94c4c8024eaf0f6c0d54acd8470b2a14626bc959e28ddf7875,2,invariance,f_track,non_rule_fact,bump_founder_experience,0,R_sign_eq,500,500,500,1.0,0.9854,1,0
c533d2dccf8e1b94c4c8024eaf0f6c0d54acd8470b2a14626bc959e28ddf7875,2,invariance,f_ruleblind,identity,identity,1,R_eq_omega,500,500,500,1.0,0.9854,1,0
c533d2dccf8e1b94c4c8024eaf0f6c0d54acd8470b2a14626bc959e28ddf7875,2,invariance,f_ruleblind,identity,identity,1,R_up_omega,0,500,500,0.0,0.0,0,0
c533d2dccf8e1b94c4c8024eaf0f6c0d54acd8470b2a14626bc959e28ddf7875,2,invariance,f_ruleblind,identity,identity,1,R_down_omega,0,500,500,0.0,0.0,0,0
c533d2dccf8e1b94c4c8024eaf0f6c0d54acd8470b2a14626bc959e28ddf7875,2,invariance,f_ruleblind,identity,identity,1,R_sign_eq,496,500,500,0.992,0.9696,1,0
c533d2dccf8e1b94c4c8024eaf0f6c0d54acd8470b2a14626bc959e28ddf7875,2,invariance,f_ruleblind,order,permute_founders,0,R_eq_omega,396,396,500,1.0,0.9816,1,0
c533d2dccf8e1b94c4c8024eaf0f6c0d54acd8470b2a14626bc959e28ddf7875,2,invariance,f_ruleblind,order,permute_founders,0,R_up_omega,0,396,500,0.0,0.0,0,0
c533d2dccf8e1b94c4c8024eaf0f6c0d54acd8470b2a14626bc959e28ddf7875,2,invariance,f_ruleblind,order,permute_founders,0,R_down_omega,0,396,500,0.0,0.0,0,0
c533d2dccf8e1b94c4c8024eaf0f6c0d54acd8470b2a14626bc959e28ddf7875,2,invariance,f_ruleblind,order,permute_founders,0,R_sign_eq,393,396,500,0.9924,0.9661,1,0
c533d2dccf8e1b94c4c8024eaf0f6c0d54acd8470b2a14626bc959e28ddf7875,2,invariance,f_ruleblind,order,permute_risks,0,R_eq_omega,314,314,500,1.0,0.9769,1,0
c533d2dccf8e1b94c4c8024eaf0f6c0d54acd8470b2a14626bc959e28ddf7875,2,invariance,f_ruleblind,order,permute_risks,0,R_up_omega,0,314,500,0.0,0.0,0,0
c533d2dccf8e1b94c4c8024eaf0f6c0d54acd8470b2a14626bc959e28ddf7875,2,invariance,f_ruleblind,order,permute_risks,0,R_down_omega,0,314,500,0.0,0.0,0,0
c533d2dccf8e1b94c4c8024eaf0f6c0d54acd8470b2a14626bc959e28ddf7875,2,invariance,f_ruleblind,order,permute_risks,0,R_sign_eq,311,314,500,0.9904,0.9574,1,0
c533d2dccf8e1b94c4c8024eaf0f6c0d54acd8470b2a14626bc959e28ddf7875,2,invariance,f_ruleblind,optional,replace_description,0,R_eq_omega,500,500,500,1.0,0.9854,1,0
c533d2dccf8e1b94c4c8024eaf0f6c0d54acd8470b2a14626bc959e28ddf7875,2,invariance,f_ruleblind,optional,replace_description,0,R_up_omega,0,500,500,0.0,0.0,0,0
c533d2dccf8e1b94c4c8024eaf0f6c0d54acd8470b2a14626bc959e28ddf7875,2,invariance,f_ruleblind,optional,replace_description,0,R_down_omega,0,500,500,0.0,0.0,0,0
c533d2dccf8e1b94c4c8024eaf0f6c0d54acd8470b2a14626bc959e28ddf7875,2,invariance,f_ruleblind,optional,replace_description,0,R_sign_eq,496,500,500,0.992,0.9696,1,0
c533d2dccf8e1b94c4c8024eaf0f6c0d54acd8470b2a14626bc959e28ddf7875,2,invariance,f_ruleblind,optional,blank_description,0,R_eq_omega,500,500,500,1.0,0.9854,1,0
c533d2dccf8e1b94c4c8024eaf0f6c0d54acd8470b2a14626bc959e28ddf7875,2,invariance,f_ruleblind,optional,blank_description,0,R_up_omega,0,500,500,0.0,0.0,0,0
c533d2dccf8e1b94c4c8024eaf0f6c0d54acd8470b2a14626bc959e28ddf7875,2,invariance,f_ruleblind,optional,blank_description,0,R_down_omega,0,500,500,0.0,0.0,0,0
c533d2dccf8e1b94c4c8024eaf0f6c0d54acd8470b2a14626bc959e28ddf7875,2,invariance,f_ruleblind,optional,blank_description,0,R_sign_eq,496,500,500,0.992,0.9696,1,0
c533d2dccf8e1b94c4c8024eaf0f6c0d54acd8470b2a14626bc959e28ddf7875,2,invariance,f_ruleblind,non_rule_fact,add_risk_item,0,R_eq_omega,500,500,500,1.0,0.9854,1,0
c533d2dccf8e1b94c4c8024eaf0f6c0d54acd8470b2a14626bc959e28ddf7875,2,invariance,f_ruleblind,non_rule_fact,add_risk_item,0,R_up_omega,0,500,500,0.0,0.0,0,0
c533d2dccf8e1b94c4c8024eaf0f6c0d54acd8470b2a14626bc959e28ddf7875,2,invariance,f_ruleblind,non_rule_fact,add_risk_item,0,R_down_omega,0,500,500,0.0,0.0,0,0
c533d2dccf8e1b94c4c8024eaf0f6c0d54acd8470b2a14626bc959e28ddf7875,2,invariance,f_ruleblind,non_rule_fact,add_risk_item,0,R_sign_eq,496,500,500,0.992,0.9696,1,0
c533d2dccf8e1b94c4c8024eaf0f6c0d54acd8470b2a14626bc959e28ddf7875,2,invariance,f_ruleblind,non_rule_fact,drop_risk_item,0,R_eq_omega,417,417,500,1.0,0.9826,1,0
c533d2dccf8e1b94c4c8024eaf0f6c0d54acd8470b2a14626bc959e28ddf7875,2,invariance,f_ruleblind,non_rule_fact,drop_risk_item,0,R_up_omega,0,417,500,0.0,0.0,0,0
c533d2dccf8e1b94c4c8024eaf0f6c0d54acd8470b2a14626bc959e28ddf7875,2,invariance,f_ruleblind,non_rule_fact,drop_risk_item,0,R_down_omega,0,417,500,0.0,0.0,0,0
c533d2dccf8e1b94c4c8024eaf0f6c0d54acd8470b2a14626bc959e28ddf7875,2,invariance,f_ruleblind,non_rule_fact,drop_risk_item,0,R_sign_eq,413,417,500,0.9904,0.9636,1,0
c533d2dccf8e1b94c4c8024eaf0f6c0d54acd8470b2a14626bc959e28ddf7875,2,invariance,f_ruleblind,non_rule_fact,bump_founder_experience,0,R_eq_omega,500,500,500,1.0,0.9854,1,0
c533d2dccf8e1b94c4c8024eaf0f6c0d54acd8470b2a14626bc959e28ddf7875,2,invariance,f_ruleblind,non_rule_fact,bump_founder_experience,0,R_up_omega,0,500,500,0.0,0.0,0,0
c533d2dccf8e1b94c4c8024eaf0f6c0d54acd8470b2a14626bc959e28ddf7875,2,invariance,f_ruleblind,non_rule_fact,bump_founder_experience,0,R_down_omega,0,500,500,0.0,0.0,0,0
c533d2dccf8e1b94c4c8024eaf0f6c0d54acd8470b2a14626bc959e28ddf7875,2,invariance,f_ruleblind,non_rule_fact,bump_founder_experience,0,R_sign_eq,496,500,500,0.992,0.9696,1,0
c533d2dccf8e1b94c4c8024eaf0f6c0d54acd8470b2a14626bc959e28ddf7875,2,invariance,f_constant,identity,identity,1,R_eq_omega,500,500,500,1.0,0.9854,1,0
c533d2dccf8e1b94c4c8024eaf0f6c0d54acd8470b2a14626bc959e28ddf7875,2,invariance,f_constant,identity,identity,1,R_up_omega,0,500,500,0.0,0.0,0,0
c533d2dccf8e1b94c4c8024eaf0f6c0d54acd8470b2a14626bc959e28ddf7875,2,invariance,f_constant,identity,identity,1,R_down_omega,0,500,500,0.0,0.0,0,0
c533d2dccf8e1b94c4c8024eaf0f6c0d54acd8470b2a14626bc959e28ddf7875,2,invariance,f_constant,identity,identity,1,R_sign_eq,438,500,500,0.876,0.8222,0,0
c533d2dccf8e1b94c4c8024eaf0f6c0d54acd8470b2a14626bc959e28ddf7875,2,invariance,f_constant,order,permute_founders,0,R_eq_omega,396,396,500,1.0,0.9816,1,0
c533d2dccf8e1b94c4c8024eaf0f6c0d54acd8470b2a14626bc959e28ddf7875,2,invariance,f_constant,order,permute_founders,0,R_up_omega,0,396,500,0.0,0.0,0,0
c533d2dccf8e1b94c4c8024eaf0f6c0d54acd8470b2a14626bc959e28ddf7875,2,invariance,f_constant,order,permute_founders,0,R_down_omega,0,396,500,0.0,0.0,0,0
c533d2dccf8e1b94c4c8024eaf0f6c0d54acd8470b2a14626bc959e28ddf7875,2,invariance,f_constant,order,permute_founders,0,R_sign_eq,346,396,500,0.8737,0.812,0,0
c533d2dccf8e1b94c4c8024eaf0f6c0d54acd8470b2a14626bc959e28ddf7875,2,invariance,f_constant,order,permute_risks,0,R_eq_omega,314,314,500,1.0,0.9769,1,0
c533d2dccf8e1b94c4c8024eaf0f6c0d54acd8470b2a14626bc959e28ddf7875,2,invariance,f_constant,order,permute_risks,0,R_up_omega,0,314,500,0.0,0.0,0,0
c533d2dccf8e1b94c4c8024eaf0f6c0d54acd8470b2a14626bc959e28ddf7875,2,invariance,f_constant,order,permute_risks,0,R_down_omega,0,314,500,0.0,0.0,0,0
c533d2dccf8e1b94c4c8024eaf0f6c0d54acd8470b2a14626bc959e28ddf7875,2,invariance,f_constant,order,permute_risks,0,R_sign_eq,271,314,500,0.8631,0.7908,0,0
c533d2dccf8e1b94c4c8024eaf0f6c0d54acd8470b2a14626bc959e28ddf7875,2,invariance,f_constant,optional,replace_description,0,R_eq_omega,500,500,500,1.0,0.9854,1,0
c533d2dccf8e1b94c4c8024eaf0f6c0d54acd8470b2a14626bc959e28ddf7875,2,invariance,f_constant,optional,replace_description,0,R_up_omega,0,500,500,0.0,0.0,0,0
c533d2dccf8e1b94c4c8024eaf0f6c0d54acd8470b2a14626bc959e28ddf7875,2,invariance,f_constant,optional,replace_description,0,R_down_omega,0,500,500,0.0,0.0,0,0
c533d2dccf8e1b94c4c8024eaf0f6c0d54acd8470b2a14626bc959e28ddf7875,2,invariance,f_constant,optional,replace_description,0,R_sign_eq,438,500,500,0.876,0.8222,0,0
c533d2dccf8e1b94c4c8024eaf0f6c0d54acd8470b2a14626bc959e28ddf7875,2,invariance,f_constant,optional,blank_description,0,R_eq_omega,500,500,500,1.0,0.9854,1,0
c533d2dccf8e1b94c4c8024eaf0f6c0d54acd8470b2a14626bc959e28ddf7875,2,invariance,f_constant,optional,blank_description,0,R_up_omega,0,500,500,0.0,0.0,0,0
c533d2dccf8e1b94c4c8024eaf0f6c0d54acd8470b2a14626bc959e28ddf7875,2,invariance,f_constant,optional,blank_description,0,R_down_omega,0,500,500,0.0,0.0,0,0
c533d2dccf8e1b94c4c8024eaf0f6c0d54acd8470b2a14626bc959e28ddf7875,2,invariance,f_constant,optional,blank_description,0,R_sign_eq,438,500,500,0.876,0.8222,0,0
c533d2dccf8e1b94c4c8024eaf0f6c0d54acd8470b2a14626bc959e28ddf7875,2,invariance,f_constant,non_rule_fact,add_risk_item,0,R_eq_omega,500,500,500,1.0,0.9854,1,0
c533d2dccf8e1b94c4c8024eaf0f6c0d54acd8470b2a14626bc959e28ddf7875,2,invariance,f_constant,non_rule_fact,add_risk_item,0,R_up_omega,0,500,500,0.0,0.0,0,0
c533d2dccf8e1b94c4c8024eaf0f6c0d54acd8470b2a14626bc959e28ddf7875,2,invariance,f_constant,non_rule_fact,add_risk_item,0,R_down_omega,0,500,500,0.0,0.0,0,0
c533d2dccf8e1b94c4c8024eaf0f6c0d54acd8470b2a14626bc959e28ddf7875,2,invariance,f_constant,non_rule_fact,add_risk_item,0,R_sign_eq,438,500,500,0.876,0.8222,0,0
c533d2dccf8e1b94c4c8024eaf0f6c0d54acd8470b2a14626bc959e28ddf7875,2,invariance,f_constant,non_rule_fact,drop_risk_item,0,R_eq_omega,417,417,500,1.0,0.9826,1,0
c533d2dccf8e1b94c4c8024eaf0f6c0d54acd8470b2a14626bc959e28ddf7875,2,invariance,f_constant,non_rule_fact,drop_risk_item,0,R_up_omega,0,417,500,0.0,0.0,0,0
c533d2dccf8e1b94c4c8024eaf0f6c0d54acd8470b2a14626bc959e28ddf7875,2,invariance,f_constant,non_rule_fact,drop_risk_item,0,R_down_omega,0,417,500,0.0,0.0,0,0
c533d2dccf8e1b94c4c8024eaf0f6c0d54acd8470b2a14626bc959e28ddf7875,2,invariance,f_constant,non_rule_fact,drop_risk_item,0,R_sign_eq,364,417,500,0.8729,0.8128,0,0
c533d2dccf8e1b94c4c8024eaf0f6c0d54acd8470b2a14626bc959e28ddf7875,2,invariance,f_constant,non_rule_fact,bump_founder_experience,0,R_eq_omega,500,500,500,1.0,0.9854,1,0
c533d2dccf8e1b94c4c8024eaf0f6c0d54acd8470b2a14626bc959e28ddf7875,2,invariance,f_constant,non_rule_fact,bump_founder_experience,0,R_up_omega,0,500,500,0.0,0.0,0,0
c533d2dccf8e1b94c4c8024eaf0f6c0d54acd8470b2a14626bc959e28ddf7875,2,invariance,f_constant,non_rule_fact,bump_founder_experience,0,R_down_omega,0,500,500,0.0,0.0,0,0
c533d2dccf8e1b94c4c8024eaf0f6c0d54acd8470b2a14626bc959e28ddf7875,2,invariance,f_constant,non_rule_fact,bump_founder_experience,0,R_sign_eq,438,500,500,0.876,0.8222,0,0
c533d2dccf8e1b94c4c8024eaf0f6c0d54acd8470b2a14626bc959e28ddf7875,2,invariance,f_wrongstatic,identity,identity,1,R_eq_omega,500,500,500,1.0,0.9854,1,0
c533d2dccf8e1b94c4c8024eaf0f6c0d54acd8470b2a14626bc959e28ddf7875,2,invariance,f_wrongstatic,identity,identity,1,R_up_omega,0,500,500,0.0,0.0,0,0
c533d2dccf8e1b94c4c8024eaf0f6c0d54acd8470b2a14626bc959e28ddf7875,2,invariance,f_wrongstatic,identity,identity,1,R_down_omega,0,500,500,0.0,0.0,0,0
c533d2dccf8e1b94c4c8024eaf0f6c0d54acd8470b2a14626bc959e28ddf7875,2,invariance,f_wrongstatic,identity,identity,1,R_sign_eq,500,500,500,1.0,0.9854,1,0
c533d2dccf8e1b94c4c8024eaf0f6c0d54acd8470b2a14626bc959e28ddf7875,2,invariance,f_wrongstatic,order,permute_founders,0,R_eq_omega,396,396,500,1.0,0.9816,1,0
c533d2dccf8e1b94c4c8024eaf0f6c0d54acd8470b2a14626bc959e28ddf7875,2,invariance,f_wrongstatic,order,permute_founders,0,R_up_omega,0,396,500,0.0,0.0,0,0
c533d2dccf8e1b94c4c8024eaf0f6c0d54acd8470b2a14626bc959e28ddf7875,2,invariance,f_wrongstatic,order,permute_founders,0,R_down_omega,0,396,500,0.0,0.0,0,0
c533d2dccf8e1b94c4c8024eaf0f6c0d54acd8470b2a14626bc959e28ddf7875,2,invariance,f_wrongstatic,order,permute_founders,0,R_sign_eq,396,396,500,1.0,0.9816,1,0
c533d2dccf8e1b94c4c8024eaf0f6c0d54acd8470b2a14626bc959e28ddf7875,2,invariance,f_wrongstatic,order,permute_risks,0,R_eq_omega,314,314,500,1.0,0.9769,1,0
c533d2dccf8e1b94c4c8024eaf0f6c0d54acd8470b2a14626bc959e28ddf7875,2,invariance,f_wrongstatic,order,permute_risks,0,R_up_omega,0,314,500,0.0,0.0,0,0
c533d2dccf8e1b94c4c8024eaf0f6c0d54acd8470b2a14626bc959e28ddf7875,2,invariance,f_wrongstatic,order,permute_risks,0,R_down_omega,0,314,500,0.0,0.0,0,0
c533d2dccf8e1b94c4c8024eaf0f6c0d54acd8470b2a14626bc959e28ddf7875,2,invariance,f_wrongstatic,order,permute_risks,0,R_sign_eq,314,314,500,1.0,0.9769,1,0
c533d2dccf8e1b94c4c8024eaf0f6c0d54acd8470b2a14626bc959e28ddf7875,2,invariance,f_wrongstatic,optional,replace_description,0,R_eq_omega,500,500,500,1.0,0.9854,1,0
c533d2dccf8e1b94c4c8024eaf0f6c0d54acd8470b2a14626bc959e28ddf7875,2,invariance,f_wrongstatic,optional,replace_description,0,R_up_omega,0,500,500,0.0,0.0,0,0
c533d2dccf8e1b94c4c8024eaf0f6c0d54acd8470b2a14626bc959e28ddf7875,2,invariance,f_wrongstatic,optional,replace_description,0,R_down_omega,0,500,500,0.0,0.0,0,0
c533d2dccf8e1b94c4c8024eaf0f6c0d54acd8470b2a14626bc959e28ddf7875,2,invariance,f_wrongstatic,optional,replace_description,0,R_sign_eq,500,500,500,1.0,0.9854,1,0
c533d2dccf8e1b94c4c8024eaf0f6c0d54acd8470b2a14626bc959e28ddf7875,2,invariance,f_wrongstatic,optional,blank_description,0,R_eq_omega,500,500,500,1.0,0.9854,1,0
c533d2dccf8e1b94c4c8024eaf0f6c0d54acd8470b2a14626bc959e28ddf7875,2,invariance,f_wrongstatic,optional,blank_description,0,R_up_omega,0,500,500,0.0,0.0,0,0
c533d2dccf8e1b94c4c8024eaf0f6c0d54acd8470b2a14626bc959e28ddf7875,2,invariance,f_wrongstatic,optional,blank_description,0,R_down_omega,0,500,500,0.0,0.0,0,0
c533d2dccf8e1b94c4c8024eaf0f6c0d54acd8470b2a14626bc959e28ddf7875,2,invariance,f_wrongstatic,optional,blank_description,0,R_sign_eq,500,500,500,1.0,0.9854,1,0
c533d2dccf8e1b94c4c8024eaf0f6c0d54acd8470b2a14626bc959e28ddf7875,2,invariance,f_wrongstatic,non_rule_fact,add_risk_item,0,R_eq_omega,500,500,500,1.0,0.9854,1,0
c533d2dccf8e1b94c4c8024eaf0f6c0d54acd8470b2a14626bc959e28ddf7875,2,invariance,f_wrongstatic,non_rule_fact,add_risk_item,0,R_up_omega,0,500,500,0.0,0.0,0,0
c533d2dccf8e1b94c4c8024eaf0f6c0d54acd8470b2a14626bc959e28ddf7875,2,invariance,f_wrongstatic,non_rule_fact,add_risk_item,0,R_down_omega,0,500,500,0.0,0.0,0,0
c533d2dccf8e1b94c4c8024eaf0f6c0d54acd8470b2a14626bc959e28ddf7875,2,invariance,f_wrongstatic,non_rule_fact,add_risk_item,0,R_sign_eq,500,500,500,1.0,0.9854,1,0
c533d2dccf8e1b94c4c8024eaf0f6c0d54acd8470b2a14626bc959e28ddf7875,2,invariance,f_wrongstatic,non_rule_fact,drop_risk_item,0,R_eq_omega,417,417,500,1.0,0.9826,1,0
c533d2dccf8e1b94c4c8024eaf0f6c0d54acd8470b2a14626bc959e28ddf7875,2,invariance,f_wrongstatic,non_rule_fact,drop_risk_item,0,R_up_omega,0,417,500,0.0,0.0,0,0
c533d2dccf8e1b94c4c8024eaf0f6c0d54acd8470b2a14626bc959e28ddf7875,2,invariance,f_wrongstatic,non_rule_fact,drop_risk_item,0,R_down_omega,0,417,500,0.0,0.0,0,0
c533d2dccf8e1b94c4c8024eaf0f6c0d54acd8470b2a14626bc959e28ddf7875,2,invariance,f_wrongstatic,non_rule_fact,drop_risk_item,0,R_sign_eq,417,417,500,1.0,0.9826,1,0
c533d2dccf8e1b94c4c8024eaf0f6c0d54acd8470b2a14626bc959e28ddf7875,2,invariance,f_wrongstatic,non_rule_fact,bump_founder_experience,0,R_eq_omega,500,500,500,1.0,0.9854,1,0
c533d2dccf8e1b94c4c8024eaf0f6c0d54acd8470b2a14626bc959e28ddf7875,2,invariance,f_wrongstatic,non_rule_fact,bump_founder_experience,0,R_up_omega,0,500,500,0.0,0.0,0,0
c533d2dccf8e1b94c4c8024eaf0f6c0d54acd8470b2a14626bc959e28ddf7875,2,invariance,f_wrongstatic,non_rule_fact,bump_founder_experience,0,R_down_omega,0,500,500,0.0,0.0,0,0
c533d2dccf8e1b94c4c8024eaf0f6c0d54acd8470b2a14626bc959e28ddf7875,2,invariance,f_wrongstatic,non_rule_fact,bump_founder_experience,0,R_sign_eq,500,500,500,1.0,0.9854,1,0
c533d2dccf8e1b94c4c8024eaf0f6c0d54acd8470b2a14626bc959e28ddf7875,2,invariance,f_wrongstochastic,identity,identity,1,R_eq_omega,500,500,500,1.0,0.9854,1,0
c533d2dccf8e1b94c4c8024eaf0f6c0d54acd8470b2a14626bc959e28ddf7875,2,invariance,f_wrongstochastic,identity,identity,1,R_up_omega,0,500,500,0.0,0.0,0,0
c533d2dccf8e1b94c4c8024eaf0f6c0d54acd8470b2a14626bc959e28ddf7875,2,invariance,f_wrongstochastic,identity,identity,1,R_down_omega,0,500,500,0.0,0.0,0,0
c533d2dccf8e1b94c4c8024eaf0f6c0d54acd8470b2a14626bc959e28ddf7875,2,invariance,f_wrongstochastic,identity,identity,1,R_sign_eq,454,500,500,0.908,0.8594,0,0
c533d2dccf8e1b94c4c8024eaf0f6c0d54acd8470b2a14626bc959e28ddf7875,2,invariance,f_wrongstochastic,order,permute_founders,0,R_eq_omega,396,396,500,1.0,0.9816,1,0
c533d2dccf8e1b94c4c8024eaf0f6c0d54acd8470b2a14626bc959e28ddf7875,2,invariance,f_wrongstochastic,order,permute_founders,0,R_up_omega,0,396,500,0.0,0.0,0,0
c533d2dccf8e1b94c4c8024eaf0f6c0d54acd8470b2a14626bc959e28ddf7875,2,invariance,f_wrongstochastic,order,permute_founders,0,R_down_omega,0,396,500,0.0,0.0,0,0
c533d2dccf8e1b94c4c8024eaf0f6c0d54acd8470b2a14626bc959e28ddf7875,2,invariance,f_wrongstochastic,order,permute_founders,0,R_sign_eq,355,396,500,0.8965,0.8386,0,0
c533d2dccf8e1b94c4c8024eaf0f6c0d54acd8470b2a14626bc959e28ddf7875,2,invariance,f_wrongstochastic,order,permute_risks,0,R_eq_omega,314,314,500,1.0,0.9769,1,0
c533d2dccf8e1b94c4c8024eaf0f6c0d54acd8470b2a14626bc959e28ddf7875,2,invariance,f_wrongstochastic,order,permute_risks,0,R_up_omega,0,314,500,0.0,0.0,0,0
c533d2dccf8e1b94c4c8024eaf0f6c0d54acd8470b2a14626bc959e28ddf7875,2,invariance,f_wrongstochastic,order,permute_risks,0,R_down_omega,0,314,500,0.0,0.0,0,0
c533d2dccf8e1b94c4c8024eaf0f6c0d54acd8470b2a14626bc959e28ddf7875,2,invariance,f_wrongstochastic,order,permute_risks,0,R_sign_eq,287,314,500,0.914,0.8517,0,0
c533d2dccf8e1b94c4c8024eaf0f6c0d54acd8470b2a14626bc959e28ddf7875,2,invariance,f_wrongstochastic,optional,replace_description,0,R_eq_omega,500,500,500,1.0,0.9854,1,0
c533d2dccf8e1b94c4c8024eaf0f6c0d54acd8470b2a14626bc959e28ddf7875,2,invariance,f_wrongstochastic,optional,replace_description,0,R_up_omega,0,500,500,0.0,0.0,0,0
c533d2dccf8e1b94c4c8024eaf0f6c0d54acd8470b2a14626bc959e28ddf7875,2,invariance,f_wrongstochastic,optional,replace_description,0,R_down_omega,0,500,500,0.0,0.0,0,0
c533d2dccf8e1b94c4c8024eaf0f6c0d54acd8470b2a14626bc959e28ddf7875,2,invariance,f_wrongstochastic,optional,replace_description,0,R_sign_eq,454,500,500,0.908,0.8594,0,0
c533d2dccf8e1b94c4c8024eaf0f6c0d54acd8470b2a14626bc959e28ddf7875,2,invariance,f_wrongstochastic,optional,blank_description,0,R_eq_omega,500,500,500,1.0,0.9854,1,0
c533d2dccf8e1b94c4c8024eaf0f6c0d54acd8470b2a14626bc959e28ddf7875,2,invariance,f_wrongstochastic,optional,blank_description,0,R_up_omega,0,500,500,0.0,0.0,0,0
c533d2dccf8e1b94c4c8024eaf0f6c0d54acd8470b2a14626bc959e28ddf7875,2,invariance,f_wrongstochastic,optional,blank_description,0,R_down_omega,0,500,500,0.0,0.0,0,0
c533d2dccf8e1b94c4c8024eaf0f6c0d54acd8470b2a14626bc959e28ddf7875,2,invariance,f_wrongstochastic,optional,blank_description,0,R_sign_eq,454,500,500,0.908,0.8594,0,0
c533d2dccf8e1b94c4c8024eaf0f6c0d54acd8470b2a14626bc959e28ddf7875,2,invariance,f_wrongstochastic,non_rule_fact,add_risk_item,0,R_eq_omega,500,500,500,1.0,0.9854,1,0
c533d2dccf8e1b94c4c8024eaf0f6c0d54acd8470b2a14626bc959e28ddf7875,2,invariance,f_wrongstochastic,non_rule_fact,add_risk_item,0,R_up_omega,0,500,500,0.0,0.0,0,0
c533d2dccf8e1b94c4c8024eaf0f6c0d54acd8470b2a14626bc959e28ddf7875,2,invariance,f_wrongstochastic,non_rule_fact,add_risk_item,0,R_down_omega,0,500,500,0.0,0.0,0,0
c533d2dccf8e1b94c4c8024eaf0f6c0d54acd8470b2a14626bc959e28ddf7875,2,invariance,f_wrongstochastic,non_rule_fact,add_risk_item,0,R_sign_eq,454,500,500,0.908,0.8594,0,0
c533d2dccf8e1b94c4c8024eaf0f6c0d54acd8470b2a14626bc959e28ddf7875,2,invariance,f_wrongstochastic,non_rule_fact,drop_risk_item,0,R_eq_omega,417,417,500,1.0,0.9826,1,0
c533d2dccf8e1b94c4c8024eaf0f6c0d54acd8470b2a14626bc959e28ddf7875,2,invariance,f_wrongstochastic,non_rule_fact,drop_risk_item,0,R_up_omega,0,417,500,0.0,0.0,0,0
c533d2dccf8e1b94c4c8024eaf0f6c0d54acd8470b2a14626bc959e28ddf7875,2,invariance,f_wrongstochastic,non_rule_fact,drop_risk_item,0,R_down_omega,0,417,500,0.0,0.0,0,0
c533d2dccf8e1b94c4c8024eaf0f6c0d54acd8470b2a14626bc959e28ddf7875,2,invariance,f_wrongstochastic,non_rule_fact,drop_risk_item,0,R_sign_eq,379,417,500,0.9089,0.8551,0,0
c533d2dccf8e1b94c4c8024eaf0f6c0d54acd8470b2a14626bc959e28ddf7875,2,invariance,f_wrongstochastic,non_rule_fact,bump_founder_experience,0,R_eq_omega,500,500,500,1.0,0.9854,1,0
c533d2dccf8e1b94c4c8024eaf0f6c0d54acd8470b2a14626bc959e28ddf7875,2,invariance,f_wrongstochastic,non_rule_fact,bump_founder_experience,0,R_up_omega,0,500,500,0.0,0.0,0,0
c533d2dccf8e1b94c4c8024eaf0f6c0d54acd8470b2a14626bc959e28ddf7875,2,invariance,f_wrongstochastic,non_rule_fact,bump_founder_experience,0,R_down_omega,0,500,500,0.0,0.0,0,0
c533d2dccf8e1b94c4c8024eaf0f6c0d54acd8470b2a14626bc959e28ddf7875,2,invariance,f_wrongstochastic,non_rule_fact,bump_founder_experience,0,R_sign_eq,454,500,500,0.908,0.8594,0,0
c533d2dccf8e1b94c4c8024eaf0f6c0d54acd8470b2a14626bc959e28ddf7875,2,directional,f_track,rule_threshold,strengthen_revenue_threshold,0,directional_rates,116,116,500,1.0,0.9387,1,0
c533d2dccf8e1b94c4c8024eaf0f6c0d54acd8470b2a14626bc959e28ddf7875,2,directional,f_track,rule_threshold,weaken_revenue_threshold,0,directional_rates,118,118,500,1.0,0.9397,1,0
c533d2dccf8e1b94c4c8024eaf0f6c0d54acd8470b2a14626bc959e28ddf7875,2,directional,f_track,rule_threshold,strengthen_team_threshold,0,directional_rates,127,127,500,1.0,0.9438,1,0
c533d2dccf8e1b94c4c8024eaf0f6c0d54acd8470b2a14626bc959e28ddf7875,2,directional,f_track,rule_threshold,weaken_team_threshold,0,directional_rates,70,70,500,1.0,0.9005,1,0
c533d2dccf8e1b94c4c8024eaf0f6c0d54acd8470b2a14626bc959e28ddf7875,2,directional,f_track,rule_threshold,strengthen_risk_threshold,0,directional_rates,102,102,500,1.0,0.9306,1,0
c533d2dccf8e1b94c4c8024eaf0f6c0d54acd8470b2a14626bc959e28ddf7875,2,directional,f_track,rule_threshold,weaken_risk_threshold,0,directional_rates,98,98,500,1.0,0.9278,1,0
c533d2dccf8e1b94c4c8024eaf0f6c0d54acd8470b2a14626bc959e28ddf7875,2,directional,f_track,rule_clause,add_strict_clause,0,directional_rates,251,323,500,0.7771,0.6953,0,0
c533d2dccf8e1b94c4c8024eaf0f6c0d54acd8470b2a14626bc959e28ddf7875,2,directional,f_track,rule_clause,remove_last_clause,0,directional_rates,130,130,500,1.0,0.9451,1,0
c533d2dccf8e1b94c4c8024eaf0f6c0d54acd8470b2a14626bc959e28ddf7875,2,directional,f_track,rule_clause,add_passing_clause,0,directional_rates,42,147,500,0.2857,0.1754,0,0
c533d2dccf8e1b94c4c8024eaf0f6c0d54acd8470b2a14626bc959e28ddf7875,2,directional,f_track,case_fact,case_revenue_up,0,directional_rates,118,118,500,1.0,0.9397,1,0
c533d2dccf8e1b94c4c8024eaf0f6c0d54acd8470b2a14626bc959e28ddf7875,2,directional,f_track,case_fact,case_revenue_down,0,directional_rates,116,116,500,1.0,0.9387,1,0
c533d2dccf8e1b94c4c8024eaf0f6c0d54acd8470b2a14626bc959e28ddf7875,2,directional,f_track,case_fact,case_team_plus,0,directional_rates,70,70,500,1.0,0.9005,1,0
c533d2dccf8e1b94c4c8024eaf0f6c0d54acd8470b2a14626bc959e28ddf7875,2,directional,f_track,case_fact,case_team_minus,0,directional_rates,66,66,500,1.0,0.8948,0,0
c533d2dccf8e1b94c4c8024eaf0f6c0d54acd8470b2a14626bc959e28ddf7875,2,directional,f_track,case_fact,case_risk_up,0,directional_rates,172,172,500,1.0,0.9582,1,0
c533d2dccf8e1b94c4c8024eaf0f6c0d54acd8470b2a14626bc959e28ddf7875,2,directional,f_track,case_fact,case_risk_down,0,directional_rates,153,153,500,1.0,0.9532,1,0
c533d2dccf8e1b94c4c8024eaf0f6c0d54acd8470b2a14626bc959e28ddf7875,2,directional,f_ruleblind,rule_threshold,strengthen_revenue_threshold,0,directional_rates,0,116,500,0.0,0.0,0,0
c533d2dccf8e1b94c4c8024eaf0f6c0d54acd8470b2a14626bc959e28ddf7875,2,directional,f_ruleblind,rule_threshold,weaken_revenue_threshold,0,directional_rates,0,118,500,0.0,0.0,0,0
c533d2dccf8e1b94c4c8024eaf0f6c0d54acd8470b2a14626bc959e28ddf7875,2,directional,f_ruleblind,rule_threshold,strengthen_team_threshold,0,directional_rates,0,127,500,0.0,0.0,0,0
c533d2dccf8e1b94c4c8024eaf0f6c0d54acd8470b2a14626bc959e28ddf7875,2,directional,f_ruleblind,rule_threshold,weaken_team_threshold,0,directional_rates,0,70,500,0.0,0.0,0,0
c533d2dccf8e1b94c4c8024eaf0f6c0d54acd8470b2a14626bc959e28ddf7875,2,directional,f_ruleblind,rule_threshold,strengthen_risk_threshold,0,directional_rates,0,102,500,0.0,0.0,0,0
c533d2dccf8e1b94c4c8024eaf0f6c0d54acd8470b2a14626bc959e28ddf7875,2,directional,f_ruleblind,rule_threshold,weaken_risk_threshold,0,directional_rates,0,98,500,0.0,0.0,0,0
c533d2dccf8e1b94c4c8024eaf0f6c0d54acd8470b2a14626bc959e28ddf7875,2,directional,f_ruleblind,rule_clause,add_strict_clause,0,directional_rates,0,323,500,0.0,0.0,0,0
c533d2dccf8e1b94c4c8024eaf0f6c0d54acd8470b2a14626bc959e28ddf7875,2,directional,f_ruleblind,rule_clause,remove_last_clause,0,directional_rates,0,130,500,0.0,0.0,0,0
c533d2dccf8e1b94c4c8024eaf0f6c0d54acd8470b2a14626bc959e28ddf7875,2,directional,f_ruleblind,rule_clause,add_passing_clause,0,directional_rates,0,147,500,0.0,0.0,0,0
c533d2dccf8e1b94c4c8024eaf0f6c0d54acd8470b2a14626bc959e28ddf7875,2,directional,f_ruleblind,case_fact,case_revenue_up,0,directional_rates,118,118,500,1.0,0.9397,1,0
c533d2dccf8e1b94c4c8024eaf0f6c0d54acd8470b2a14626bc959e28ddf7875,2,directional,f_ruleblind,case_fact,case_revenue_down,0,directional_rates,116,116,500,1.0,0.9387,1,0
c533d2dccf8e1b94c4c8024eaf0f6c0d54acd8470b2a14626bc959e28ddf7875,2,directional,f_ruleblind,case_fact,case_team_plus,0,directional_rates,0,70,500,0.0,0.0,0,0
c533d2dccf8e1b94c4c8024eaf0f6c0d54acd8470b2a14626bc959e28ddf7875,2,directional,f_ruleblind,case_fact,case_team_minus,0,directional_rates,2,66,500,0.0303,0.0006,0,0
c533d2dccf8e1b94c4c8024eaf0f6c0d54acd8470b2a14626bc959e28ddf7875,2,directional,f_ruleblind,case_fact,case_risk_up,0,directional_rates,0,172,500,0.0,0.0,0,0
c533d2dccf8e1b94c4c8024eaf0f6c0d54acd8470b2a14626bc959e28ddf7875,2,directional,f_ruleblind,case_fact,case_risk_down,0,directional_rates,0,153,500,0.0,0.0,0,0
c533d2dccf8e1b94c4c8024eaf0f6c0d54acd8470b2a14626bc959e28ddf7875,2,directional,f_constant,rule_threshold,strengthen_revenue_threshold,0,directional_rates,0,116,500,0.0,0.0,0,0
c533d2dccf8e1b94c4c8024eaf0f6c0d54acd8470b2a14626bc959e28ddf7875,2,directional,f_constant,rule_threshold,weaken_revenue_threshold,0,directional_rates,0,118,500,0.0,0.0,0,0
c533d2dccf8e1b94c4c8024eaf0f6c0d54acd8470b2a14626bc959e28ddf7875,2,directional,f_constant,rule_threshold,strengthen_team_threshold,0,directional_rates,0,127,500,0.0,0.0,0,0
c533d2dccf8e1b94c4c8024eaf0f6c0d54acd8470b2a14626bc959e28ddf7875,2,directional,f_constant,rule_threshold,weaken_team_threshold,0,directional_rates,0,70,500,0.0,0.0,0,0
c533d2dccf8e1b94c4c8024eaf0f6c0d54acd8470b2a14626bc959e28ddf7875,2,directional,f_constant,rule_threshold,strengthen_risk_threshold,0,directional_rates,0,102,500,0.0,0.0,0,0
c533d2dccf8e1b94c4c8024eaf0f6c0d54acd8470b2a14626bc959e28ddf7875,2,directional,f_constant,rule_threshold,weaken_risk_threshold,0,directional_rates,0,98,500,0.0,0.0,0,0
c533d2dccf8e1b94c4c8024eaf0f6c0d54acd8470b2a14626bc959e28ddf7875,2,directional,f_constant,rule_clause,add_strict_clause,0,directional_rates,0,323,500,0.0,0.0,0,0
c533d2dccf8e1b94c4c8024eaf0f6c0d54acd8470b2a14626bc959e28ddf7875,2,directional,f_constant,rule_clause,remove_last_clause,0,directional_rates,0,130,500,0.0,0.0,0,0
c533d2dccf8e1b94c4c8024eaf0f6c0d54acd8470b2a14626bc959e28ddf7875,2,directional,f_constant,rule_clause,add_passing_clause,0,directional_rates,0,147,500,0.0,0.0,0,0
c533d2dccf8e1b94c4c8024eaf0f6c0d54acd8470b2a14626bc959e28ddf7875,2,directional,f_constant,case_fact,case_revenue_up,0,directional_rates,0,118,500,0.0,0.0,0,0
c533d2dccf8e1b94c4c8024eaf0f6c0d54acd8470b2a14626bc959e28ddf7875,2,directional,f_constant,case_fact,case_revenue_down,0,directional_rates,0,116,500,0.0,0.0,0,0
c533d2dccf8e1b94c4c8024eaf0f6c0d54acd8470b2a14626bc959e28ddf7875,2,directional,f_constant,case_fact,case_team_plus,0,directional_rates,0,70,500,0.0,0.0,0,0
c533d2dccf8e1b94c4c8024eaf0f6c0d54acd8470b2a14626bc959e28ddf7875,2,directional,f_constant,case_fact,case_team_minus,0,directional_rates,0,66,500,0.0,0.0,0,0
c533d2dccf8e1b94c4c8024eaf0f6c0d54acd8470b2a14626bc959e28ddf7875,2,directional,f_constant,case_fact,case_risk_up,0,directional_rates,0,172,500,0.0,0.0,0,0
c533d2dccf8e1b94c4c8024eaf0f6c0d54acd8470b2a14626bc959e28ddf7875,2,directional,f_constant,case_fact,case_risk_down,0,directional_rates,0,153,500,0.0,0.0,0,0
c533d2dccf8e1b94c4c8024eaf0f6c0d54acd8470b2a14626bc959e28ddf7875,2,directional,f_wrongstatic,rule_threshold,strengthen_revenue_threshold,0,directional_rates,116,116,500,1.0,0.9387,1,0
c533d2dccf8e1b94c4c8024eaf0f6c0d54acd8470b2a14626bc959e28ddf7875,2,directional,f_wrongstatic,rule_threshold,weaken_revenue_threshold,0,directional_rates,118,118,500,1.0,0.9397,1,0
c533d2dccf8e1b94c4c8024eaf0f6c0d54acd8470b2a14626bc959e28ddf7875,2,directional,f_wrongstatic,rule_threshold,strengthen_team_threshold,0,directional_rates,127,127,500,1.0,0.9438,1,0
c533d2dccf8e1b94c4c8024eaf0f6c0d54acd8470b2a14626bc959e28ddf7875,2,directional,f_wrongstatic,rule_threshold,weaken_team_threshold,0,directional_rates,70,70,500,1.0,0.9005,1,0
c533d2dccf8e1b94c4c8024eaf0f6c0d54acd8470b2a14626bc959e28ddf7875,2,directional,f_wrongstatic,rule_threshold,strengthen_risk_threshold,0,directional_rates,0,102,500,0.0,0.0,0,0
c533d2dccf8e1b94c4c8024eaf0f6c0d54acd8470b2a14626bc959e28ddf7875,2,directional,f_wrongstatic,rule_threshold,weaken_risk_threshold,0,directional_rates,0,98,500,0.0,0.0,0,0
c533d2dccf8e1b94c4c8024eaf0f6c0d54acd8470b2a14626bc959e28ddf7875,2,directional,f_wrongstatic,rule_clause,add_strict_clause,0,directional_rates,130,323,500,0.4025,0.3162,0,0
c533d2dccf8e1b94c4c8024eaf0f6c0d54acd8470b2a14626bc959e28ddf7875,2,directional,f_wrongstatic,rule_clause,remove_last_clause,0,directional_rates,44,130,500,0.3385,0.2131,0,0
c533d2dccf8e1b94c4c8024eaf0f6c0d54acd8470b2a14626bc959e28ddf7875,2,directional,f_wrongstatic,rule_clause,add_passing_clause,0,directional_rates,91,147,500,0.619,0.4834,0,0
c533d2dccf8e1b94c4c8024eaf0f6c0d54acd8470b2a14626bc959e28ddf7875,2,directional,f_wrongstatic,case_fact,case_revenue_up,0,directional_rates,118,118,500,1.0,0.9397,1,0
c533d2dccf8e1b94c4c8024eaf0f6c0d54acd8470b2a14626bc959e28ddf7875,2,directional,f_wrongstatic,case_fact,case_revenue_down,0,directional_rates,116,116,500,1.0,0.9387,1,0
c533d2dccf8e1b94c4c8024eaf0f6c0d54acd8470b2a14626bc959e28ddf7875,2,directional,f_wrongstatic,case_fact,case_team_plus,0,directional_rates,70,70,500,1.0,0.9005,1,0
c533d2dccf8e1b94c4c8024eaf0f6c0d54acd8470b2a14626bc959e28ddf7875,2,directional,f_wrongstatic,case_fact,case_team_minus,0,directional_rates,66,66,500,1.0,0.8948,0,0
c533d2dccf8e1b94c4c8024eaf0f6c0d54acd8470b2a14626bc959e28ddf7875,2,directional,f_wrongstatic,case_fact,case_risk_up,0,directional_rates,0,172,500,0.0,0.0,0,0
c533d2dccf8e1b94c4c8024eaf0f6c0d54acd8470b2a14626bc959e28ddf7875,2,directional,f_wrongstatic,case_fact,case_risk_down,0,directional_rates,0,153,500,0.0,0.0,0,0
c533d2dccf8e1b94c4c8024eaf0f6c0d54acd8470b2a14626bc959e28ddf7875,2,directional,f_wrongstochastic,rule_threshold,strengthen_revenue_threshold,0,directional_rates,92,116,500,0.7931,0.6517,0,0
c533d2dccf8e1b94c4c8024eaf0f6c0d54acd8470b2a14626bc959e28ddf7875,2,directional,f_wrongstochastic,rule_threshold,weaken_revenue_threshold,0,directional_rates,95,118,500,0.8051,0.6668,0,0
c533d2dccf8e1b94c4c8024eaf0f6c0d54acd8470b2a14626bc959e28ddf7875,2,directional,f_wrongstochastic,rule_threshold,strengthen_team_threshold,0,directional_rates,102,127,500,0.8031,0.6702,0,0
c533d2dccf8e1b94c4c8024eaf0f6c0d54acd8470b2a14626bc959e28ddf7875,2,directional,f_wrongstochastic,rule_threshold,weaken_team_threshold,0,directional_rates,58,70,500,0.8286,0.6466,0,0
c533d2dccf8e1b94c4c8024eaf0f6c0d54acd8470b2a14626bc959e28ddf7875,2,directional,f_wrongstochastic,rule_threshold,strengthen_risk_threshold,0,directional_rates,34,102,500,0.3333,0.1944,0,0
c533d2dccf8e1b94c4c8024eaf0f6c0d54acd8470b2a14626bc959e28ddf7875,2,directional,f_wrongstochastic,rule_threshold,weaken_risk_threshold,0,directional_rates,24,98,500,0.2449,0.1228,0,0
c533d2dccf8e1b94c4c8024eaf0f6c0d54acd8470b2a14626bc959e28ddf7875,2,directional,f_wrongstochastic,rule_clause,add_strict_clause,0,directional_rates,77,323,500,0.2384,0.1671,0,0
c533d2dccf8e1b94c4c8024eaf0f6c0d54acd8470b2a14626bc959e28ddf7875,2,directional,f_wrongstochastic,rule_clause,remove_last_clause,0,directional_rates,17,130,500,0.1308,0.0539,0,0
c533d2dccf8e1b94c4c8024eaf0f6c0d54acd8470b2a14626bc959e28ddf7875,2,directional,f_wrongstochastic,rule_clause,add_passing_clause,0,directional_rates,12,147,500,0.0816,0.0268,0,0
c533d2dccf8e1b94c4c8024eaf0f6c0d54acd8470b2a14626bc959e28ddf7875,2,directional,f_wrongstochastic,case_fact,case_revenue_up,0,directional_rates,95,118,500,0.8051,0.6668,0,0
c533d2dccf8e1b94c4c8024eaf0f6c0d54acd8470b2a14626bc959e28ddf7875,2,directional,f_wrongstochastic,case_fact,case_revenue_down,0,directional_rates,92,116,500,0.7931,0.6517,0,0
c533d2dccf8e1b94c4c8024eaf0f6c0d54acd8470b2a14626bc959e28ddf7875,2,directional,f_wrongstochastic,case_fact,case_team_plus,0,directional_rates,58,70,500,0.8286,0.6466,0,0
c533d2dccf8e1b94c4c8024eaf0f6c0d54acd8470b2a14626bc959e28ddf7875,2,directional,f_wrongstochastic,case_fact,case_team_minus,0,directional_rates,53,66,500,0.803,0.6101,0,0
c533d2dccf8e1b94c4c8024eaf0f6c0d54acd8470b2a14626bc959e28ddf7875,2,directional,f_wrongstochastic,case_fact,case_risk_up,0,directional_rates,60,172,500,0.3488,0.2374,0,0
c533d2dccf8e1b94c4c8024eaf0f6c0d54acd8470b2a14626bc959e28ddf7875,2,directional,f_wrongstochastic,case_fact,case_risk_down,0,directional_rates,40,153,500,0.2614,0.1573,0,0
